{"type":"FeatureCollection","name":"floodRISE Chennai OSM facility baseline","source":"OpenStreetMap via Overpass API","source_url":"https://www.openstreetmap.org","source_snapshot_at":"2026-10-06T07:37:51Z","attribution":"© OpenStreetMap contributors","licence":"Open Data Commons Open Database License (ODbL) 1.0","notice":"Mapped locations only. Not an activated shelter list, and not a statement that a facility is open, reachable, or has capacity.","bbox":[80.17,12.9,80.29,13.05],"features":[{"type":"Feature","id":"osm-node-248420920","geometry":{"type":"Point","coordinates":[80.205216,13.038649]},"properties":{"id":"osm-node-248420920","kind":"HOSPITAL","name":"Kalaignar Karunanidhi Nagar","name_en":"KK Nagar","name_ta":"கலைஞர் கருணாநிதி நகர்","name_hi":null,"emergency":null,"osm_type":"node","osm_id":"248420920","source":"OpenStreetMap","source_url":"https://www.openstreetmap.org/node/248420920","is_simulated":false}},{"type":"Feature","id":"osm-node-250363729","geometry":{"type":"Point","coordinates":[80.22946,13.034957]},"properties":{"id":"osm-node-250363729","kind":"POLICE","name":"Mambalam Police Station","name_en":null,"name_ta":null,"name_hi":null,"emergency":null,"osm_type":"node","osm_id":"250363729","source":"OpenStreetMap","source_url":"https://www.openstreetmap.org/node/250363729","is_simulated":false}},{"type":"Feature","id":"osm-node-300467984","geometry":{"type":"Point","coordinates":[80.202946,12.985315]},"properties":{"id":"osm-node-300467984","kind":"SCHOOL","name":"New Prince Higher Secondary","name_en":null,"name_ta":null,"name_hi":null,"emergency":null,"osm_type":"node","osm_id":"300467984","source":"OpenStreetMap","source_url":"https://www.openstreetmap.org/node/300467984","is_simulated":false}},{"type":"Feature","id":"osm-node-300468062","geometry":{"type":"Point","coordinates":[80.206505,12.986837]},"properties":{"id":"osm-node-300468062","kind":"SCHOOL","name":"St. Marks School","name_en":null,"name_ta":null,"name_hi":null,"emergency":null,"osm_type":"node","osm_id":"300468062","source":"OpenStreetMap","source_url":"https://www.openstreetmap.org/node/300468062","is_simulated":false}},{"type":"Feature","id":"osm-node-300468066","geometry":{"type":"Point","coordinates":[80.201968,12.989396]},"properties":{"id":"osm-node-300468066","kind":"POLICE","name":"S-8 Adambakkam Police Station","name_en":null,"name_ta":null,"name_hi":null,"emergency":null,"osm_type":"node","osm_id":"300468066","source":"OpenStreetMap","source_url":"https://www.openstreetmap.org/node/300468066","is_simulated":false}},{"type":"Feature","id":"osm-node-301949978","geometry":{"type":"Point","coordinates":[80.249488,13.048651]},"properties":{"id":"osm-node-301949978","kind":"POLICE","name":"Teynampet E3 PS","name_en":null,"name_ta":null,"name_hi":null,"emergency":null,"osm_type":"node","osm_id":"301949978","source":"OpenStreetMap","source_url":"https://www.openstreetmap.org/node/301949978","is_simulated":false}},{"type":"Feature","id":"osm-node-302899362","geometry":{"type":"Point","coordinates":[80.249119,13.047447]},"properties":{"id":"osm-node-302899362","kind":"FIRE_STATION","name":"Teynampet FS","name_en":null,"name_ta":null,"name_hi":null,"emergency":null,"osm_type":"node","osm_id":"302899362","source":"OpenStreetMap","source_url":"https://www.openstreetmap.org/node/302899362","is_simulated":false}},{"type":"Feature","id":"osm-node-303590777","geometry":{"type":"Point","coordinates":[80.257247,13.033662]},"properties":{"id":"osm-node-303590777","kind":"HOSPITAL","name":"Corporation Hospital","name_en":null,"name_ta":null,"name_hi":null,"emergency":null,"osm_type":"node","osm_id":"303590777","source":"OpenStreetMap","source_url":"https://www.openstreetmap.org/node/303590777","is_simulated":false}},{"type":"Feature","id":"osm-node-308811614","geometry":{"type":"Point","coordinates":[80.184647,12.978768]},"properties":{"id":"osm-node-308811614","kind":"HOSPITAL","name":"Hindu Mission Health Services, Kanchipuram","name_en":null,"name_ta":null,"name_hi":null,"emergency":null,"osm_type":"node","osm_id":"308811614","source":"OpenStreetMap","source_url":"https://www.openstreetmap.org/node/308811614","is_simulated":false}},{"type":"Feature","id":"osm-node-310015097","geometry":{"type":"Point","coordinates":[80.197295,13.019462]},"properties":{"id":"osm-node-310015097","kind":"HOSPITAL","name":"Military Hospital","name_en":null,"name_ta":null,"name_hi":null,"emergency":null,"osm_type":"node","osm_id":"310015097","source":"OpenStreetMap","source_url":"https://www.openstreetmap.org/node/310015097","is_simulated":false}},{"type":"Feature","id":"osm-node-310909754","geometry":{"type":"Point","coordinates":[80.190591,12.984715]},"properties":{"id":"osm-node-310909754","kind":"HOSPITAL","name":"Hariharan Hospital","name_en":null,"name_ta":null,"name_hi":null,"emergency":null,"osm_type":"node","osm_id":"310909754","source":"OpenStreetMap","source_url":"https://www.openstreetmap.org/node/310909754","is_simulated":false}},{"type":"Feature","id":"osm-node-310910945","geometry":{"type":"Point","coordinates":[80.190412,12.988762]},"properties":{"id":"osm-node-310910945","kind":"HOSPITAL","name":"BM Hospital","name_en":null,"name_ta":null,"name_hi":null,"emergency":null,"osm_type":"node","osm_id":"310910945","source":"OpenStreetMap","source_url":"https://www.openstreetmap.org/node/310910945","is_simulated":false}},{"type":"Feature","id":"osm-node-311429396","geometry":{"type":"Point","coordinates":[80.18414,12.973463]},"properties":{"id":"osm-node-311429396","kind":"HOSPITAL","name":"K.F. Hospital","name_en":null,"name_ta":null,"name_hi":null,"emergency":null,"osm_type":"node","osm_id":"311429396","source":"OpenStreetMap","source_url":"https://www.openstreetmap.org/node/311429396","is_simulated":false}},{"type":"Feature","id":"osm-node-312000326","geometry":{"type":"Point","coordinates":[80.239884,13.006134]},"properties":{"id":"osm-node-312000326","kind":"HOSPITAL","name":"Cancer Institute","name_en":null,"name_ta":null,"name_hi":null,"emergency":null,"osm_type":"node","osm_id":"312000326","source":"OpenStreetMap","source_url":"https://www.openstreetmap.org/node/312000326","is_simulated":false}},{"type":"Feature","id":"osm-node-312014519","geometry":{"type":"Point","coordinates":[80.186583,12.970414]},"properties":{"id":"osm-node-312014519","kind":"SCHOOL","name":"Brilliant Matriculation School","name_en":null,"name_ta":null,"name_hi":null,"emergency":null,"osm_type":"node","osm_id":"312014519","source":"OpenStreetMap","source_url":"https://www.openstreetmap.org/node/312014519","is_simulated":false}},{"type":"Feature","id":"osm-node-312015795","geometry":{"type":"Point","coordinates":[80.189458,12.985101]},"properties":{"id":"osm-node-312015795","kind":"SCHOOL","name":"Mowbray's Matriculation Higher Secondary School","name_en":null,"name_ta":null,"name_hi":null,"emergency":null,"osm_type":"node","osm_id":"312015795","source":"OpenStreetMap","source_url":"https://www.openstreetmap.org/node/312015795","is_simulated":false}},{"type":"Feature","id":"osm-node-312025133","geometry":{"type":"Point","coordinates":[80.255718,12.997814]},"properties":{"id":"osm-node-312025133","kind":"POLICE","name":"Adyar J2","name_en":null,"name_ta":null,"name_hi":null,"emergency":null,"osm_type":"node","osm_id":"312025133","source":"OpenStreetMap","source_url":"https://www.openstreetmap.org/node/312025133","is_simulated":false}},{"type":"Feature","id":"osm-node-339282419","geometry":{"type":"Point","coordinates":[80.200262,12.999121]},"properties":{"id":"osm-node-339282419","kind":"POLICE","name":"B1 Saint Thomas Mount PS","name_en":null,"name_ta":null,"name_hi":null,"emergency":null,"osm_type":"node","osm_id":"339282419","source":"OpenStreetMap","source_url":"https://www.openstreetmap.org/node/339282419","is_simulated":false}},{"type":"Feature","id":"osm-node-364650995","geometry":{"type":"Point","coordinates":[80.185841,13.021181]},"properties":{"id":"osm-node-364650995","kind":"HOSPITAL","name":"MIOT International","name_en":null,"name_ta":null,"name_hi":null,"emergency":null,"osm_type":"node","osm_id":"364650995","source":"OpenStreetMap","source_url":"https://www.openstreetmap.org/node/364650995","is_simulated":false}},{"type":"Feature","id":"osm-node-364997861","geometry":{"type":"Point","coordinates":[80.205218,13.014131]},"properties":{"id":"osm-node-364997861","kind":"COLLEGE","name":"Central Institute of Petrochemicals Engineering and Technology","name_en":null,"name_ta":null,"name_hi":null,"emergency":null,"osm_type":"node","osm_id":"364997861","source":"OpenStreetMap","source_url":"https://www.openstreetmap.org/node/364997861","is_simulated":false}},{"type":"Feature","id":"osm-node-367795605","geometry":{"type":"Point","coordinates":[80.196428,13.012273]},"properties":{"id":"osm-node-367795605","kind":"HOSPITAL","name":"St. Thomas Hospital","name_en":null,"name_ta":null,"name_hi":null,"emergency":null,"osm_type":"node","osm_id":"367795605","source":"OpenStreetMap","source_url":"https://www.openstreetmap.org/node/367795605","is_simulated":false}},{"type":"Feature","id":"osm-node-370481197","geometry":{"type":"Point","coordinates":[80.199093,13.010086]},"properties":{"id":"osm-node-370481197","kind":"POLICE","name":"Office, Police Commissioner","name_en":null,"name_ta":null,"name_hi":null,"emergency":null,"osm_type":"node","osm_id":"370481197","source":"OpenStreetMap","source_url":"https://www.openstreetmap.org/node/370481197","is_simulated":false}},{"type":"Feature","id":"osm-node-375668400","geometry":{"type":"Point","coordinates":[80.244092,13.029362]},"properties":{"id":"osm-node-375668400","kind":"HOSPITAL","name":"Venkataeswara Hospitals","name_en":null,"name_ta":null,"name_hi":null,"emergency":null,"osm_type":"node","osm_id":"375668400","source":"OpenStreetMap","source_url":"https://www.openstreetmap.org/node/375668400","is_simulated":false}},{"type":"Feature","id":"osm-node-389948945","geometry":{"type":"Point","coordinates":[80.205442,13.041511]},"properties":{"id":"osm-node-389948945","kind":"POLICE","name":"KK Nagar PS","name_en":null,"name_ta":null,"name_hi":null,"emergency":null,"osm_type":"node","osm_id":"389948945","source":"OpenStreetMap","source_url":"https://www.openstreetmap.org/node/389948945","is_simulated":false}},{"type":"Feature","id":"osm-node-411318042","geometry":{"type":"Point","coordinates":[80.199256,13.049112]},"properties":{"id":"osm-node-411318042","kind":"POLICE","name":"Virugambakkam Police Station","name_en":null,"name_ta":null,"name_hi":null,"emergency":null,"osm_type":"node","osm_id":"411318042","source":"OpenStreetMap","source_url":"https://www.openstreetmap.org/node/411318042","is_simulated":false}},{"type":"Feature","id":"osm-node-417776186","geometry":{"type":"Point","coordinates":[80.267729,13.003453]},"properties":{"id":"osm-node-417776186","kind":"SCHOOL","name":"Olcott Memorial HSS","name_en":null,"name_ta":null,"name_hi":null,"emergency":null,"osm_type":"node","osm_id":"417776186","source":"OpenStreetMap","source_url":"https://www.openstreetmap.org/node/417776186","is_simulated":false}},{"type":"Feature","id":"osm-node-442508332","geometry":{"type":"Point","coordinates":[80.206773,12.965385]},"properties":{"id":"osm-node-442508332","kind":"HOSPITAL","name":"Sarswathi Hospital","name_en":null,"name_ta":null,"name_hi":null,"emergency":null,"osm_type":"node","osm_id":"442508332","source":"OpenStreetMap","source_url":"https://www.openstreetmap.org/node/442508332","is_simulated":false}},{"type":"Feature","id":"osm-node-459648701","geometry":{"type":"Point","coordinates":[80.207014,13.048382]},"properties":{"id":"osm-node-459648701","kind":"HOSPITAL","name":"Vijaya Heart Centre","name_en":null,"name_ta":null,"name_hi":null,"emergency":null,"osm_type":"node","osm_id":"459648701","source":"OpenStreetMap","source_url":"https://www.openstreetmap.org/node/459648701","is_simulated":false}},{"type":"Feature","id":"osm-node-459652832","geometry":{"type":"Point","coordinates":[80.19816,13.043835]},"properties":{"id":"osm-node-459652832","kind":"SCHOOL","name":"Thai Sathia School","name_en":null,"name_ta":null,"name_hi":null,"emergency":null,"osm_type":"node","osm_id":"459652832","source":"OpenStreetMap","source_url":"https://www.openstreetmap.org/node/459652832","is_simulated":false}},{"type":"Feature","id":"osm-node-473396856","geometry":{"type":"Point","coordinates":[80.261384,13.007477]},"properties":{"id":"osm-node-473396856","kind":"SCHOOL","name":"Starlight Abacus School","name_en":null,"name_ta":null,"name_hi":null,"emergency":null,"osm_type":"node","osm_id":"473396856","source":"OpenStreetMap","source_url":"https://www.openstreetmap.org/node/473396856","is_simulated":false}},{"type":"Feature","id":"osm-node-595706154","geometry":{"type":"Point","coordinates":[80.211027,13.049532]},"properties":{"id":"osm-node-595706154","kind":"HOSPITAL","name":"Vasan Eye Care Hospital, Vadapalani","name_en":null,"name_ta":null,"name_hi":null,"emergency":null,"osm_type":"node","osm_id":"595706154","source":"OpenStreetMap","source_url":"https://www.openstreetmap.org/node/595706154","is_simulated":false}},{"type":"Feature","id":"osm-node-595735861","geometry":{"type":"Point","coordinates":[80.187342,13.047486]},"properties":{"id":"osm-node-595735861","kind":"SCHOOL","name":"St. John's Matriculation Higher Secondary School","name_en":null,"name_ta":null,"name_hi":null,"emergency":null,"osm_type":"node","osm_id":"595735861","source":"OpenStreetMap","source_url":"https://www.openstreetmap.org/node/595735861","is_simulated":false}},{"type":"Feature","id":"osm-node-747616456","geometry":{"type":"Point","coordinates":[80.222484,12.978798]},"properties":{"id":"osm-node-747616456","kind":"SCHOOL","name":"Akshaya","name_en":null,"name_ta":null,"name_hi":null,"emergency":null,"osm_type":"node","osm_id":"747616456","source":"OpenStreetMap","source_url":"https://www.openstreetmap.org/node/747616456","is_simulated":false}},{"type":"Feature","id":"osm-node-747616884","geometry":{"type":"Point","coordinates":[80.220871,12.985013]},"properties":{"id":"osm-node-747616884","kind":"POLICE","name":"Velachery","name_en":"Velachery","name_ta":"வேளச்சேரி","name_hi":"वेलाचेरी","emergency":null,"osm_type":"node","osm_id":"747616884","source":"OpenStreetMap","source_url":"https://www.openstreetmap.org/node/747616884","is_simulated":false}},{"type":"Feature","id":"osm-node-761949200","geometry":{"type":"Point","coordinates":[80.186945,12.921442]},"properties":{"id":"osm-node-761949200","kind":"SCHOOL","name":"Christ King School","name_en":null,"name_ta":null,"name_hi":null,"emergency":null,"osm_type":"node","osm_id":"761949200","source":"OpenStreetMap","source_url":"https://www.openstreetmap.org/node/761949200","is_simulated":false}},{"type":"Feature","id":"osm-node-934859077","geometry":{"type":"Point","coordinates":[80.185339,13.044298]},"properties":{"id":"osm-node-934859077","kind":"SCHOOL","name":"La Chatlaine","name_en":null,"name_ta":null,"name_hi":null,"emergency":null,"osm_type":"node","osm_id":"934859077","source":"OpenStreetMap","source_url":"https://www.openstreetmap.org/node/934859077","is_simulated":false}},{"type":"Feature","id":"osm-node-934859086","geometry":{"type":"Point","coordinates":[80.186216,13.044732]},"properties":{"id":"osm-node-934859086","kind":"POLICE","name":"Police Booth","name_en":null,"name_ta":null,"name_hi":null,"emergency":null,"osm_type":"node","osm_id":"934859086","source":"OpenStreetMap","source_url":"https://www.openstreetmap.org/node/934859086","is_simulated":false}},{"type":"Feature","id":"osm-node-968597207","geometry":{"type":"Point","coordinates":[80.247014,12.994084]},"properties":{"id":"osm-node-968597207","kind":"COLLEGE","name":"The Institute of Mathematical Sciences","name_en":null,"name_ta":null,"name_hi":null,"emergency":null,"osm_type":"node","osm_id":"968597207","source":"OpenStreetMap","source_url":"https://www.openstreetmap.org/node/968597207","is_simulated":false}},{"type":"Feature","id":"osm-node-984217571","geometry":{"type":"Point","coordinates":[80.211716,13.049696]},"properties":{"id":"osm-node-984217571","kind":"POLICE","name":"Vadapalani Police station","name_en":null,"name_ta":"வடபழனி காவல் நிலையம்","name_hi":null,"emergency":null,"osm_type":"node","osm_id":"984217571","source":"OpenStreetMap","source_url":"https://www.openstreetmap.org/node/984217571","is_simulated":false}},{"type":"Feature","id":"osm-node-1003378082","geometry":{"type":"Point","coordinates":[80.210421,12.983159]},"properties":{"id":"osm-node-1003378082","kind":"SCHOOL","name":"Bala Saravana Matriculation School","name_en":null,"name_ta":null,"name_hi":null,"emergency":null,"osm_type":"node","osm_id":"1003378082","source":"OpenStreetMap","source_url":"https://www.openstreetmap.org/node/1003378082","is_simulated":false}},{"type":"Feature","id":"osm-node-1015568367","geometry":{"type":"Point","coordinates":[80.17746,13.030195]},"properties":{"id":"osm-node-1015568367","kind":"SCHOOL","name":"Assisi School","name_en":null,"name_ta":null,"name_hi":null,"emergency":null,"osm_type":"node","osm_id":"1015568367","source":"OpenStreetMap","source_url":"https://www.openstreetmap.org/node/1015568367","is_simulated":false}},{"type":"Feature","id":"osm-node-1015569835","geometry":{"type":"Point","coordinates":[80.179007,13.031774]},"properties":{"id":"osm-node-1015569835","kind":"POLICE","name":"Ramapuram Police Station","name_en":null,"name_ta":null,"name_hi":null,"emergency":null,"osm_type":"node","osm_id":"1015569835","source":"OpenStreetMap","source_url":"https://www.openstreetmap.org/node/1015569835","is_simulated":false}},{"type":"Feature","id":"osm-node-1015571498","geometry":{"type":"Point","coordinates":[80.181086,13.033133]},"properties":{"id":"osm-node-1015571498","kind":"HOSPITAL","name":"Srm Speciality Hospital","name_en":null,"name_ta":null,"name_hi":null,"emergency":null,"osm_type":"node","osm_id":"1015571498","source":"OpenStreetMap","source_url":"https://www.openstreetmap.org/node/1015571498","is_simulated":false}},{"type":"Feature","id":"osm-node-1015571601","geometry":{"type":"Point","coordinates":[80.18012,13.032129]},"properties":{"id":"osm-node-1015571601","kind":"HOSPITAL","name":"SRM Dental Hospital","name_en":null,"name_ta":null,"name_hi":null,"emergency":null,"osm_type":"node","osm_id":"1015571601","source":"OpenStreetMap","source_url":"https://www.openstreetmap.org/node/1015571601","is_simulated":false}},{"type":"Feature","id":"osm-node-1015578645","geometry":{"type":"Point","coordinates":[80.19968,13.039707]},"properties":{"id":"osm-node-1015578645","kind":"SCHOOL","name":"PSBB School","name_en":"Padma Seshadri Bala Bhavan","name_ta":null,"name_hi":null,"emergency":null,"osm_type":"node","osm_id":"1015578645","source":"OpenStreetMap","source_url":"https://www.openstreetmap.org/node/1015578645","is_simulated":false}},{"type":"Feature","id":"osm-node-1015585631","geometry":{"type":"Point","coordinates":[80.197684,13.038254]},"properties":{"id":"osm-node-1015585631","kind":"SCHOOL","name":"Sri Krishna Swamy Mat. Hr. Sec. School","name_en":null,"name_ta":null,"name_hi":null,"emergency":null,"osm_type":"node","osm_id":"1015585631","source":"OpenStreetMap","source_url":"https://www.openstreetmap.org/node/1015585631","is_simulated":false}},{"type":"Feature","id":"osm-node-1044780333","geometry":{"type":"Point","coordinates":[80.260651,12.951589]},"properties":{"id":"osm-node-1044780333","kind":"SCHOOL","name":"German School Chennai","name_en":null,"name_ta":null,"name_hi":null,"emergency":null,"osm_type":"node","osm_id":"1044780333","source":"OpenStreetMap","source_url":"https://www.openstreetmap.org/node/1044780333","is_simulated":false}},{"type":"Feature","id":"osm-node-1306385769","geometry":{"type":"Point","coordinates":[80.189912,13.024756]},"properties":{"id":"osm-node-1306385769","kind":"SCHOOL","name":"Amrita Vidyalaya","name_en":null,"name_ta":null,"name_hi":null,"emergency":null,"osm_type":"node","osm_id":"1306385769","source":"OpenStreetMap","source_url":"https://www.openstreetmap.org/node/1306385769","is_simulated":false}},{"type":"Feature","id":"osm-node-1315141190","geometry":{"type":"Point","coordinates":[80.206035,12.965163]},"properties":{"id":"osm-node-1315141190","kind":"POLICE","name":"Police booth","name_en":null,"name_ta":null,"name_hi":null,"emergency":null,"osm_type":"node","osm_id":"1315141190","source":"OpenStreetMap","source_url":"https://www.openstreetmap.org/node/1315141190","is_simulated":false}},{"type":"Feature","id":"osm-node-1329321951","geometry":{"type":"Point","coordinates":[80.202497,12.928483]},"properties":{"id":"osm-node-1329321951","kind":"SCHOOL","name":"St Peters School","name_en":null,"name_ta":null,"name_hi":null,"emergency":null,"osm_type":"node","osm_id":"1329321951","source":"OpenStreetMap","source_url":"https://www.openstreetmap.org/node/1329321951","is_simulated":false}},{"type":"Feature","id":"osm-node-1329326250","geometry":{"type":"Point","coordinates":[80.201642,12.907913]},"properties":{"id":"osm-node-1329326250","kind":"SCHOOL","name":"Bharatha Vidhyalaya School","name_en":null,"name_ta":null,"name_hi":null,"emergency":null,"osm_type":"node","osm_id":"1329326250","source":"OpenStreetMap","source_url":"https://www.openstreetmap.org/node/1329326250","is_simulated":false}},{"type":"Feature","id":"osm-node-1329336746","geometry":{"type":"Point","coordinates":[80.19823,12.924227]},"properties":{"id":"osm-node-1329336746","kind":"SCHOOL","name":"Pallikarani Govt Higher Secondary School","name_en":null,"name_ta":null,"name_hi":null,"emergency":null,"osm_type":"node","osm_id":"1329336746","source":"OpenStreetMap","source_url":"https://www.openstreetmap.org/node/1329336746","is_simulated":false}},{"type":"Feature","id":"osm-node-1330443392","geometry":{"type":"Point","coordinates":[80.200372,12.925339]},"properties":{"id":"osm-node-1330443392","kind":"SCHOOL","name":"Asan Memorial College","name_en":null,"name_ta":null,"name_hi":null,"emergency":null,"osm_type":"node","osm_id":"1330443392","source":"OpenStreetMap","source_url":"https://www.openstreetmap.org/node/1330443392","is_simulated":false}},{"type":"Feature","id":"osm-node-1446415367","geometry":{"type":"Point","coordinates":[80.247472,12.966388]},"properties":{"id":"osm-node-1446415367","kind":"HOSPITAL","name":"Bhadra Homeo","name_en":null,"name_ta":null,"name_hi":null,"emergency":null,"osm_type":"node","osm_id":"1446415367","source":"OpenStreetMap","source_url":"https://www.openstreetmap.org/node/1446415367","is_simulated":false}},{"type":"Feature","id":"osm-node-1560720462","geometry":{"type":"Point","coordinates":[80.255254,13.001531]},"properties":{"id":"osm-node-1560720462","kind":"HOSPITAL","name":"Vasan Eye Care Hospital","name_en":null,"name_ta":null,"name_hi":null,"emergency":null,"osm_type":"node","osm_id":"1560720462","source":"OpenStreetMap","source_url":"https://www.openstreetmap.org/node/1560720462","is_simulated":false}},{"type":"Feature","id":"osm-node-1596154407","geometry":{"type":"Point","coordinates":[80.221575,12.975837]},"properties":{"id":"osm-node-1596154407","kind":"SCHOOL","name":"Lets do Something - Activity center","name_en":null,"name_ta":null,"name_hi":null,"emergency":null,"osm_type":"node","osm_id":"1596154407","source":"OpenStreetMap","source_url":"https://www.openstreetmap.org/node/1596154407","is_simulated":false}},{"type":"Feature","id":"osm-node-1636170540","geometry":{"type":"Point","coordinates":[80.215515,12.966757]},"properties":{"id":"osm-node-1636170540","kind":"SCHOOL","name":"Pon Vidhyashram School","name_en":null,"name_ta":null,"name_hi":null,"emergency":null,"osm_type":"node","osm_id":"1636170540","source":"OpenStreetMap","source_url":"https://www.openstreetmap.org/node/1636170540","is_simulated":false}},{"type":"Feature","id":"osm-node-1636171309","geometry":{"type":"Point","coordinates":[80.212388,12.975785]},"properties":{"id":"osm-node-1636171309","kind":"SCHOOL","name":"SAN Academy","name_en":null,"name_ta":null,"name_hi":null,"emergency":null,"osm_type":"node","osm_id":"1636171309","source":"OpenStreetMap","source_url":"https://www.openstreetmap.org/node/1636171309","is_simulated":false}},{"type":"Feature","id":"osm-node-1636178008","geometry":{"type":"Point","coordinates":[80.192883,12.957901]},"properties":{"id":"osm-node-1636178008","kind":"SCHOOL","name":"Vailankanni Silver Jubilee Matriculation Higher Secondary School","name_en":null,"name_ta":null,"name_hi":null,"emergency":null,"osm_type":"node","osm_id":"1636178008","source":"OpenStreetMap","source_url":"https://www.openstreetmap.org/node/1636178008","is_simulated":false}},{"type":"Feature","id":"osm-node-1672262615","geometry":{"type":"Point","coordinates":[80.266308,13.0017]},"properties":{"id":"osm-node-1672262615","kind":"SCHOOL","name":"St.Johns English School","name_en":null,"name_ta":null,"name_hi":null,"emergency":null,"osm_type":"node","osm_id":"1672262615","source":"OpenStreetMap","source_url":"https://www.openstreetmap.org/node/1672262615","is_simulated":false}},{"type":"Feature","id":"osm-node-1711627907","geometry":{"type":"Point","coordinates":[80.265931,13.000612]},"properties":{"id":"osm-node-1711627907","kind":"POLICE","name":"Shastri Nagar Police Station","name_en":null,"name_ta":null,"name_hi":null,"emergency":null,"osm_type":"node","osm_id":"1711627907","source":"OpenStreetMap","source_url":"https://www.openstreetmap.org/node/1711627907","is_simulated":false}},{"type":"Feature","id":"osm-node-1760694106","geometry":{"type":"Point","coordinates":[80.194431,12.969464]},"properties":{"id":"osm-node-1760694106","kind":"SCHOOL","name":"Prince Matric Hr Sec School","name_en":null,"name_ta":null,"name_hi":null,"emergency":null,"osm_type":"node","osm_id":"1760694106","source":"OpenStreetMap","source_url":"https://www.openstreetmap.org/node/1760694106","is_simulated":false}},{"type":"Feature","id":"osm-node-1760696030","geometry":{"type":"Point","coordinates":[80.193572,12.962275]},"properties":{"id":"osm-node-1760696030","kind":"COMMUNITY_CENTRE","name":"Karthikeyapuran Co-operative Community Hall","name_en":null,"name_ta":null,"name_hi":null,"emergency":null,"osm_type":"node","osm_id":"1760696030","source":"OpenStreetMap","source_url":"https://www.openstreetmap.org/node/1760696030","is_simulated":false}},{"type":"Feature","id":"osm-node-1760907465","geometry":{"type":"Point","coordinates":[80.197046,12.970503]},"properties":{"id":"osm-node-1760907465","kind":"SCHOOL","name":"Thandai Periyar Govt High School","name_en":null,"name_ta":null,"name_hi":null,"emergency":null,"osm_type":"node","osm_id":"1760907465","source":"OpenStreetMap","source_url":"https://www.openstreetmap.org/node/1760907465","is_simulated":false}},{"type":"Feature","id":"osm-node-1789987574","geometry":{"type":"Point","coordinates":[80.204492,12.979919]},"properties":{"id":"osm-node-1789987574","kind":"HOSPITAL","name":"Prime Care Nursing Home","name_en":null,"name_ta":null,"name_hi":null,"emergency":null,"osm_type":"node","osm_id":"1789987574","source":"OpenStreetMap","source_url":"https://www.openstreetmap.org/node/1789987574","is_simulated":false}},{"type":"Feature","id":"osm-node-1926709450","geometry":{"type":"Point","coordinates":[80.185511,12.986228]},"properties":{"id":"osm-node-1926709450","kind":"SCHOOL","name":"Jawaharlal Nehru Government Boys School","name_en":null,"name_ta":null,"name_hi":null,"emergency":null,"osm_type":"node","osm_id":"1926709450","source":"OpenStreetMap","source_url":"https://www.openstreetmap.org/node/1926709450","is_simulated":false}},{"type":"Feature","id":"osm-node-1955943159","geometry":{"type":"Point","coordinates":[80.216584,13.038566]},"properties":{"id":"osm-node-1955943159","kind":"HOSPITAL","name":"Agarwal Hospital","name_en":null,"name_ta":null,"name_hi":null,"emergency":null,"osm_type":"node","osm_id":"1955943159","source":"OpenStreetMap","source_url":"https://www.openstreetmap.org/node/1955943159","is_simulated":false}},{"type":"Feature","id":"osm-node-1993266486","geometry":{"type":"Point","coordinates":[80.228659,12.980046]},"properties":{"id":"osm-node-1993266486","kind":"HOSPITAL","name":"Ortho clinic","name_en":null,"name_ta":null,"name_hi":null,"emergency":null,"osm_type":"node","osm_id":"1993266486","source":"OpenStreetMap","source_url":"https://www.openstreetmap.org/node/1993266486","is_simulated":false}},{"type":"Feature","id":"osm-node-2053800293","geometry":{"type":"Point","coordinates":[80.194571,12.945462]},"properties":{"id":"osm-node-2053800293","kind":"SCHOOL","name":"Himayam Matric School","name_en":null,"name_ta":null,"name_hi":null,"emergency":null,"osm_type":"node","osm_id":"2053800293","source":"OpenStreetMap","source_url":"https://www.openstreetmap.org/node/2053800293","is_simulated":false}},{"type":"Feature","id":"osm-node-2059560611","geometry":{"type":"Point","coordinates":[80.239775,12.945977]},"properties":{"id":"osm-node-2059560611","kind":"SCHOOL","name":"Dhanraj Baid Jain College","name_en":null,"name_ta":null,"name_hi":null,"emergency":null,"osm_type":"node","osm_id":"2059560611","source":"OpenStreetMap","source_url":"https://www.openstreetmap.org/node/2059560611","is_simulated":false}},{"type":"Feature","id":"osm-node-2061123092","geometry":{"type":"Point","coordinates":[80.241625,12.947613]},"properties":{"id":"osm-node-2061123092","kind":"POLICE","name":"J9 Police Station","name_en":null,"name_ta":null,"name_hi":null,"emergency":null,"osm_type":"node","osm_id":"2061123092","source":"OpenStreetMap","source_url":"https://www.openstreetmap.org/node/2061123092","is_simulated":false}},{"type":"Feature","id":"osm-node-2064178200","geometry":{"type":"Point","coordinates":[80.239586,12.945662]},"properties":{"id":"osm-node-2064178200","kind":"SCHOOL","name":"CL Baid Metha College Of Pharmacy","name_en":null,"name_ta":null,"name_hi":null,"emergency":null,"osm_type":"node","osm_id":"2064178200","source":"OpenStreetMap","source_url":"https://www.openstreetmap.org/node/2064178200","is_simulated":false}},{"type":"Feature","id":"osm-node-2071087259","geometry":{"type":"Point","coordinates":[80.239576,12.945667]},"properties":{"id":"osm-node-2071087259","kind":"SCHOOL","name":"CL Baid Metha College of Pharmacy","name_en":null,"name_ta":null,"name_hi":null,"emergency":null,"osm_type":"node","osm_id":"2071087259","source":"OpenStreetMap","source_url":"https://www.openstreetmap.org/node/2071087259","is_simulated":false}},{"type":"Feature","id":"osm-node-2071090050","geometry":{"type":"Point","coordinates":[80.240465,12.949463]},"properties":{"id":"osm-node-2071090050","kind":"SCHOOL","name":"CL Baid Sishya School;Cromā","name_en":null,"name_ta":null,"name_hi":null,"emergency":null,"osm_type":"node","osm_id":"2071090050","source":"OpenStreetMap","source_url":"https://www.openstreetmap.org/node/2071090050","is_simulated":false}},{"type":"Feature","id":"osm-node-2086712180","geometry":{"type":"Point","coordinates":[80.185307,12.955986]},"properties":{"id":"osm-node-2086712180","kind":"POLICE","name":"Madipakkam Police Station","name_en":null,"name_ta":null,"name_hi":null,"emergency":null,"osm_type":"node","osm_id":"2086712180","source":"OpenStreetMap","source_url":"https://www.openstreetmap.org/node/2086712180","is_simulated":false}},{"type":"Feature","id":"osm-node-2086712181","geometry":{"type":"Point","coordinates":[80.185044,12.956025]},"properties":{"id":"osm-node-2086712181","kind":"SCHOOL","name":"Goverment school","name_en":null,"name_ta":null,"name_hi":null,"emergency":null,"osm_type":"node","osm_id":"2086712181","source":"OpenStreetMap","source_url":"https://www.openstreetmap.org/node/2086712181","is_simulated":false}},{"type":"Feature","id":"osm-node-2115851259","geometry":{"type":"Point","coordinates":[80.248885,12.921593]},"properties":{"id":"osm-node-2115851259","kind":"SCHOOL","name":"Vael's Bilabong School","name_en":null,"name_ta":null,"name_hi":null,"emergency":null,"osm_type":"node","osm_id":"2115851259","source":"OpenStreetMap","source_url":"https://www.openstreetmap.org/node/2115851259","is_simulated":false}},{"type":"Feature","id":"osm-node-2117666024","geometry":{"type":"Point","coordinates":[80.241677,12.921437]},"properties":{"id":"osm-node-2117666024","kind":"SCHOOL","name":"KCG College of Technology","name_en":null,"name_ta":null,"name_hi":null,"emergency":null,"osm_type":"node","osm_id":"2117666024","source":"OpenStreetMap","source_url":"https://www.openstreetmap.org/node/2117666024","is_simulated":false}},{"type":"Feature","id":"osm-node-2117671390","geometry":{"type":"Point","coordinates":[80.241054,12.917798]},"properties":{"id":"osm-node-2117671390","kind":"SCHOOL","name":"National Institute of Management Studies","name_en":null,"name_ta":null,"name_hi":null,"emergency":null,"osm_type":"node","osm_id":"2117671390","source":"OpenStreetMap","source_url":"https://www.openstreetmap.org/node/2117671390","is_simulated":false}},{"type":"Feature","id":"osm-node-2120763195","geometry":{"type":"Point","coordinates":[80.200913,12.993364]},"properties":{"id":"osm-node-2120763195","kind":"HOSPITAL","name":"SP Hospital","name_en":null,"name_ta":null,"name_hi":null,"emergency":true,"osm_type":"node","osm_id":"2120763195","source":"OpenStreetMap","source_url":"https://www.openstreetmap.org/node/2120763195","is_simulated":false}},{"type":"Feature","id":"osm-node-2123575602","geometry":{"type":"Point","coordinates":[80.244688,12.953079]},"properties":{"id":"osm-node-2123575602","kind":"SCHOOL","name":"Chettinadu A School","name_en":null,"name_ta":null,"name_hi":null,"emergency":null,"osm_type":"node","osm_id":"2123575602","source":"OpenStreetMap","source_url":"https://www.openstreetmap.org/node/2123575602","is_simulated":false}},{"type":"Feature","id":"osm-node-2124725682","geometry":{"type":"Point","coordinates":[80.236508,12.933492]},"properties":{"id":"osm-node-2124725682","kind":"SCHOOL","name":"Akshara School","name_en":null,"name_ta":null,"name_hi":null,"emergency":null,"osm_type":"node","osm_id":"2124725682","source":"OpenStreetMap","source_url":"https://www.openstreetmap.org/node/2124725682","is_simulated":false}},{"type":"Feature","id":"osm-node-2124734395","geometry":{"type":"Point","coordinates":[80.233739,12.932168]},"properties":{"id":"osm-node-2124734395","kind":"HOSPITAL","name":"Fourtts India Laboratories","name_en":null,"name_ta":null,"name_hi":null,"emergency":null,"osm_type":"node","osm_id":"2124734395","source":"OpenStreetMap","source_url":"https://www.openstreetmap.org/node/2124734395","is_simulated":false}},{"type":"Feature","id":"osm-node-2124849459","geometry":{"type":"Point","coordinates":[80.250586,12.976641]},"properties":{"id":"osm-node-2124849459","kind":"SCHOOL","name":"YMCA SCHOOL","name_en":null,"name_ta":null,"name_hi":null,"emergency":null,"osm_type":"node","osm_id":"2124849459","source":"OpenStreetMap","source_url":"https://www.openstreetmap.org/node/2124849459","is_simulated":false}},{"type":"Feature","id":"osm-node-2124854755","geometry":{"type":"Point","coordinates":[80.248281,12.95544]},"properties":{"id":"osm-node-2124854755","kind":"SCHOOL","name":"Global Institute Of Gaming And Animation","name_en":null,"name_ta":null,"name_hi":null,"emergency":null,"osm_type":"node","osm_id":"2124854755","source":"OpenStreetMap","source_url":"https://www.openstreetmap.org/node/2124854755","is_simulated":false}},{"type":"Feature","id":"osm-node-2126461371","geometry":{"type":"Point","coordinates":[80.193211,12.983796]},"properties":{"id":"osm-node-2126461371","kind":"HOSPITAL","name":"Rotary Central Margaret Sidney Hospital","name_en":null,"name_ta":null,"name_hi":null,"emergency":null,"osm_type":"node","osm_id":"2126461371","source":"OpenStreetMap","source_url":"https://www.openstreetmap.org/node/2126461371","is_simulated":false}},{"type":"Feature","id":"osm-node-2127107074","geometry":{"type":"Point","coordinates":[80.243312,12.96473]},"properties":{"id":"osm-node-2127107074","kind":"SCHOOL","name":"St.Pius school","name_en":null,"name_ta":null,"name_hi":null,"emergency":null,"osm_type":"node","osm_id":"2127107074","source":"OpenStreetMap","source_url":"https://www.openstreetmap.org/node/2127107074","is_simulated":false}},{"type":"Feature","id":"osm-node-2145405955","geometry":{"type":"Point","coordinates":[80.185028,12.978652]},"properties":{"id":"osm-node-2145405955","kind":"HOSPITAL","name":"Sri Chakra Hospital","name_en":null,"name_ta":null,"name_hi":null,"emergency":null,"osm_type":"node","osm_id":"2145405955","source":"OpenStreetMap","source_url":"https://www.openstreetmap.org/node/2145405955","is_simulated":false}},{"type":"Feature","id":"osm-node-2253361647","geometry":{"type":"Point","coordinates":[80.188608,12.984259]},"properties":{"id":"osm-node-2253361647","kind":"HOSPITAL","name":"Dr. Janardhanan Multispeciality Dental Clinic","name_en":null,"name_ta":null,"name_hi":null,"emergency":null,"osm_type":"node","osm_id":"2253361647","source":"OpenStreetMap","source_url":"https://www.openstreetmap.org/node/2253361647","is_simulated":false}},{"type":"Feature","id":"osm-node-2517035812","geometry":{"type":"Point","coordinates":[80.197016,12.965756]},"properties":{"id":"osm-node-2517035812","kind":"SCHOOL","name":"King's Matric Hr Sec School","name_en":null,"name_ta":null,"name_hi":null,"emergency":null,"osm_type":"node","osm_id":"2517035812","source":"OpenStreetMap","source_url":"https://www.openstreetmap.org/node/2517035812","is_simulated":false}},{"type":"Feature","id":"osm-node-2517035814","geometry":{"type":"Point","coordinates":[80.191882,12.9658]},"properties":{"id":"osm-node-2517035814","kind":"HOSPITAL","name":"Vasan Eye care","name_en":null,"name_ta":null,"name_hi":null,"emergency":null,"osm_type":"node","osm_id":"2517035814","source":"OpenStreetMap","source_url":"https://www.openstreetmap.org/node/2517035814","is_simulated":false}},{"type":"Feature","id":"osm-node-2587520257","geometry":{"type":"Point","coordinates":[80.255932,12.98746]},"properties":{"id":"osm-node-2587520257","kind":"POLICE","name":"J6 Police Station","name_en":null,"name_ta":null,"name_hi":null,"emergency":null,"osm_type":"node","osm_id":"2587520257","source":"OpenStreetMap","source_url":"https://www.openstreetmap.org/node/2587520257","is_simulated":false}},{"type":"Feature","id":"osm-node-2587530810","geometry":{"type":"Point","coordinates":[80.25947,13.020568]},"properties":{"id":"osm-node-2587530810","kind":"HOSPITAL","name":"Chennai Skin Foundation","name_en":null,"name_ta":null,"name_hi":null,"emergency":null,"osm_type":"node","osm_id":"2587530810","source":"OpenStreetMap","source_url":"https://www.openstreetmap.org/node/2587530810","is_simulated":false}},{"type":"Feature","id":"osm-node-2669702938","geometry":{"type":"Point","coordinates":[80.208296,12.971029]},"properties":{"id":"osm-node-2669702938","kind":"HOSPITAL","name":"Sukrthi Nursing Home","name_en":null,"name_ta":null,"name_hi":null,"emergency":true,"osm_type":"node","osm_id":"2669702938","source":"OpenStreetMap","source_url":"https://www.openstreetmap.org/node/2669702938","is_simulated":false}},{"type":"Feature","id":"osm-node-2728294977","geometry":{"type":"Point","coordinates":[80.204591,12.929832]},"properties":{"id":"osm-node-2728294977","kind":"SCHOOL","name":"Infant jesus high school","name_en":null,"name_ta":null,"name_hi":null,"emergency":null,"osm_type":"node","osm_id":"2728294977","source":"OpenStreetMap","source_url":"https://www.openstreetmap.org/node/2728294977","is_simulated":false}},{"type":"Feature","id":"osm-node-2794348661","geometry":{"type":"Point","coordinates":[80.178462,13.040594]},"properties":{"id":"osm-node-2794348661","kind":"HOSPITAL","name":"A.N.N Hospital","name_en":null,"name_ta":null,"name_hi":null,"emergency":true,"osm_type":"node","osm_id":"2794348661","source":"OpenStreetMap","source_url":"https://www.openstreetmap.org/node/2794348661","is_simulated":false}},{"type":"Feature","id":"osm-node-3097012397","geometry":{"type":"Point","coordinates":[80.197877,12.926285]},"properties":{"id":"osm-node-3097012397","kind":"SCHOOL","name":"Chennai School (Corporation)","name_en":null,"name_ta":null,"name_hi":null,"emergency":null,"osm_type":"node","osm_id":"3097012397","source":"OpenStreetMap","source_url":"https://www.openstreetmap.org/node/3097012397","is_simulated":false}},{"type":"Feature","id":"osm-node-3097014588","geometry":{"type":"Point","coordinates":[80.195081,12.917383]},"properties":{"id":"osm-node-3097014588","kind":"POLICE","name":"S-10 Police Station (Pallikaranai)","name_en":null,"name_ta":null,"name_hi":null,"emergency":null,"osm_type":"node","osm_id":"3097014588","source":"OpenStreetMap","source_url":"https://www.openstreetmap.org/node/3097014588","is_simulated":false}},{"type":"Feature","id":"osm-node-3118864398","geometry":{"type":"Point","coordinates":[80.257301,13.03817]},"properties":{"id":"osm-node-3118864398","kind":"HOSPITAL","name":"Kauvery Hospital","name_en":null,"name_ta":null,"name_hi":null,"emergency":true,"osm_type":"node","osm_id":"3118864398","source":"OpenStreetMap","source_url":"https://www.openstreetmap.org/node/3118864398","is_simulated":false}},{"type":"Feature","id":"osm-node-3372786283","geometry":{"type":"Point","coordinates":[80.229892,12.986273]},"properties":{"id":"osm-node-3372786283","kind":"HOSPITAL","name":"Velachery SABA Hospital","name_en":null,"name_ta":null,"name_hi":null,"emergency":null,"osm_type":"node","osm_id":"3372786283","source":"OpenStreetMap","source_url":"https://www.openstreetmap.org/node/3372786283","is_simulated":false}},{"type":"Feature","id":"osm-node-3397754749","geometry":{"type":"Point","coordinates":[80.218007,13.023129]},"properties":{"id":"osm-node-3397754749","kind":"SCHOOL","name":"Diana Nursery & Primary School","name_en":null,"name_ta":null,"name_hi":null,"emergency":null,"osm_type":"node","osm_id":"3397754749","source":"OpenStreetMap","source_url":"https://www.openstreetmap.org/node/3397754749","is_simulated":false}},{"type":"Feature","id":"osm-node-3615415200","geometry":{"type":"Point","coordinates":[80.24628,12.996162]},"properties":{"id":"osm-node-3615415200","kind":"COLLEGE","name":"Asian College of Journalism","name_en":null,"name_ta":null,"name_hi":null,"emergency":null,"osm_type":"node","osm_id":"3615415200","source":"OpenStreetMap","source_url":"https://www.openstreetmap.org/node/3615415200","is_simulated":false}},{"type":"Feature","id":"osm-node-3687711447","geometry":{"type":"Point","coordinates":[80.222351,12.976778]},"properties":{"id":"osm-node-3687711447","kind":"HOSPITAL","name":"Kaya Skin clinic","name_en":null,"name_ta":null,"name_hi":null,"emergency":null,"osm_type":"node","osm_id":"3687711447","source":"OpenStreetMap","source_url":"https://www.openstreetmap.org/node/3687711447","is_simulated":false}},{"type":"Feature","id":"osm-node-3744461963","geometry":{"type":"Point","coordinates":[80.219214,13.028126]},"properties":{"id":"osm-node-3744461963","kind":"COMMUNITY_CENTRE","name":"Mahal","name_en":null,"name_ta":null,"name_hi":null,"emergency":null,"osm_type":"node","osm_id":"3744461963","source":"OpenStreetMap","source_url":"https://www.openstreetmap.org/node/3744461963","is_simulated":false}},{"type":"Feature","id":"osm-node-3872545455","geometry":{"type":"Point","coordinates":[80.202803,13.035796]},"properties":{"id":"osm-node-3872545455","kind":"SCHOOL","name":"Government Higher Secondary School","name_en":null,"name_ta":null,"name_hi":null,"emergency":null,"osm_type":"node","osm_id":"3872545455","source":"OpenStreetMap","source_url":"https://www.openstreetmap.org/node/3872545455","is_simulated":false}},{"type":"Feature","id":"osm-node-3872547380","geometry":{"type":"Point","coordinates":[80.202336,13.03428]},"properties":{"id":"osm-node-3872547380","kind":"SCHOOL","name":"Chennai Higher Secondary School","name_en":null,"name_ta":null,"name_hi":null,"emergency":null,"osm_type":"node","osm_id":"3872547380","source":"OpenStreetMap","source_url":"https://www.openstreetmap.org/node/3872547380","is_simulated":false}},{"type":"Feature","id":"osm-node-3998858427","geometry":{"type":"Point","coordinates":[80.238973,13.034893]},"properties":{"id":"osm-node-3998858427","kind":"SCHOOL","name":"தென் இந்திய இந்தி பரப்புரை கூட்டமைப்பு","name_en":null,"name_ta":null,"name_hi":null,"emergency":null,"osm_type":"node","osm_id":"3998858427","source":"OpenStreetMap","source_url":"https://www.openstreetmap.org/node/3998858427","is_simulated":false}},{"type":"Feature","id":"osm-node-4090239218","geometry":{"type":"Point","coordinates":[80.192086,12.968849]},"properties":{"id":"osm-node-4090239218","kind":"SCHOOL","name":"Rajkumar Sulochana Matric Higher Secondary School","name_en":null,"name_ta":null,"name_hi":null,"emergency":null,"osm_type":"node","osm_id":"4090239218","source":"OpenStreetMap","source_url":"https://www.openstreetmap.org/node/4090239218","is_simulated":false}},{"type":"Feature","id":"osm-node-4153810890","geometry":{"type":"Point","coordinates":[80.224341,13.02866]},"properties":{"id":"osm-node-4153810890","kind":"SCHOOL","name":"Oxford Matriculation Higher Secondary School","name_en":null,"name_ta":null,"name_hi":null,"emergency":null,"osm_type":"node","osm_id":"4153810890","source":"OpenStreetMap","source_url":"https://www.openstreetmap.org/node/4153810890","is_simulated":false}},{"type":"Feature","id":"osm-node-4262044189","geometry":{"type":"Point","coordinates":[80.242936,13.043856]},"properties":{"id":"osm-node-4262044189","kind":"COMMUNITY_CENTRE","name":"Andhra Social Club","name_en":null,"name_ta":null,"name_hi":null,"emergency":null,"osm_type":"node","osm_id":"4262044189","source":"OpenStreetMap","source_url":"https://www.openstreetmap.org/node/4262044189","is_simulated":false}},{"type":"Feature","id":"osm-node-4294274187","geometry":{"type":"Point","coordinates":[80.232047,12.980146]},"properties":{"id":"osm-node-4294274187","kind":"SCHOOL","name":"Chennai Primary School","name_en":null,"name_ta":null,"name_hi":null,"emergency":null,"osm_type":"node","osm_id":"4294274187","source":"OpenStreetMap","source_url":"https://www.openstreetmap.org/node/4294274187","is_simulated":false}},{"type":"Feature","id":"osm-node-4300667140","geometry":{"type":"Point","coordinates":[80.218948,12.985216]},"properties":{"id":"osm-node-4300667140","kind":"SCHOOL","name":"Chennai Higher Secondary School","name_en":null,"name_ta":null,"name_hi":null,"emergency":null,"osm_type":"node","osm_id":"4300667140","source":"OpenStreetMap","source_url":"https://www.openstreetmap.org/node/4300667140","is_simulated":false}},{"type":"Feature","id":"osm-node-4308319495","geometry":{"type":"Point","coordinates":[80.216311,13.028368]},"properties":{"id":"osm-node-4308319495","kind":"POLICE","name":"R6 KUMARAN NAGAR POLICE STATION","name_en":null,"name_ta":null,"name_hi":null,"emergency":null,"osm_type":"node","osm_id":"4308319495","source":"OpenStreetMap","source_url":"https://www.openstreetmap.org/node/4308319495","is_simulated":false}},{"type":"Feature","id":"osm-node-4329387869","geometry":{"type":"Point","coordinates":[80.187599,12.973379]},"properties":{"id":"osm-node-4329387869","kind":"HOSPITAL","name":"Srinivasan Rajalakshmi Memorial Hospital","name_en":null,"name_ta":null,"name_hi":null,"emergency":true,"osm_type":"node","osm_id":"4329387869","source":"OpenStreetMap","source_url":"https://www.openstreetmap.org/node/4329387869","is_simulated":false}},{"type":"Feature","id":"osm-node-4338130031","geometry":{"type":"Point","coordinates":[80.217591,13.024134]},"properties":{"id":"osm-node-4338130031","kind":"COMMUNITY_CENTRE","name":"MOHANAMBAL KALYANA MANDABAM","name_en":null,"name_ta":null,"name_hi":null,"emergency":null,"osm_type":"node","osm_id":"4338130031","source":"OpenStreetMap","source_url":"https://www.openstreetmap.org/node/4338130031","is_simulated":false}},{"type":"Feature","id":"osm-node-4377440092","geometry":{"type":"Point","coordinates":[80.233401,13.037239]},"properties":{"id":"osm-node-4377440092","kind":"SCHOOL","name":"Target soft solution","name_en":null,"name_ta":null,"name_hi":null,"emergency":null,"osm_type":"node","osm_id":"4377440092","source":"OpenStreetMap","source_url":"https://www.openstreetmap.org/node/4377440092","is_simulated":false}},{"type":"Feature","id":"osm-node-4411778295","geometry":{"type":"Point","coordinates":[80.218515,12.98758]},"properties":{"id":"osm-node-4411778295","kind":"SCHOOL","name":"Sivasakthi Matriculation School","name_en":null,"name_ta":"சிவசக்தி மெட்ரிகுலேஷன் பள்ளி","name_hi":null,"emergency":null,"osm_type":"node","osm_id":"4411778295","source":"OpenStreetMap","source_url":"https://www.openstreetmap.org/node/4411778295","is_simulated":false}},{"type":"Feature","id":"osm-node-4447008637","geometry":{"type":"Point","coordinates":[80.252718,13.004864]},"properties":{"id":"osm-node-4447008637","kind":"SCHOOL","name":"Aathichudy Special School","name_en":null,"name_ta":null,"name_hi":null,"emergency":null,"osm_type":"node","osm_id":"4447008637","source":"OpenStreetMap","source_url":"https://www.openstreetmap.org/node/4447008637","is_simulated":false}},{"type":"Feature","id":"osm-node-4450536979","geometry":{"type":"Point","coordinates":[80.226075,12.976797]},"properties":{"id":"osm-node-4450536979","kind":"SCHOOL","name":"St Antony School","name_en":null,"name_ta":null,"name_hi":null,"emergency":null,"osm_type":"node","osm_id":"4450536979","source":"OpenStreetMap","source_url":"https://www.openstreetmap.org/node/4450536979","is_simulated":false}},{"type":"Feature","id":"osm-node-4486583996","geometry":{"type":"Point","coordinates":[80.188969,13.038005]},"properties":{"id":"osm-node-4486583996","kind":"HOSPITAL","name":"Chennai Medical Centre Hospital","name_en":null,"name_ta":null,"name_hi":null,"emergency":null,"osm_type":"node","osm_id":"4486583996","source":"OpenStreetMap","source_url":"https://www.openstreetmap.org/node/4486583996","is_simulated":false}},{"type":"Feature","id":"osm-node-4720481590","geometry":{"type":"Point","coordinates":[80.248436,13.045515]},"properties":{"id":"osm-node-4720481590","kind":"COMMUNITY_CENTRE","name":"AG-DMS Metro","name_en":"Reserve Bank staff college","name_ta":null,"name_hi":null,"emergency":null,"osm_type":"node","osm_id":"4720481590","source":"OpenStreetMap","source_url":"https://www.openstreetmap.org/node/4720481590","is_simulated":false}},{"type":"Feature","id":"osm-node-4764302980","geometry":{"type":"Point","coordinates":[80.239536,13.0136]},"properties":{"id":"osm-node-4764302980","kind":"HOSPITAL","name":"HEALTH","name_en":null,"name_ta":null,"name_hi":null,"emergency":null,"osm_type":"node","osm_id":"4764302980","source":"OpenStreetMap","source_url":"https://www.openstreetmap.org/node/4764302980","is_simulated":false}},{"type":"Feature","id":"osm-node-5226262920","geometry":{"type":"Point","coordinates":[80.228016,12.900856]},"properties":{"id":"osm-node-5226262920","kind":"POLICE","name":"J-10 Semmenchery Police Station","name_en":null,"name_ta":null,"name_hi":null,"emergency":null,"osm_type":"node","osm_id":"5226262920","source":"OpenStreetMap","source_url":"https://www.openstreetmap.org/node/5226262920","is_simulated":false}},{"type":"Feature","id":"osm-node-5320053509","geometry":{"type":"Point","coordinates":[80.236564,13.036106]},"properties":{"id":"osm-node-5320053509","kind":"SCHOOL","name":"செ.தெ நாயகம் தியாகராய நகர் மேனிலைப் பள்ளி","name_en":null,"name_ta":null,"name_hi":null,"emergency":null,"osm_type":"node","osm_id":"5320053509","source":"OpenStreetMap","source_url":"https://www.openstreetmap.org/node/5320053509","is_simulated":false}},{"type":"Feature","id":"osm-node-5332419164","geometry":{"type":"Point","coordinates":[80.252817,12.938573]},"properties":{"id":"osm-node-5332419164","kind":"SCHOOL","name":"St. Joseph Higher Secondary School","name_en":null,"name_ta":null,"name_hi":null,"emergency":null,"osm_type":"node","osm_id":"5332419164","source":"OpenStreetMap","source_url":"https://www.openstreetmap.org/node/5332419164","is_simulated":false}},{"type":"Feature","id":"osm-node-5354315736","geometry":{"type":"Point","coordinates":[80.227634,12.976853]},"properties":{"id":"osm-node-5354315736","kind":"FIRE_STATION","name":"Fire service station;Fire Force Service center","name_en":null,"name_ta":null,"name_hi":null,"emergency":null,"osm_type":"node","osm_id":"5354315736","source":"OpenStreetMap","source_url":"https://www.openstreetmap.org/node/5354315736","is_simulated":false}},{"type":"Feature","id":"osm-node-5367536437","geometry":{"type":"Point","coordinates":[80.181643,13.014976]},"properties":{"id":"osm-node-5367536437","kind":"POLICE","name":"Police Booth","name_en":null,"name_ta":null,"name_hi":null,"emergency":null,"osm_type":"node","osm_id":"5367536437","source":"OpenStreetMap","source_url":"https://www.openstreetmap.org/node/5367536437","is_simulated":false}},{"type":"Feature","id":"osm-node-5500158687","geometry":{"type":"Point","coordinates":[80.208322,13.049739]},"properties":{"id":"osm-node-5500158687","kind":"HOSPITAL","name":"Vijaya Group of Hospital","name_en":null,"name_ta":null,"name_hi":null,"emergency":null,"osm_type":"node","osm_id":"5500158687","source":"OpenStreetMap","source_url":"https://www.openstreetmap.org/node/5500158687","is_simulated":false}},{"type":"Feature","id":"osm-node-5570522545","geometry":{"type":"Point","coordinates":[80.229354,12.9857]},"properties":{"id":"osm-node-5570522545","kind":"HOSPITAL","name":"ARK Hospital","name_en":null,"name_ta":null,"name_hi":null,"emergency":null,"osm_type":"node","osm_id":"5570522545","source":"OpenStreetMap","source_url":"https://www.openstreetmap.org/node/5570522545","is_simulated":false}},{"type":"Feature","id":"osm-node-5631872266","geometry":{"type":"Point","coordinates":[80.222898,13.031147]},"properties":{"id":"osm-node-5631872266","kind":"HOSPITAL","name":"Annamalai Hospital","name_en":null,"name_ta":null,"name_hi":null,"emergency":null,"osm_type":"node","osm_id":"5631872266","source":"OpenStreetMap","source_url":"https://www.openstreetmap.org/node/5631872266","is_simulated":false}},{"type":"Feature","id":"osm-node-5631872277","geometry":{"type":"Point","coordinates":[80.220791,13.031954]},"properties":{"id":"osm-node-5631872277","kind":"HOSPITAL","name":"Ezhil Hospital","name_en":null,"name_ta":null,"name_hi":null,"emergency":true,"osm_type":"node","osm_id":"5631872277","source":"OpenStreetMap","source_url":"https://www.openstreetmap.org/node/5631872277","is_simulated":false}},{"type":"Feature","id":"osm-node-5714965849","geometry":{"type":"Point","coordinates":[80.233023,12.969831]},"properties":{"id":"osm-node-5714965849","kind":"COMMUNITY_CENTRE","name":"Kallukuttai Community Network Place II","name_en":null,"name_ta":null,"name_hi":null,"emergency":null,"osm_type":"node","osm_id":"5714965849","source":"OpenStreetMap","source_url":"https://www.openstreetmap.org/node/5714965849","is_simulated":false}},{"type":"Feature","id":"osm-node-5792664046","geometry":{"type":"Point","coordinates":[80.204366,12.9794]},"properties":{"id":"osm-node-5792664046","kind":"HOSPITAL","name":"Qure Ortho Clinic, Physiotherapy, X Ray & Pharmacy","name_en":null,"name_ta":null,"name_hi":null,"emergency":null,"osm_type":"node","osm_id":"5792664046","source":"OpenStreetMap","source_url":"https://www.openstreetmap.org/node/5792664046","is_simulated":false}},{"type":"Feature","id":"osm-node-5846492985","geometry":{"type":"Point","coordinates":[80.235374,13.010584]},"properties":{"id":"osm-node-5846492985","kind":"COLLEGE","name":"அண்ணா பல்கலைக்கழகம்","name_en":"Anna University","name_ta":null,"name_hi":"अण्णा यूनिवर्सिटी","emergency":null,"osm_type":"node","osm_id":"5846492985","source":"OpenStreetMap","source_url":"https://www.openstreetmap.org/node/5846492985","is_simulated":false}},{"type":"Feature","id":"osm-node-5850471689","geometry":{"type":"Point","coordinates":[80.256351,12.939798]},"properties":{"id":"osm-node-5850471689","kind":"COMMUNITY_CENTRE","name":"ராணி மஹால்","name_en":"Rani mahal","name_ta":null,"name_hi":null,"emergency":null,"osm_type":"node","osm_id":"5850471689","source":"OpenStreetMap","source_url":"https://www.openstreetmap.org/node/5850471689","is_simulated":false}},{"type":"Feature","id":"osm-node-5875330425","geometry":{"type":"Point","coordinates":[80.244473,13.027815]},"properties":{"id":"osm-node-5875330425","kind":"SCHOOL","name":"Govt.Hr secondary school","name_en":null,"name_ta":null,"name_hi":null,"emergency":null,"osm_type":"node","osm_id":"5875330425","source":"OpenStreetMap","source_url":"https://www.openstreetmap.org/node/5875330425","is_simulated":false}},{"type":"Feature","id":"osm-node-6185882385","geometry":{"type":"Point","coordinates":[80.208595,13.028966]},"properties":{"id":"osm-node-6185882385","kind":"HOSPITAL","name":"Nivas Skin Clinic","name_en":null,"name_ta":null,"name_hi":null,"emergency":null,"osm_type":"node","osm_id":"6185882385","source":"OpenStreetMap","source_url":"https://www.openstreetmap.org/node/6185882385","is_simulated":false}},{"type":"Feature","id":"osm-node-6356479646","geometry":{"type":"Point","coordinates":[80.246564,13.049052]},"properties":{"id":"osm-node-6356479646","kind":"SCHOOL","name":"Bala Mandir Kamaraj Trust","name_en":null,"name_ta":null,"name_hi":null,"emergency":null,"osm_type":"node","osm_id":"6356479646","source":"OpenStreetMap","source_url":"https://www.openstreetmap.org/node/6356479646","is_simulated":false}},{"type":"Feature","id":"osm-node-6780251054","geometry":{"type":"Point","coordinates":[80.266441,13.034137]},"properties":{"id":"osm-node-6780251054","kind":"POLICE","name":"Railway Police","name_en":null,"name_ta":null,"name_hi":null,"emergency":null,"osm_type":"node","osm_id":"6780251054","source":"OpenStreetMap","source_url":"https://www.openstreetmap.org/node/6780251054","is_simulated":false}},{"type":"Feature","id":"osm-node-6886285320","geometry":{"type":"Point","coordinates":[80.2451,13.033751]},"properties":{"id":"osm-node-6886285320","kind":"HOSPITAL","name":"Apollo Cancer Centres","name_en":null,"name_ta":null,"name_hi":null,"emergency":null,"osm_type":"node","osm_id":"6886285320","source":"OpenStreetMap","source_url":"https://www.openstreetmap.org/node/6886285320","is_simulated":false}},{"type":"Feature","id":"osm-node-6914280086","geometry":{"type":"Point","coordinates":[80.230346,13.032989]},"properties":{"id":"osm-node-6914280086","kind":"HOSPITAL","name":"Raju Hospitals","name_en":null,"name_ta":null,"name_hi":null,"emergency":null,"osm_type":"node","osm_id":"6914280086","source":"OpenStreetMap","source_url":"https://www.openstreetmap.org/node/6914280086","is_simulated":false}},{"type":"Feature","id":"osm-node-6914280093","geometry":{"type":"Point","coordinates":[80.177473,13.042307]},"properties":{"id":"osm-node-6914280093","kind":"HOSPITAL","name":"Rakshith Hospitals","name_en":null,"name_ta":null,"name_hi":null,"emergency":null,"osm_type":"node","osm_id":"6914280093","source":"OpenStreetMap","source_url":"https://www.openstreetmap.org/node/6914280093","is_simulated":false}},{"type":"Feature","id":"osm-node-6914764653","geometry":{"type":"Point","coordinates":[80.250713,13.006398]},"properties":{"id":"osm-node-6914764653","kind":"HOSPITAL","name":"Sri Kalyan Hospital","name_en":null,"name_ta":null,"name_hi":null,"emergency":null,"osm_type":"node","osm_id":"6914764653","source":"OpenStreetMap","source_url":"https://www.openstreetmap.org/node/6914764653","is_simulated":false}},{"type":"Feature","id":"osm-node-6914880539","geometry":{"type":"Point","coordinates":[80.22463,12.978945]},"properties":{"id":"osm-node-6914880539","kind":"HOSPITAL","name":"Chennai Eye Care Hospital","name_en":null,"name_ta":null,"name_hi":null,"emergency":null,"osm_type":"node","osm_id":"6914880539","source":"OpenStreetMap","source_url":"https://www.openstreetmap.org/node/6914880539","is_simulated":false}},{"type":"Feature","id":"osm-node-6914880546","geometry":{"type":"Point","coordinates":[80.255808,13.026849]},"properties":{"id":"osm-node-6914880546","kind":"HOSPITAL","name":"Chennai Kaliappa Hospital","name_en":null,"name_ta":null,"name_hi":null,"emergency":null,"osm_type":"node","osm_id":"6914880546","source":"OpenStreetMap","source_url":"https://www.openstreetmap.org/node/6914880546","is_simulated":false}},{"type":"Feature","id":"osm-node-6914896214","geometry":{"type":"Point","coordinates":[80.227829,13.024079]},"properties":{"id":"osm-node-6914896214","kind":"HOSPITAL","name":"R.G. Stone Urological Research Institute","name_en":null,"name_ta":null,"name_hi":null,"emergency":null,"osm_type":"node","osm_id":"6914896214","source":"OpenStreetMap","source_url":"https://www.openstreetmap.org/node/6914896214","is_simulated":false}},{"type":"Feature","id":"osm-node-6914896215","geometry":{"type":"Point","coordinates":[80.231179,13.048591]},"properties":{"id":"osm-node-6914896215","kind":"HOSPITAL","name":"R. K. Eye Centre","name_en":null,"name_ta":null,"name_hi":null,"emergency":null,"osm_type":"node","osm_id":"6914896215","source":"OpenStreetMap","source_url":"https://www.openstreetmap.org/node/6914896215","is_simulated":false}},{"type":"Feature","id":"osm-node-6914911764","geometry":{"type":"Point","coordinates":[80.21877,13.043309]},"properties":{"id":"osm-node-6914911764","kind":"HOSPITAL","name":"Vasanthram Hospital (P) Ltd.,","name_en":null,"name_ta":null,"name_hi":null,"emergency":null,"osm_type":"node","osm_id":"6914911764","source":"OpenStreetMap","source_url":"https://www.openstreetmap.org/node/6914911764","is_simulated":false}},{"type":"Feature","id":"osm-node-6915201226","geometry":{"type":"Point","coordinates":[80.218914,12.985588]},"properties":{"id":"osm-node-6915201226","kind":"HOSPITAL","name":"Helios Hospital Pvt Ltd","name_en":null,"name_ta":null,"name_hi":null,"emergency":null,"osm_type":"node","osm_id":"6915201226","source":"OpenStreetMap","source_url":"https://www.openstreetmap.org/node/6915201226","is_simulated":false}},{"type":"Feature","id":"osm-node-6915836812","geometry":{"type":"Point","coordinates":[80.235353,13.028265]},"properties":{"id":"osm-node-6915836812","kind":"HOSPITAL","name":"Huma Specialists Hospital and Research Centre Pvt Ltd","name_en":null,"name_ta":null,"name_hi":null,"emergency":null,"osm_type":"node","osm_id":"6915836812","source":"OpenStreetMap","source_url":"https://www.openstreetmap.org/node/6915836812","is_simulated":false}},{"type":"Feature","id":"osm-node-6916036803","geometry":{"type":"Point","coordinates":[80.187601,12.964439]},"properties":{"id":"osm-node-6916036803","kind":"HOSPITAL","name":"Divya Hospital","name_en":null,"name_ta":null,"name_hi":null,"emergency":null,"osm_type":"node","osm_id":"6916036803","source":"OpenStreetMap","source_url":"https://www.openstreetmap.org/node/6916036803","is_simulated":false}},{"type":"Feature","id":"osm-node-6926045326","geometry":{"type":"Point","coordinates":[80.216298,13.037976]},"properties":{"id":"osm-node-6926045326","kind":"HOSPITAL","name":"Sri Sai Krs Hospital","name_en":null,"name_ta":null,"name_hi":null,"emergency":null,"osm_type":"node","osm_id":"6926045326","source":"OpenStreetMap","source_url":"https://www.openstreetmap.org/node/6926045326","is_simulated":false}},{"type":"Feature","id":"osm-node-6926049961","geometry":{"type":"Point","coordinates":[80.188392,12.977971]},"properties":{"id":"osm-node-6926049961","kind":"HOSPITAL","name":"Gowri Nursing Home, Kanchipuram","name_en":null,"name_ta":null,"name_hi":null,"emergency":null,"osm_type":"node","osm_id":"6926049961","source":"OpenStreetMap","source_url":"https://www.openstreetmap.org/node/6926049961","is_simulated":false}},{"type":"Feature","id":"osm-node-6926055922","geometry":{"type":"Point","coordinates":[80.215904,13.033193]},"properties":{"id":"osm-node-6926055922","kind":"HOSPITAL","name":"Ammayi Eye Hospital","name_en":null,"name_ta":null,"name_hi":null,"emergency":null,"osm_type":"node","osm_id":"6926055922","source":"OpenStreetMap","source_url":"https://www.openstreetmap.org/node/6926055922","is_simulated":false}},{"type":"Feature","id":"osm-node-6926055923","geometry":{"type":"Point","coordinates":[80.201352,13.037967]},"properties":{"id":"osm-node-6926055923","kind":"HOSPITAL","name":"K.M. Speciality Hospital","name_en":null,"name_ta":null,"name_hi":null,"emergency":null,"osm_type":"node","osm_id":"6926055923","source":"OpenStreetMap","source_url":"https://www.openstreetmap.org/node/6926055923","is_simulated":false}},{"type":"Feature","id":"osm-node-6926107781","geometry":{"type":"Point","coordinates":[80.239497,13.033928]},"properties":{"id":"osm-node-6926107781","kind":"HOSPITAL","name":"Radhatri Nethralaya","name_en":null,"name_ta":null,"name_hi":null,"emergency":null,"osm_type":"node","osm_id":"6926107781","source":"OpenStreetMap","source_url":"https://www.openstreetmap.org/node/6926107781","is_simulated":false}},{"type":"Feature","id":"osm-node-6926118208","geometry":{"type":"Point","coordinates":[80.204421,13.040097]},"properties":{"id":"osm-node-6926118208","kind":"HOSPITAL","name":"S M Hospital, Chennai","name_en":null,"name_ta":null,"name_hi":null,"emergency":null,"osm_type":"node","osm_id":"6926118208","source":"OpenStreetMap","source_url":"https://www.openstreetmap.org/node/6926118208","is_simulated":false}},{"type":"Feature","id":"osm-node-6926173267","geometry":{"type":"Point","coordinates":[80.200128,13.001269]},"properties":{"id":"osm-node-6926173267","kind":"HOSPITAL","name":"Cu Shah Sankara Netralaya","name_en":null,"name_ta":null,"name_hi":null,"emergency":null,"osm_type":"node","osm_id":"6926173267","source":"OpenStreetMap","source_url":"https://www.openstreetmap.org/node/6926173267","is_simulated":false}},{"type":"Feature","id":"osm-node-6926437405","geometry":{"type":"Point","coordinates":[80.251721,13.032353]},"properties":{"id":"osm-node-6926437405","kind":"HOSPITAL","name":"Frontline Eye Hospital","name_en":null,"name_ta":null,"name_hi":null,"emergency":null,"osm_type":"node","osm_id":"6926437405","source":"OpenStreetMap","source_url":"https://www.openstreetmap.org/node/6926437405","is_simulated":false}},{"type":"Feature","id":"osm-node-6926437416","geometry":{"type":"Point","coordinates":[80.274447,13.047772]},"properties":{"id":"osm-node-6926437416","kind":"HOSPITAL","name":"Fousiya Hospital","name_en":null,"name_ta":null,"name_hi":null,"emergency":null,"osm_type":"node","osm_id":"6926437416","source":"OpenStreetMap","source_url":"https://www.openstreetmap.org/node/6926437416","is_simulated":false}},{"type":"Feature","id":"osm-node-6926437454","geometry":{"type":"Point","coordinates":[80.238114,13.037492]},"properties":{"id":"osm-node-6926437454","kind":"HOSPITAL","name":"Dr Gurusekaran Hospital Pvt Ltd","name_en":null,"name_ta":null,"name_hi":null,"emergency":null,"osm_type":"node","osm_id":"6926437454","source":"OpenStreetMap","source_url":"https://www.openstreetmap.org/node/6926437454","is_simulated":false}},{"type":"Feature","id":"osm-node-6926437476","geometry":{"type":"Point","coordinates":[80.186756,12.956977]},"properties":{"id":"osm-node-6926437476","kind":"HOSPITAL","name":"Grace Multipeciality Hospital","name_en":null,"name_ta":null,"name_hi":null,"emergency":null,"osm_type":"node","osm_id":"6926437476","source":"OpenStreetMap","source_url":"https://www.openstreetmap.org/node/6926437476","is_simulated":false}},{"type":"Feature","id":"osm-node-6926494055","geometry":{"type":"Point","coordinates":[80.206896,12.995298]},"properties":{"id":"osm-node-6926494055","kind":"HOSPITAL","name":"G. R. Hospital & Fertility Centre","name_en":null,"name_ta":null,"name_hi":null,"emergency":null,"osm_type":"node","osm_id":"6926494055","source":"OpenStreetMap","source_url":"https://www.openstreetmap.org/node/6926494055","is_simulated":false}},{"type":"Feature","id":"osm-node-6926808792","geometry":{"type":"Point","coordinates":[80.260158,12.986453]},"properties":{"id":"osm-node-6926808792","kind":"HOSPITAL","name":"Starlight Hospitals Pvt Ltd","name_en":null,"name_ta":null,"name_hi":null,"emergency":null,"osm_type":"node","osm_id":"6926808792","source":"OpenStreetMap","source_url":"https://www.openstreetmap.org/node/6926808792","is_simulated":false}},{"type":"Feature","id":"osm-node-6926953017","geometry":{"type":"Point","coordinates":[80.256648,13.027462]},"properties":{"id":"osm-node-6926953017","kind":"HOSPITAL","name":"Kaliappa Renal Center","name_en":null,"name_ta":null,"name_hi":null,"emergency":null,"osm_type":"node","osm_id":"6926953017","source":"OpenStreetMap","source_url":"https://www.openstreetmap.org/node/6926953017","is_simulated":false}},{"type":"Feature","id":"osm-node-6926953024","geometry":{"type":"Point","coordinates":[80.198674,12.991118]},"properties":{"id":"osm-node-6926953024","kind":"HOSPITAL","name":"K P Childrens Hospital And Neuro Centre","name_en":null,"name_ta":null,"name_hi":null,"emergency":null,"osm_type":"node","osm_id":"6926953024","source":"OpenStreetMap","source_url":"https://www.openstreetmap.org/node/6926953024","is_simulated":false}},{"type":"Feature","id":"osm-node-6927292449","geometry":{"type":"Point","coordinates":[80.233976,13.034398]},"properties":{"id":"osm-node-6927292449","kind":"HOSPITAL","name":"Krishna Eye And Ent Hospitals","name_en":null,"name_ta":null,"name_hi":null,"emergency":null,"osm_type":"node","osm_id":"6927292449","source":"OpenStreetMap","source_url":"https://www.openstreetmap.org/node/6927292449","is_simulated":false}},{"type":"Feature","id":"osm-node-6927380447","geometry":{"type":"Point","coordinates":[80.264657,13.047687]},"properties":{"id":"osm-node-6927380447","kind":"HOSPITAL","name":"Santhigiri Ayurveda and Siddha Hospital, Chennai","name_en":null,"name_ta":null,"name_hi":null,"emergency":null,"osm_type":"node","osm_id":"6927380447","source":"OpenStreetMap","source_url":"https://www.openstreetmap.org/node/6927380447","is_simulated":false}},{"type":"Feature","id":"osm-node-6927769046","geometry":{"type":"Point","coordinates":[80.26919,12.995229]},"properties":{"id":"osm-node-6927769046","kind":"HOSPITAL","name":"Santosh Hospital Pvt Ltd","name_en":null,"name_ta":null,"name_hi":null,"emergency":null,"osm_type":"node","osm_id":"6927769046","source":"OpenStreetMap","source_url":"https://www.openstreetmap.org/node/6927769046","is_simulated":false}},{"type":"Feature","id":"osm-node-6928094720","geometry":{"type":"Point","coordinates":[80.2222,12.976271]},"properties":{"id":"osm-node-6928094720","kind":"HOSPITAL","name":"Athipathi Hospital and Research Centre","name_en":null,"name_ta":null,"name_hi":null,"emergency":null,"osm_type":"node","osm_id":"6928094720","source":"OpenStreetMap","source_url":"https://www.openstreetmap.org/node/6928094720","is_simulated":false}},{"type":"Feature","id":"osm-node-6928167787","geometry":{"type":"Point","coordinates":[80.251914,13.034979]},"properties":{"id":"osm-node-6928167787","kind":"HOSPITAL","name":"Girishwari Hospital Pvt Ltd","name_en":null,"name_ta":null,"name_hi":null,"emergency":null,"osm_type":"node","osm_id":"6928167787","source":"OpenStreetMap","source_url":"https://www.openstreetmap.org/node/6928167787","is_simulated":false}},{"type":"Feature","id":"osm-node-6928384708","geometry":{"type":"Point","coordinates":[80.261802,13.040701]},"properties":{"id":"osm-node-6928384708","kind":"HOSPITAL","name":"Dr. K Ravi Eye Care","name_en":null,"name_ta":null,"name_hi":null,"emergency":null,"osm_type":"node","osm_id":"6928384708","source":"OpenStreetMap","source_url":"https://www.openstreetmap.org/node/6928384708","is_simulated":false}},{"type":"Feature","id":"osm-node-6928727073","geometry":{"type":"Point","coordinates":[80.254144,13.026869]},"properties":{"id":"osm-node-6928727073","kind":"HOSPITAL","name":"Madras Ent Research Foundation","name_en":null,"name_ta":null,"name_hi":null,"emergency":null,"osm_type":"node","osm_id":"6928727073","source":"OpenStreetMap","source_url":"https://www.openstreetmap.org/node/6928727073","is_simulated":false}},{"type":"Feature","id":"osm-node-6928779096","geometry":{"type":"Point","coordinates":[80.228211,12.910941]},"properties":{"id":"osm-node-6928779096","kind":"HOSPITAL","name":"Chettinad Super Speciality Hospital","name_en":null,"name_ta":null,"name_hi":null,"emergency":null,"osm_type":"node","osm_id":"6928779096","source":"OpenStreetMap","source_url":"https://www.openstreetmap.org/node/6928779096","is_simulated":false}},{"type":"Feature","id":"osm-node-6928920472","geometry":{"type":"Point","coordinates":[80.252087,13.002219]},"properties":{"id":"osm-node-6928920472","kind":"HOSPITAL","name":"Dr.Kamakshi Memorial Hospital","name_en":null,"name_ta":null,"name_hi":null,"emergency":null,"osm_type":"node","osm_id":"6928920472","source":"OpenStreetMap","source_url":"https://www.openstreetmap.org/node/6928920472","is_simulated":false}},{"type":"Feature","id":"osm-node-6928920473","geometry":{"type":"Point","coordinates":[80.227937,13.034051]},"properties":{"id":"osm-node-6928920473","kind":"HOSPITAL","name":"Dr.Duraiswami Eye Hospital","name_en":null,"name_ta":null,"name_hi":null,"emergency":null,"osm_type":"node","osm_id":"6928920473","source":"OpenStreetMap","source_url":"https://www.openstreetmap.org/node/6928920473","is_simulated":false}},{"type":"Feature","id":"osm-node-6928936148","geometry":{"type":"Point","coordinates":[80.217608,12.983268]},"properties":{"id":"osm-node-6928936148","kind":"HOSPITAL","name":"Dr.Agarwals Eye Hospital","name_en":null,"name_ta":null,"name_hi":null,"emergency":null,"osm_type":"node","osm_id":"6928936148","source":"OpenStreetMap","source_url":"https://www.openstreetmap.org/node/6928936148","is_simulated":false}},{"type":"Feature","id":"osm-node-6928936149","geometry":{"type":"Point","coordinates":[80.189166,12.982784]},"properties":{"id":"osm-node-6928936149","kind":"HOSPITAL","name":"Dr.Agarwal's Eye Hospital Ltd, Nanganallur","name_en":null,"name_ta":null,"name_hi":null,"emergency":null,"osm_type":"node","osm_id":"6928936149","source":"OpenStreetMap","source_url":"https://www.openstreetmap.org/node/6928936149","is_simulated":false}},{"type":"Feature","id":"osm-node-6928936160","geometry":{"type":"Point","coordinates":[80.24229,13.046549]},"properties":{"id":"osm-node-6928936160","kind":"HOSPITAL","name":"Dr. Udhaya Rajas Dental Centre","name_en":null,"name_ta":null,"name_hi":null,"emergency":null,"osm_type":"node","osm_id":"6928936160","source":"OpenStreetMap","source_url":"https://www.openstreetmap.org/node/6928936160","is_simulated":false}},{"type":"Feature","id":"osm-node-6929259906","geometry":{"type":"Point","coordinates":[80.221869,13.031489]},"properties":{"id":"osm-node-6929259906","kind":"HOSPITAL","name":"Lakshmi Hospital","name_en":null,"name_ta":null,"name_hi":null,"emergency":null,"osm_type":"node","osm_id":"6929259906","source":"OpenStreetMap","source_url":"https://www.openstreetmap.org/node/6929259906","is_simulated":false}},{"type":"Feature","id":"osm-node-6929266356","geometry":{"type":"Point","coordinates":[80.231548,12.932796]},"properties":{"id":"osm-node-6929266356","kind":"HOSPITAL","name":"நந்தினி மருத்துவமனை","name_en":"Nanthini Hospital","name_ta":null,"name_hi":null,"emergency":true,"osm_type":"node","osm_id":"6929266356","source":"OpenStreetMap","source_url":"https://www.openstreetmap.org/node/6929266356","is_simulated":false}},{"type":"Feature","id":"osm-node-6929359057","geometry":{"type":"Point","coordinates":[80.245015,13.048098]},"properties":{"id":"osm-node-6929359057","kind":"HOSPITAL","name":"Bharathirajaa Hospital and Research centre","name_en":null,"name_ta":null,"name_hi":null,"emergency":null,"osm_type":"node","osm_id":"6929359057","source":"OpenStreetMap","source_url":"https://www.openstreetmap.org/node/6929359057","is_simulated":false}},{"type":"Feature","id":"osm-node-6929372896","geometry":{"type":"Point","coordinates":[80.193783,12.982328]},"properties":{"id":"osm-node-6929372896","kind":"HOSPITAL","name":"Bharath Hospital","name_en":null,"name_ta":null,"name_hi":null,"emergency":null,"osm_type":"node","osm_id":"6929372896","source":"OpenStreetMap","source_url":"https://www.openstreetmap.org/node/6929372896","is_simulated":false}},{"type":"Feature","id":"osm-node-6929398895","geometry":{"type":"Point","coordinates":[80.258279,13.038261]},"properties":{"id":"osm-node-6929398895","kind":"HOSPITAL","name":"Trinity Acute Care Hospital - Chennai","name_en":null,"name_ta":null,"name_hi":null,"emergency":null,"osm_type":"node","osm_id":"6929398895","source":"OpenStreetMap","source_url":"https://www.openstreetmap.org/node/6929398895","is_simulated":false}},{"type":"Feature","id":"osm-node-6929592168","geometry":{"type":"Point","coordinates":[80.226987,13.027444]},"properties":{"id":"osm-node-6929592168","kind":"HOSPITAL","name":"Balakrishna Eye Hospital","name_en":null,"name_ta":null,"name_hi":null,"emergency":null,"osm_type":"node","osm_id":"6929592168","source":"OpenStreetMap","source_url":"https://www.openstreetmap.org/node/6929592168","is_simulated":false}},{"type":"Feature","id":"osm-node-6929625895","geometry":{"type":"Point","coordinates":[80.265523,13.026013]},"properties":{"id":"osm-node-6929625895","kind":"HOSPITAL","name":"B.S.S. Hospital","name_en":"B.S.S. Hospital","name_ta":null,"name_hi":null,"emergency":true,"osm_type":"node","osm_id":"6929625895","source":"OpenStreetMap","source_url":"https://www.openstreetmap.org/node/6929625895","is_simulated":false}},{"type":"Feature","id":"osm-node-6929731466","geometry":{"type":"Point","coordinates":[80.255814,13.037303]},"properties":{"id":"osm-node-6929731466","kind":"HOSPITAL","name":"Harvey Healthcare Limited","name_en":null,"name_ta":null,"name_hi":null,"emergency":null,"osm_type":"node","osm_id":"6929731466","source":"OpenStreetMap","source_url":"https://www.openstreetmap.org/node/6929731466","is_simulated":false}},{"type":"Feature","id":"osm-node-6929969774","geometry":{"type":"Point","coordinates":[80.231302,13.039548]},"properties":{"id":"osm-node-6929969774","kind":"HOSPITAL","name":"Kottakkal Arya Vaidya Sala","name_en":null,"name_ta":null,"name_hi":null,"emergency":null,"osm_type":"node","osm_id":"6929969774","source":"OpenStreetMap","source_url":"https://www.openstreetmap.org/node/6929969774","is_simulated":false}},{"type":"Feature","id":"osm-node-6930163091","geometry":{"type":"Point","coordinates":[80.214687,13.040573]},"properties":{"id":"osm-node-6930163091","kind":"HOSPITAL","name":"Je Nesam Hospital","name_en":null,"name_ta":null,"name_hi":null,"emergency":null,"osm_type":"node","osm_id":"6930163091","source":"OpenStreetMap","source_url":"https://www.openstreetmap.org/node/6930163091","is_simulated":false}},{"type":"Feature","id":"osm-node-6930163175","geometry":{"type":"Point","coordinates":[80.261962,13.03762]},"properties":{"id":"osm-node-6930163175","kind":"HOSPITAL","name":"Chennai Meenakshi Multispeciality Hospital Ltd","name_en":null,"name_ta":null,"name_hi":null,"emergency":null,"osm_type":"node","osm_id":"6930163175","source":"OpenStreetMap","source_url":"https://www.openstreetmap.org/node/6930163175","is_simulated":false}},{"type":"Feature","id":"osm-node-6930188138","geometry":{"type":"Point","coordinates":[80.259292,13.021039]},"properties":{"id":"osm-node-6930188138","kind":"HOSPITAL","name":"Chennai Skin Foundation and Yesudian Research Institute","name_en":null,"name_ta":null,"name_hi":null,"emergency":null,"osm_type":"node","osm_id":"6930188138","source":"OpenStreetMap","source_url":"https://www.openstreetmap.org/node/6930188138","is_simulated":false}},{"type":"Feature","id":"osm-node-6931658649","geometry":{"type":"Point","coordinates":[80.197998,13.046289]},"properties":{"id":"osm-node-6931658649","kind":"HOSPITAL","name":"V H M Hospitals Pvt Ltd","name_en":null,"name_ta":null,"name_hi":null,"emergency":null,"osm_type":"node","osm_id":"6931658649","source":"OpenStreetMap","source_url":"https://www.openstreetmap.org/node/6931658649","is_simulated":false}},{"type":"Feature","id":"osm-node-6932103990","geometry":{"type":"Point","coordinates":[80.256821,13.039056]},"properties":{"id":"osm-node-6932103990","kind":"HOSPITAL","name":"Kauvery Hospital, Chennai","name_en":null,"name_ta":null,"name_hi":null,"emergency":null,"osm_type":"node","osm_id":"6932103990","source":"OpenStreetMap","source_url":"https://www.openstreetmap.org/node/6932103990","is_simulated":false}},{"type":"Feature","id":"osm-node-6932203729","geometry":{"type":"Point","coordinates":[80.255186,12.950784]},"properties":{"id":"osm-node-6932203729","kind":"HOSPITAL","name":"Santhi Hospital","name_en":null,"name_ta":null,"name_hi":null,"emergency":true,"osm_type":"node","osm_id":"6932203729","source":"OpenStreetMap","source_url":"https://www.openstreetmap.org/node/6932203729","is_simulated":false}},{"type":"Feature","id":"osm-node-6932938089","geometry":{"type":"Point","coordinates":[80.263635,13.043547]},"properties":{"id":"osm-node-6932938089","kind":"HOSPITAL","name":"Laksha Hospital","name_en":null,"name_ta":null,"name_hi":null,"emergency":null,"osm_type":"node","osm_id":"6932938089","source":"OpenStreetMap","source_url":"https://www.openstreetmap.org/node/6932938089","is_simulated":false}},{"type":"Feature","id":"osm-node-6933010451","geometry":{"type":"Point","coordinates":[80.26232,13.026946]},"properties":{"id":"osm-node-6933010451","kind":"HOSPITAL","name":"Janamma Hospital","name_en":"Janamma Hospital","name_ta":null,"name_hi":null,"emergency":null,"osm_type":"node","osm_id":"6933010451","source":"OpenStreetMap","source_url":"https://www.openstreetmap.org/node/6933010451","is_simulated":false}},{"type":"Feature","id":"osm-node-6933038566","geometry":{"type":"Point","coordinates":[80.262239,13.022206]},"properties":{"id":"osm-node-6933038566","kind":"HOSPITAL","name":"Indira Eye Hospital","name_en":null,"name_ta":null,"name_hi":null,"emergency":null,"osm_type":"node","osm_id":"6933038566","source":"OpenStreetMap","source_url":"https://www.openstreetmap.org/node/6933038566","is_simulated":false}},{"type":"Feature","id":"osm-node-6933279103","geometry":{"type":"Point","coordinates":[80.2551,12.950427]},"properties":{"id":"osm-node-6933279103","kind":"HOSPITAL","name":"Vasan Eye Care Hospital, Neelankarai","name_en":null,"name_ta":null,"name_hi":null,"emergency":null,"osm_type":"node","osm_id":"6933279103","source":"OpenStreetMap","source_url":"https://www.openstreetmap.org/node/6933279103","is_simulated":false}},{"type":"Feature","id":"osm-node-6933510877","geometry":{"type":"Point","coordinates":[80.260334,12.995856]},"properties":{"id":"osm-node-6933510877","kind":"HOSPITAL","name":"Jayam Polyclinc","name_en":null,"name_ta":null,"name_hi":null,"emergency":null,"osm_type":"node","osm_id":"6933510877","source":"OpenStreetMap","source_url":"https://www.openstreetmap.org/node/6933510877","is_simulated":false}},{"type":"Feature","id":"osm-node-6933828333","geometry":{"type":"Point","coordinates":[80.222004,13.046106]},"properties":{"id":"osm-node-6933828333","kind":"HOSPITAL","name":"Madras Poly Clinic and R.R. Scan","name_en":null,"name_ta":null,"name_hi":null,"emergency":null,"osm_type":"node","osm_id":"6933828333","source":"OpenStreetMap","source_url":"https://www.openstreetmap.org/node/6933828333","is_simulated":false}},{"type":"Feature","id":"osm-node-6933831617","geometry":{"type":"Point","coordinates":[80.174755,13.041106]},"properties":{"id":"osm-node-6933831617","kind":"HOSPITAL","name":"Vasan Eye Care Hospital, Valasaravakkam","name_en":null,"name_ta":null,"name_hi":null,"emergency":null,"osm_type":"node","osm_id":"6933831617","source":"OpenStreetMap","source_url":"https://www.openstreetmap.org/node/6933831617","is_simulated":false}},{"type":"Feature","id":"osm-node-6934018868","geometry":{"type":"Point","coordinates":[80.224146,13.047324]},"properties":{"id":"osm-node-6934018868","kind":"HOSPITAL","name":"S.V. Bone And Joint Hospital","name_en":null,"name_ta":null,"name_hi":null,"emergency":null,"osm_type":"node","osm_id":"6934018868","source":"OpenStreetMap","source_url":"https://www.openstreetmap.org/node/6934018868","is_simulated":false}},{"type":"Feature","id":"osm-node-6934031649","geometry":{"type":"Point","coordinates":[80.192764,12.965227]},"properties":{"id":"osm-node-6934031649","kind":"HOSPITAL","name":"Sri G.M. Hospital","name_en":null,"name_ta":null,"name_hi":null,"emergency":null,"osm_type":"node","osm_id":"6934031649","source":"OpenStreetMap","source_url":"https://www.openstreetmap.org/node/6934031649","is_simulated":false}},{"type":"Feature","id":"osm-node-6934061609","geometry":{"type":"Point","coordinates":[80.185138,12.97853]},"properties":{"id":"osm-node-6934061609","kind":"HOSPITAL","name":"Srichakara Multispeciality Hospital","name_en":null,"name_ta":null,"name_hi":null,"emergency":null,"osm_type":"node","osm_id":"6934061609","source":"OpenStreetMap","source_url":"https://www.openstreetmap.org/node/6934061609","is_simulated":false}},{"type":"Feature","id":"osm-node-6934146446","geometry":{"type":"Point","coordinates":[80.277848,13.035062]},"properties":{"id":"osm-node-6934146446","kind":"HOSPITAL","name":"Sinus And Nose Hospital - Mylapore, Chennai","name_en":null,"name_ta":null,"name_hi":null,"emergency":null,"osm_type":"node","osm_id":"6934146446","source":"OpenStreetMap","source_url":"https://www.openstreetmap.org/node/6934146446","is_simulated":false}},{"type":"Feature","id":"osm-node-6934163318","geometry":{"type":"Point","coordinates":[80.190456,12.969792]},"properties":{"id":"osm-node-6934163318","kind":"HOSPITAL","name":"Sibi Hospital","name_en":null,"name_ta":null,"name_hi":null,"emergency":null,"osm_type":"node","osm_id":"6934163318","source":"OpenStreetMap","source_url":"https://www.openstreetmap.org/node/6934163318","is_simulated":false}},{"type":"Feature","id":"osm-node-6934186203","geometry":{"type":"Point","coordinates":[80.185987,12.985791]},"properties":{"id":"osm-node-6934186203","kind":"HOSPITAL","name":"Sri Venkateshwara`s C.M. Hospital","name_en":null,"name_ta":null,"name_hi":null,"emergency":null,"osm_type":"node","osm_id":"6934186203","source":"OpenStreetMap","source_url":"https://www.openstreetmap.org/node/6934186203","is_simulated":false}},{"type":"Feature","id":"osm-node-6934270989","geometry":{"type":"Point","coordinates":[80.188005,12.963741]},"properties":{"id":"osm-node-6934270989","kind":"HOSPITAL","name":"Anjakha Hospital","name_en":null,"name_ta":"அஞ்சகா மருத்துவமனை","name_hi":null,"emergency":null,"osm_type":"node","osm_id":"6934270989","source":"OpenStreetMap","source_url":"https://www.openstreetmap.org/node/6934270989","is_simulated":false}},{"type":"Feature","id":"osm-node-6934271111","geometry":{"type":"Point","coordinates":[80.26036,12.996767]},"properties":{"id":"osm-node-6934271111","kind":"HOSPITAL","name":"M N Eye Hospital","name_en":null,"name_ta":null,"name_hi":null,"emergency":null,"osm_type":"node","osm_id":"6934271111","source":"OpenStreetMap","source_url":"https://www.openstreetmap.org/node/6934271111","is_simulated":false}},{"type":"Feature","id":"osm-node-6934325882","geometry":{"type":"Point","coordinates":[80.261517,13.032852]},"properties":{"id":"osm-node-6934325882","kind":"HOSPITAL","name":"Nandalala Medical Foundation","name_en":null,"name_ta":null,"name_hi":null,"emergency":null,"osm_type":"node","osm_id":"6934325882","source":"OpenStreetMap","source_url":"https://www.openstreetmap.org/node/6934325882","is_simulated":false}},{"type":"Feature","id":"osm-node-6934340601","geometry":{"type":"Point","coordinates":[80.224793,12.978471]},"properties":{"id":"osm-node-6934340601","kind":"HOSPITAL","name":"Nandhini Hospital","name_en":null,"name_ta":null,"name_hi":null,"emergency":null,"osm_type":"node","osm_id":"6934340601","source":"OpenStreetMap","source_url":"https://www.openstreetmap.org/node/6934340601","is_simulated":false}},{"type":"Feature","id":"osm-node-6934340623","geometry":{"type":"Point","coordinates":[80.260788,13.026511]},"properties":{"id":"osm-node-6934340623","kind":"HOSPITAL","name":"Navasuja Sankara Nethralaya","name_en":"Navasuja Sankara Nethralaya","name_ta":null,"name_hi":null,"emergency":null,"osm_type":"node","osm_id":"6934340623","source":"OpenStreetMap","source_url":"https://www.openstreetmap.org/node/6934340623","is_simulated":false}},{"type":"Feature","id":"osm-node-6934340658","geometry":{"type":"Point","coordinates":[80.231118,13.031647]},"properties":{"id":"osm-node-6934340658","kind":"HOSPITAL","name":"New Balaji Hospital, Chennai","name_en":null,"name_ta":null,"name_hi":null,"emergency":null,"osm_type":"node","osm_id":"6934340658","source":"OpenStreetMap","source_url":"https://www.openstreetmap.org/node/6934340658","is_simulated":false}},{"type":"Feature","id":"osm-node-6934340749","geometry":{"type":"Point","coordinates":[80.208672,13.039056]},"properties":{"id":"osm-node-6934340749","kind":"HOSPITAL","name":"Orthopedic and Specialities Hospital","name_en":null,"name_ta":null,"name_hi":null,"emergency":null,"osm_type":"node","osm_id":"6934340749","source":"OpenStreetMap","source_url":"https://www.openstreetmap.org/node/6934340749","is_simulated":false}},{"type":"Feature","id":"osm-node-6934340766","geometry":{"type":"Point","coordinates":[80.253703,12.999622]},"properties":{"id":"osm-node-6934340766","kind":"HOSPITAL","name":"Padmapriya Hospital Pvt. Ltd.","name_en":null,"name_ta":null,"name_hi":null,"emergency":null,"osm_type":"node","osm_id":"6934340766","source":"OpenStreetMap","source_url":"https://www.openstreetmap.org/node/6934340766","is_simulated":false}},{"type":"Feature","id":"osm-node-6934340781","geometry":{"type":"Point","coordinates":[80.223508,13.012212]},"properties":{"id":"osm-node-6934340781","kind":"HOSPITAL","name":"Palani Balaji Fertility Centre","name_en":null,"name_ta":null,"name_hi":null,"emergency":null,"osm_type":"node","osm_id":"6934340781","source":"OpenStreetMap","source_url":"https://www.openstreetmap.org/node/6934340781","is_simulated":false}},{"type":"Feature","id":"osm-node-6934340782","geometry":{"type":"Point","coordinates":[80.2126,13.042039]},"properties":{"id":"osm-node-6934340782","kind":"HOSPITAL","name":"Pallava Hospital","name_en":null,"name_ta":null,"name_hi":null,"emergency":null,"osm_type":"node","osm_id":"6934340782","source":"OpenStreetMap","source_url":"https://www.openstreetmap.org/node/6934340782","is_simulated":false}},{"type":"Feature","id":"osm-node-6934340789","geometry":{"type":"Point","coordinates":[80.183596,12.980147]},"properties":{"id":"osm-node-6934340789","kind":"HOSPITAL","name":"Pankajam Memorial Hospital","name_en":null,"name_ta":null,"name_hi":null,"emergency":null,"osm_type":"node","osm_id":"6934340789","source":"OpenStreetMap","source_url":"https://www.openstreetmap.org/node/6934340789","is_simulated":false}},{"type":"Feature","id":"osm-node-6934347093","geometry":{"type":"Point","coordinates":[80.233755,13.035688]},"properties":{"id":"osm-node-6934347093","kind":"HOSPITAL","name":"Anuradha Maternity Centre","name_en":null,"name_ta":null,"name_hi":null,"emergency":null,"osm_type":"node","osm_id":"6934347093","source":"OpenStreetMap","source_url":"https://www.openstreetmap.org/node/6934347093","is_simulated":false}},{"type":"Feature","id":"osm-node-6935159758","geometry":{"type":"Point","coordinates":[80.186798,12.967335]},"properties":{"id":"osm-node-6935159758","kind":"HOSPITAL","name":"Thirimoorthys Heart Care Hospital","name_en":null,"name_ta":null,"name_hi":null,"emergency":null,"osm_type":"node","osm_id":"6935159758","source":"OpenStreetMap","source_url":"https://www.openstreetmap.org/node/6935159758","is_simulated":false}},{"type":"Feature","id":"osm-node-6936244762","geometry":{"type":"Point","coordinates":[80.184651,13.044968]},"properties":{"id":"osm-node-6936244762","kind":"HOSPITAL","name":"Royal Hospital - Chennai","name_en":null,"name_ta":null,"name_hi":null,"emergency":null,"osm_type":"node","osm_id":"6936244762","source":"OpenStreetMap","source_url":"https://www.openstreetmap.org/node/6936244762","is_simulated":false}},{"type":"Feature","id":"osm-node-6936264375","geometry":{"type":"Point","coordinates":[80.17159,13.030913]},"properties":{"id":"osm-node-6936264375","kind":"HOSPITAL","name":"Viganesh Hospital","name_en":null,"name_ta":null,"name_hi":null,"emergency":null,"osm_type":"node","osm_id":"6936264375","source":"OpenStreetMap","source_url":"https://www.openstreetmap.org/node/6936264375","is_simulated":false}},{"type":"Feature","id":"osm-node-6936271569","geometry":{"type":"Point","coordinates":[80.246143,12.964078]},"properties":{"id":"osm-node-6936271569","kind":"HOSPITAL","name":"Sri Lakshmi Multi Speciality Hospital Pvt Ltd","name_en":null,"name_ta":null,"name_hi":null,"emergency":null,"osm_type":"node","osm_id":"6936271569","source":"OpenStreetMap","source_url":"https://www.openstreetmap.org/node/6936271569","is_simulated":false}},{"type":"Feature","id":"osm-node-6936339711","geometry":{"type":"Point","coordinates":[80.204042,13.048399]},"properties":{"id":"osm-node-6936339711","kind":"HOSPITAL","name":"R.R. Eye Instutute and Laser Foundation","name_en":null,"name_ta":null,"name_hi":null,"emergency":null,"osm_type":"node","osm_id":"6936339711","source":"OpenStreetMap","source_url":"https://www.openstreetmap.org/node/6936339711","is_simulated":false}},{"type":"Feature","id":"osm-node-6936339822","geometry":{"type":"Point","coordinates":[80.263711,13.044149]},"properties":{"id":"osm-node-6936339822","kind":"HOSPITAL","name":"Avm Medical Ent Research Foundation Pvt Ltd","name_en":null,"name_ta":null,"name_hi":null,"emergency":null,"osm_type":"node","osm_id":"6936339822","source":"OpenStreetMap","source_url":"https://www.openstreetmap.org/node/6936339822","is_simulated":false}},{"type":"Feature","id":"osm-node-6936359923","geometry":{"type":"Point","coordinates":[80.237152,13.043012]},"properties":{"id":"osm-node-6936359923","kind":"HOSPITAL","name":"Laser and Laparascopic Hospital","name_en":null,"name_ta":null,"name_hi":null,"emergency":null,"osm_type":"node","osm_id":"6936359923","source":"OpenStreetMap","source_url":"https://www.openstreetmap.org/node/6936359923","is_simulated":false}},{"type":"Feature","id":"osm-node-6936359940","geometry":{"type":"Point","coordinates":[80.252844,12.993867]},"properties":{"id":"osm-node-6936359940","kind":"HOSPITAL","name":"Lakshmi Maternity Hospital","name_en":null,"name_ta":null,"name_hi":null,"emergency":null,"osm_type":"node","osm_id":"6936359940","source":"OpenStreetMap","source_url":"https://www.openstreetmap.org/node/6936359940","is_simulated":false}},{"type":"Feature","id":"osm-node-6936391765","geometry":{"type":"Point","coordinates":[80.271101,13.017796]},"properties":{"id":"osm-node-6936391765","kind":"HOSPITAL","name":"Apollo Specialty Hospitals Private Limited","name_en":null,"name_ta":null,"name_hi":null,"emergency":null,"osm_type":"node","osm_id":"6936391765","source":"OpenStreetMap","source_url":"https://www.openstreetmap.org/node/6936391765","is_simulated":false}},{"type":"Feature","id":"osm-node-6936434314","geometry":{"type":"Point","coordinates":[80.182281,13.035348]},"properties":{"id":"osm-node-6936434314","kind":"HOSPITAL","name":"Srushti Hospital, Ramapuram","name_en":null,"name_ta":null,"name_hi":null,"emergency":null,"osm_type":"node","osm_id":"6936434314","source":"OpenStreetMap","source_url":"https://www.openstreetmap.org/node/6936434314","is_simulated":false}},{"type":"Feature","id":"osm-node-6936663153","geometry":{"type":"Point","coordinates":[80.211402,12.976391]},"properties":{"id":"osm-node-6936663153","kind":"HOSPITAL","name":"Velachery K S Hospital","name_en":null,"name_ta":null,"name_hi":null,"emergency":null,"osm_type":"node","osm_id":"6936663153","source":"OpenStreetMap","source_url":"https://www.openstreetmap.org/node/6936663153","is_simulated":false}},{"type":"Feature","id":"osm-node-6936681265","geometry":{"type":"Point","coordinates":[80.23362,13.044037]},"properties":{"id":"osm-node-6936681265","kind":"HOSPITAL","name":"Sathya Physiotherapy Centre","name_en":null,"name_ta":null,"name_hi":null,"emergency":null,"osm_type":"node","osm_id":"6936681265","source":"OpenStreetMap","source_url":"https://www.openstreetmap.org/node/6936681265","is_simulated":false}},{"type":"Feature","id":"osm-node-6936684328","geometry":{"type":"Point","coordinates":[80.206147,12.992512]},"properties":{"id":"osm-node-6936684328","kind":"HOSPITAL","name":"Ponmalligai Hospital Pvt Ltd","name_en":null,"name_ta":null,"name_hi":null,"emergency":null,"osm_type":"node","osm_id":"6936684328","source":"OpenStreetMap","source_url":"https://www.openstreetmap.org/node/6936684328","is_simulated":false}},{"type":"Feature","id":"osm-node-6936684391","geometry":{"type":"Point","coordinates":[80.229089,13.038952]},"properties":{"id":"osm-node-6936684391","kind":"HOSPITAL","name":"Pdr Othopaedic Hospital","name_en":null,"name_ta":null,"name_hi":null,"emergency":null,"osm_type":"node","osm_id":"6936684391","source":"OpenStreetMap","source_url":"https://www.openstreetmap.org/node/6936684391","is_simulated":false}},{"type":"Feature","id":"osm-node-6936695126","geometry":{"type":"Point","coordinates":[80.270681,13.042779]},"properties":{"id":"osm-node-6936695126","kind":"HOSPITAL","name":"E V Kalyani Medical Centre","name_en":null,"name_ta":null,"name_hi":null,"emergency":null,"osm_type":"node","osm_id":"6936695126","source":"OpenStreetMap","source_url":"https://www.openstreetmap.org/node/6936695126","is_simulated":false}},{"type":"Feature","id":"osm-node-6936695172","geometry":{"type":"Point","coordinates":[80.263159,13.026988]},"properties":{"id":"osm-node-6936695172","kind":"HOSPITAL","name":"Yogi Vedha Kumari Hospital","name_en":null,"name_ta":null,"name_hi":null,"emergency":null,"osm_type":"node","osm_id":"6936695172","source":"OpenStreetMap","source_url":"https://www.openstreetmap.org/node/6936695172","is_simulated":false}},{"type":"Feature","id":"osm-node-6936695177","geometry":{"type":"Point","coordinates":[80.218178,12.983389]},"properties":{"id":"osm-node-6936695177","kind":"HOSPITAL","name":"Xcellent Care Superspeciality Hospital","name_en":null,"name_ta":null,"name_hi":null,"emergency":null,"osm_type":"node","osm_id":"6936695177","source":"OpenStreetMap","source_url":"https://www.openstreetmap.org/node/6936695177","is_simulated":false}},{"type":"Feature","id":"osm-node-6936695178","geometry":{"type":"Point","coordinates":[80.232907,13.047847]},"properties":{"id":"osm-node-6936695178","kind":"HOSPITAL","name":"Women and Children Foundation","name_en":null,"name_ta":null,"name_hi":null,"emergency":null,"osm_type":"node","osm_id":"6936695178","source":"OpenStreetMap","source_url":"https://www.openstreetmap.org/node/6936695178","is_simulated":false}},{"type":"Feature","id":"osm-node-6936708005","geometry":{"type":"Point","coordinates":[80.237165,13.033278]},"properties":{"id":"osm-node-6936708005","kind":"HOSPITAL","name":"Sai Ortho Care Hospital","name_en":null,"name_ta":null,"name_hi":null,"emergency":null,"osm_type":"node","osm_id":"6936708005","source":"OpenStreetMap","source_url":"https://www.openstreetmap.org/node/6936708005","is_simulated":false}},{"type":"Feature","id":"osm-node-6936708989","geometry":{"type":"Point","coordinates":[80.20352,13.048189]},"properties":{"id":"osm-node-6936708989","kind":"HOSPITAL","name":"Sooriya Hospital","name_en":null,"name_ta":null,"name_hi":null,"emergency":null,"osm_type":"node","osm_id":"6936708989","source":"OpenStreetMap","source_url":"https://www.openstreetmap.org/node/6936708989","is_simulated":false}},{"type":"Feature","id":"osm-node-6936709086","geometry":{"type":"Point","coordinates":[80.241058,13.04965]},"properties":{"id":"osm-node-6936709086","kind":"HOSPITAL","name":"Centre For Blood Disorders","name_en":null,"name_ta":null,"name_hi":null,"emergency":null,"osm_type":"node","osm_id":"6936709086","source":"OpenStreetMap","source_url":"https://www.openstreetmap.org/node/6936709086","is_simulated":false}},{"type":"Feature","id":"osm-node-6936874933","geometry":{"type":"Point","coordinates":[80.206972,13.047583]},"properties":{"id":"osm-node-6936874933","kind":"HOSPITAL","name":"Paterson Cancer Center / Vijaya Health Centre Premises","name_en":null,"name_ta":null,"name_hi":null,"emergency":null,"osm_type":"node","osm_id":"6936874933","source":"OpenStreetMap","source_url":"https://www.openstreetmap.org/node/6936874933","is_simulated":false}},{"type":"Feature","id":"osm-node-6936976871","geometry":{"type":"Point","coordinates":[80.218735,13.047269]},"properties":{"id":"osm-node-6936976871","kind":"HOSPITAL","name":"Spot Hospital","name_en":null,"name_ta":null,"name_hi":null,"emergency":null,"osm_type":"node","osm_id":"6936976871","source":"OpenStreetMap","source_url":"https://www.openstreetmap.org/node/6936976871","is_simulated":false}},{"type":"Feature","id":"osm-node-6937055902","geometry":{"type":"Point","coordinates":[80.220502,12.975865]},"properties":{"id":"osm-node-6937055902","kind":"HOSPITAL","name":"Appasamy Krishna Hospital and Medical Research Centre","name_en":null,"name_ta":null,"name_hi":null,"emergency":null,"osm_type":"node","osm_id":"6937055902","source":"OpenStreetMap","source_url":"https://www.openstreetmap.org/node/6937055902","is_simulated":false}},{"type":"Feature","id":"osm-node-6937398987","geometry":{"type":"Point","coordinates":[80.183694,13.034589]},"properties":{"id":"osm-node-6937398987","kind":"HOSPITAL","name":"Roy's Heart Foundation","name_en":null,"name_ta":null,"name_hi":null,"emergency":null,"osm_type":"node","osm_id":"6937398987","source":"OpenStreetMap","source_url":"https://www.openstreetmap.org/node/6937398987","is_simulated":false}},{"type":"Feature","id":"osm-node-6937467152","geometry":{"type":"Point","coordinates":[80.250768,13.039407]},"properties":{"id":"osm-node-6937467152","kind":"HOSPITAL","name":"Gastro Cre Hospital","name_en":null,"name_ta":null,"name_hi":null,"emergency":null,"osm_type":"node","osm_id":"6937467152","source":"OpenStreetMap","source_url":"https://www.openstreetmap.org/node/6937467152","is_simulated":false}},{"type":"Feature","id":"osm-node-6937497904","geometry":{"type":"Point","coordinates":[80.186524,13.046368]},"properties":{"id":"osm-node-6937497904","kind":"HOSPITAL","name":"Aaditya Kamaraja Eye Hospital","name_en":null,"name_ta":null,"name_hi":null,"emergency":null,"osm_type":"node","osm_id":"6937497904","source":"OpenStreetMap","source_url":"https://www.openstreetmap.org/node/6937497904","is_simulated":false}},{"type":"Feature","id":"osm-node-6945677921","geometry":{"type":"Point","coordinates":[80.233414,12.953233]},"properties":{"id":"osm-node-6945677921","kind":"COMMUNITY_CENTRE","name":"OMR Activists Collective","name_en":null,"name_ta":null,"name_hi":null,"emergency":null,"osm_type":"node","osm_id":"6945677921","source":"OpenStreetMap","source_url":"https://www.openstreetmap.org/node/6945677921","is_simulated":false}},{"type":"Feature","id":"osm-node-6950288001","geometry":{"type":"Point","coordinates":[80.254161,12.95319]},"properties":{"id":"osm-node-6950288001","kind":"HOSPITAL","name":"Sahishnatha Indtitute Of Maternal And Child Health","name_en":null,"name_ta":null,"name_hi":null,"emergency":null,"osm_type":"node","osm_id":"6950288001","source":"OpenStreetMap","source_url":"https://www.openstreetmap.org/node/6950288001","is_simulated":false}},{"type":"Feature","id":"osm-node-7090003132","geometry":{"type":"Point","coordinates":[80.204091,12.995627]},"properties":{"id":"osm-node-7090003132","kind":"COLLEGE","name":"St Brittos College","name_en":null,"name_ta":null,"name_hi":null,"emergency":null,"osm_type":"node","osm_id":"7090003132","source":"OpenStreetMap","source_url":"https://www.openstreetmap.org/node/7090003132","is_simulated":false}},{"type":"Feature","id":"osm-node-7136008687","geometry":{"type":"Point","coordinates":[80.258139,13.049434]},"properties":{"id":"osm-node-7136008687","kind":"SCHOOL","name":"National Public School","name_en":null,"name_ta":null,"name_hi":null,"emergency":null,"osm_type":"node","osm_id":"7136008687","source":"OpenStreetMap","source_url":"https://www.openstreetmap.org/node/7136008687","is_simulated":false}},{"type":"Feature","id":"osm-node-7136010486","geometry":{"type":"Point","coordinates":[80.25663,13.049935]},"properties":{"id":"osm-node-7136010486","kind":"SCHOOL","name":"ஸ்ரீ சாரதா பள்ளி","name_en":"Sri Sarada Secondary School","name_ta":null,"name_hi":null,"emergency":null,"osm_type":"node","osm_id":"7136010486","source":"OpenStreetMap","source_url":"https://www.openstreetmap.org/node/7136010486","is_simulated":false}},{"type":"Feature","id":"osm-node-7181711080","geometry":{"type":"Point","coordinates":[80.265095,13.047611]},"properties":{"id":"osm-node-7181711080","kind":"HOSPITAL","name":"Vinayagam Laser Hospital, Chennai","name_en":null,"name_ta":null,"name_hi":null,"emergency":null,"osm_type":"node","osm_id":"7181711080","source":"OpenStreetMap","source_url":"https://www.openstreetmap.org/node/7181711080","is_simulated":false}},{"type":"Feature","id":"osm-node-7181722911","geometry":{"type":"Point","coordinates":[80.259169,13.043209]},"properties":{"id":"osm-node-7181722911","kind":"HOSPITAL","name":"Dr.Agarwal's Eye Hospital Ltd., Gopala Puram","name_en":null,"name_ta":null,"name_hi":null,"emergency":null,"osm_type":"node","osm_id":"7181722911","source":"OpenStreetMap","source_url":"https://www.openstreetmap.org/node/7181722911","is_simulated":false}},{"type":"Feature","id":"osm-node-7181748147","geometry":{"type":"Point","coordinates":[80.20132,13.038011]},"properties":{"id":"osm-node-7181748147","kind":"HOSPITAL","name":"Bharani Hospital","name_en":null,"name_ta":null,"name_hi":null,"emergency":null,"osm_type":"node","osm_id":"7181748147","source":"OpenStreetMap","source_url":"https://www.openstreetmap.org/node/7181748147","is_simulated":false}},{"type":"Feature","id":"osm-node-7210911300","geometry":{"type":"Point","coordinates":[80.263627,13.029053]},"properties":{"id":"osm-node-7210911300","kind":"HOSPITAL","name":"Sri Ranga Hospitals","name_en":null,"name_ta":null,"name_hi":null,"emergency":null,"osm_type":"node","osm_id":"7210911300","source":"OpenStreetMap","source_url":"https://www.openstreetmap.org/node/7210911300","is_simulated":false}},{"type":"Feature","id":"osm-node-7210948177","geometry":{"type":"Point","coordinates":[80.244625,13.029728]},"properties":{"id":"osm-node-7210948177","kind":"HOSPITAL","name":"Chamiers Day Care Center","name_en":null,"name_ta":null,"name_hi":null,"emergency":null,"osm_type":"node","osm_id":"7210948177","source":"OpenStreetMap","source_url":"https://www.openstreetmap.org/node/7210948177","is_simulated":false}},{"type":"Feature","id":"osm-node-7213394742","geometry":{"type":"Point","coordinates":[80.242149,12.960972]},"properties":{"id":"osm-node-7213394742","kind":"HOSPITAL","name":"London Harley Street Women And Fertility Centre","name_en":null,"name_ta":null,"name_hi":null,"emergency":null,"osm_type":"node","osm_id":"7213394742","source":"OpenStreetMap","source_url":"https://www.openstreetmap.org/node/7213394742","is_simulated":false}},{"type":"Feature","id":"osm-node-7213449202","geometry":{"type":"Point","coordinates":[80.254098,13.003026]},"properties":{"id":"osm-node-7213449202","kind":"HOSPITAL","name":"Gas Hospital","name_en":null,"name_ta":null,"name_hi":null,"emergency":null,"osm_type":"node","osm_id":"7213449202","source":"OpenStreetMap","source_url":"https://www.openstreetmap.org/node/7213449202","is_simulated":false}},{"type":"Feature","id":"osm-node-7213492568","geometry":{"type":"Point","coordinates":[80.24238,13.046506]},"properties":{"id":"osm-node-7213492568","kind":"HOSPITAL","name":"Dr.Bala Subramanian","name_en":null,"name_ta":null,"name_hi":null,"emergency":null,"osm_type":"node","osm_id":"7213492568","source":"OpenStreetMap","source_url":"https://www.openstreetmap.org/node/7213492568","is_simulated":false}},{"type":"Feature","id":"osm-node-7252333321","geometry":{"type":"Point","coordinates":[80.246117,13.043394]},"properties":{"id":"osm-node-7252333321","kind":"HOSPITAL","name":"Cloudnine Hospital - Chennai","name_en":null,"name_ta":null,"name_hi":null,"emergency":null,"osm_type":"node","osm_id":"7252333321","source":"OpenStreetMap","source_url":"https://www.openstreetmap.org/node/7252333321","is_simulated":false}},{"type":"Feature","id":"osm-node-7252333341","geometry":{"type":"Point","coordinates":[80.1895,13.046978]},"properties":{"id":"osm-node-7252333341","kind":"HOSPITAL","name":"Subam Specialities Hospitals","name_en":null,"name_ta":null,"name_hi":null,"emergency":null,"osm_type":"node","osm_id":"7252333341","source":"OpenStreetMap","source_url":"https://www.openstreetmap.org/node/7252333341","is_simulated":false}},{"type":"Feature","id":"osm-node-7252333349","geometry":{"type":"Point","coordinates":[80.24531,13.043113]},"properties":{"id":"osm-node-7252333349","kind":"HOSPITAL","name":"Be Well Hospital","name_en":null,"name_ta":null,"name_hi":null,"emergency":null,"osm_type":"node","osm_id":"7252333349","source":"OpenStreetMap","source_url":"https://www.openstreetmap.org/node/7252333349","is_simulated":false}},{"type":"Feature","id":"osm-node-7252333378","geometry":{"type":"Point","coordinates":[80.247551,13.044837]},"properties":{"id":"osm-node-7252333378","kind":"HOSPITAL","name":"Dr. Rai Memorial Medical Centre","name_en":null,"name_ta":null,"name_hi":null,"emergency":null,"osm_type":"node","osm_id":"7252333378","source":"OpenStreetMap","source_url":"https://www.openstreetmap.org/node/7252333378","is_simulated":false}},{"type":"Feature","id":"osm-node-7252333390","geometry":{"type":"Point","coordinates":[80.196453,13.041009]},"properties":{"id":"osm-node-7252333390","kind":"HOSPITAL","name":"Guru Raghavendra Hospital","name_en":null,"name_ta":null,"name_hi":null,"emergency":null,"osm_type":"node","osm_id":"7252333390","source":"OpenStreetMap","source_url":"https://www.openstreetmap.org/node/7252333390","is_simulated":false}},{"type":"Feature","id":"osm-node-7252333394","geometry":{"type":"Point","coordinates":[80.264545,13.048703]},"properties":{"id":"osm-node-7252333394","kind":"HOSPITAL","name":"Seethapathy clinic & Hospital","name_en":null,"name_ta":null,"name_hi":null,"emergency":null,"osm_type":"node","osm_id":"7252333394","source":"OpenStreetMap","source_url":"https://www.openstreetmap.org/node/7252333394","is_simulated":false}},{"type":"Feature","id":"osm-node-7252333398","geometry":{"type":"Point","coordinates":[80.232996,13.048082]},"properties":{"id":"osm-node-7252333398","kind":"HOSPITAL","name":"Women And Children Foundation Hospitals T-Nagar","name_en":null,"name_ta":null,"name_hi":null,"emergency":null,"osm_type":"node","osm_id":"7252333398","source":"OpenStreetMap","source_url":"https://www.openstreetmap.org/node/7252333398","is_simulated":false}},{"type":"Feature","id":"osm-node-7257289123","geometry":{"type":"Point","coordinates":[80.196756,12.910778]},"properties":{"id":"osm-node-7257289123","kind":"HOSPITAL","name":"Suraj Hospital","name_en":null,"name_ta":null,"name_hi":null,"emergency":null,"osm_type":"node","osm_id":"7257289123","source":"OpenStreetMap","source_url":"https://www.openstreetmap.org/node/7257289123","is_simulated":false}},{"type":"Feature","id":"osm-node-7257421540","geometry":{"type":"Point","coordinates":[80.209989,13.031913]},"properties":{"id":"osm-node-7257421540","kind":"HOSPITAL","name":"Sunrays Laproscopic Centre","name_en":null,"name_ta":null,"name_hi":null,"emergency":null,"osm_type":"node","osm_id":"7257421540","source":"OpenStreetMap","source_url":"https://www.openstreetmap.org/node/7257421540","is_simulated":false}},{"type":"Feature","id":"osm-node-7257421555","geometry":{"type":"Point","coordinates":[80.182868,12.940864]},"properties":{"id":"osm-node-7257421555","kind":"HOSPITAL","name":"Arun Hospital","name_en":null,"name_ta":null,"name_hi":null,"emergency":null,"osm_type":"node","osm_id":"7257421555","source":"OpenStreetMap","source_url":"https://www.openstreetmap.org/node/7257421555","is_simulated":false}},{"type":"Feature","id":"osm-node-7257421557","geometry":{"type":"Point","coordinates":[80.251199,13.031201]},"properties":{"id":"osm-node-7257421557","kind":"HOSPITAL","name":"Motherhood Hospital","name_en":null,"name_ta":null,"name_hi":null,"emergency":null,"osm_type":"node","osm_id":"7257421557","source":"OpenStreetMap","source_url":"https://www.openstreetmap.org/node/7257421557","is_simulated":false}},{"type":"Feature","id":"osm-node-7257421559","geometry":{"type":"Point","coordinates":[80.256212,12.99795]},"properties":{"id":"osm-node-7257421559","kind":"HOSPITAL","name":"Government Hospital, Adyar","name_en":null,"name_ta":null,"name_hi":null,"emergency":null,"osm_type":"node","osm_id":"7257421559","source":"OpenStreetMap","source_url":"https://www.openstreetmap.org/node/7257421559","is_simulated":false}},{"type":"Feature","id":"osm-node-7257421569","geometry":{"type":"Point","coordinates":[80.238939,13.037462]},"properties":{"id":"osm-node-7257421569","kind":"HOSPITAL","name":"Gunasekaran Hospitals Pvt.Ltd","name_en":null,"name_ta":null,"name_hi":null,"emergency":null,"osm_type":"node","osm_id":"7257421569","source":"OpenStreetMap","source_url":"https://www.openstreetmap.org/node/7257421569","is_simulated":false}},{"type":"Feature","id":"osm-node-7257421582","geometry":{"type":"Point","coordinates":[80.187198,12.95866]},"properties":{"id":"osm-node-7257421582","kind":"HOSPITAL","name":"Vijayam Hospital & Fertility Centre","name_en":null,"name_ta":null,"name_hi":null,"emergency":null,"osm_type":"node","osm_id":"7257421582","source":"OpenStreetMap","source_url":"https://www.openstreetmap.org/node/7257421582","is_simulated":false}},{"type":"Feature","id":"osm-node-7257421583","geometry":{"type":"Point","coordinates":[80.21204,13.03968]},"properties":{"id":"osm-node-7257421583","kind":"HOSPITAL","name":"Kumaran Specialities Hospital","name_en":null,"name_ta":null,"name_hi":null,"emergency":null,"osm_type":"node","osm_id":"7257421583","source":"OpenStreetMap","source_url":"https://www.openstreetmap.org/node/7257421583","is_simulated":false}},{"type":"Feature","id":"osm-node-7257421586","geometry":{"type":"Point","coordinates":[80.190944,13.037423]},"properties":{"id":"osm-node-7257421586","kind":"HOSPITAL","name":"Arokiya hospital","name_en":null,"name_ta":null,"name_hi":null,"emergency":null,"osm_type":"node","osm_id":"7257421586","source":"OpenStreetMap","source_url":"https://www.openstreetmap.org/node/7257421586","is_simulated":false}},{"type":"Feature","id":"osm-node-7257421593","geometry":{"type":"Point","coordinates":[80.246547,13.034922]},"properties":{"id":"osm-node-7257421593","kind":"HOSPITAL","name":"Genesis Womens Hospital","name_en":null,"name_ta":null,"name_hi":null,"emergency":null,"osm_type":"node","osm_id":"7257421593","source":"OpenStreetMap","source_url":"https://www.openstreetmap.org/node/7257421593","is_simulated":false}},{"type":"Feature","id":"osm-node-7257421596","geometry":{"type":"Point","coordinates":[80.239819,13.03422]},"properties":{"id":"osm-node-7257421596","kind":"HOSPITAL","name":"Radhatri Nethralaya","name_en":null,"name_ta":null,"name_hi":null,"emergency":null,"osm_type":"node","osm_id":"7257421596","source":"OpenStreetMap","source_url":"https://www.openstreetmap.org/node/7257421596","is_simulated":false}},{"type":"Feature","id":"osm-node-7257421601","geometry":{"type":"Point","coordinates":[80.25724,13.038362]},"properties":{"id":"osm-node-7257421601","kind":"HOSPITAL","name":"Kavery Hospital","name_en":null,"name_ta":null,"name_hi":null,"emergency":null,"osm_type":"node","osm_id":"7257421601","source":"OpenStreetMap","source_url":"https://www.openstreetmap.org/node/7257421601","is_simulated":false}},{"type":"Feature","id":"osm-node-7257421602","geometry":{"type":"Point","coordinates":[80.226121,13.029899]},"properties":{"id":"osm-node-7257421602","kind":"HOSPITAL","name":"Kanamapet Government Hospital","name_en":null,"name_ta":null,"name_hi":null,"emergency":null,"osm_type":"node","osm_id":"7257421602","source":"OpenStreetMap","source_url":"https://www.openstreetmap.org/node/7257421602","is_simulated":false}},{"type":"Feature","id":"osm-node-7257421613","geometry":{"type":"Point","coordinates":[80.202543,13.004816]},"properties":{"id":"osm-node-7257421613","kind":"HOSPITAL","name":"Government Hospital Alandur","name_en":null,"name_ta":null,"name_hi":null,"emergency":null,"osm_type":"node","osm_id":"7257421613","source":"OpenStreetMap","source_url":"https://www.openstreetmap.org/node/7257421613","is_simulated":false}},{"type":"Feature","id":"osm-node-7257421615","geometry":{"type":"Point","coordinates":[80.190926,13.031323]},"properties":{"id":"osm-node-7257421615","kind":"HOSPITAL","name":"Janani Hospital","name_en":null,"name_ta":null,"name_hi":null,"emergency":null,"osm_type":"node","osm_id":"7257421615","source":"OpenStreetMap","source_url":"https://www.openstreetmap.org/node/7257421615","is_simulated":false}},{"type":"Feature","id":"osm-node-7257421619","geometry":{"type":"Point","coordinates":[80.180756,12.934223]},"properties":{"id":"osm-node-7257421619","kind":"HOSPITAL","name":"T.K.R. Hospital","name_en":null,"name_ta":null,"name_hi":null,"emergency":null,"osm_type":"node","osm_id":"7257421619","source":"OpenStreetMap","source_url":"https://www.openstreetmap.org/node/7257421619","is_simulated":false}},{"type":"Feature","id":"osm-node-7652449746","geometry":{"type":"Point","coordinates":[80.195852,12.964589]},"properties":{"id":"osm-node-7652449746","kind":"HOSPITAL","name":"Malar Clinic","name_en":null,"name_ta":null,"name_hi":null,"emergency":null,"osm_type":"node","osm_id":"7652449746","source":"OpenStreetMap","source_url":"https://www.openstreetmap.org/node/7652449746","is_simulated":false}},{"type":"Feature","id":"osm-node-7723762942","geometry":{"type":"Point","coordinates":[80.256357,13.039242]},"properties":{"id":"osm-node-7723762942","kind":"SCHOOL","name":"Peace Academy Chennai","name_en":null,"name_ta":null,"name_hi":null,"emergency":null,"osm_type":"node","osm_id":"7723762942","source":"OpenStreetMap","source_url":"https://www.openstreetmap.org/node/7723762942","is_simulated":false}},{"type":"Feature","id":"osm-node-7819840745","geometry":{"type":"Point","coordinates":[80.184358,13.047185]},"properties":{"id":"osm-node-7819840745","kind":"HOSPITAL","name":"Kannimaram Hospital","name_en":null,"name_ta":null,"name_hi":null,"emergency":null,"osm_type":"node","osm_id":"7819840745","source":"OpenStreetMap","source_url":"https://www.openstreetmap.org/node/7819840745","is_simulated":false}},{"type":"Feature","id":"osm-node-7819840748","geometry":{"type":"Point","coordinates":[80.180345,13.040182]},"properties":{"id":"osm-node-7819840748","kind":"HOSPITAL","name":"Vasanthi Dental Hospital","name_en":null,"name_ta":null,"name_hi":null,"emergency":null,"osm_type":"node","osm_id":"7819840748","source":"OpenStreetMap","source_url":"https://www.openstreetmap.org/node/7819840748","is_simulated":false}},{"type":"Feature","id":"osm-node-7819840797","geometry":{"type":"Point","coordinates":[80.18156,13.047262]},"properties":{"id":"osm-node-7819840797","kind":"HOSPITAL","name":"Meenakshi Mission Hospital","name_en":null,"name_ta":null,"name_hi":null,"emergency":null,"osm_type":"node","osm_id":"7819840797","source":"OpenStreetMap","source_url":"https://www.openstreetmap.org/node/7819840797","is_simulated":false}},{"type":"Feature","id":"osm-node-7819840806","geometry":{"type":"Point","coordinates":[80.184113,13.047041]},"properties":{"id":"osm-node-7819840806","kind":"HOSPITAL","name":"Shanthi Hospital","name_en":null,"name_ta":null,"name_hi":null,"emergency":null,"osm_type":"node","osm_id":"7819840806","source":"OpenStreetMap","source_url":"https://www.openstreetmap.org/node/7819840806","is_simulated":false}},{"type":"Feature","id":"osm-node-7822259984","geometry":{"type":"Point","coordinates":[80.178931,12.916386]},"properties":{"id":"osm-node-7822259984","kind":"HOSPITAL","name":"Deepam Rehabilitation Centre","name_en":null,"name_ta":null,"name_hi":null,"emergency":null,"osm_type":"node","osm_id":"7822259984","source":"OpenStreetMap","source_url":"https://www.openstreetmap.org/node/7822259984","is_simulated":false}},{"type":"Feature","id":"osm-node-7822259986","geometry":{"type":"Point","coordinates":[80.216804,12.904472]},"properties":{"id":"osm-node-7822259986","kind":"HOSPITAL","name":"HCL Health Care","name_en":null,"name_ta":null,"name_hi":null,"emergency":null,"osm_type":"node","osm_id":"7822259986","source":"OpenStreetMap","source_url":"https://www.openstreetmap.org/node/7822259986","is_simulated":false}},{"type":"Feature","id":"osm-node-7822259988","geometry":{"type":"Point","coordinates":[80.194093,12.916822]},"properties":{"id":"osm-node-7822259988","kind":"HOSPITAL","name":"Subasree Hospital","name_en":null,"name_ta":null,"name_hi":null,"emergency":null,"osm_type":"node","osm_id":"7822259988","source":"OpenStreetMap","source_url":"https://www.openstreetmap.org/node/7822259988","is_simulated":false}},{"type":"Feature","id":"osm-node-7822259995","geometry":{"type":"Point","coordinates":[80.229384,12.912214]},"properties":{"id":"osm-node-7822259995","kind":"HOSPITAL","name":"Shri Sai Children's Hospital and Dental Clinic","name_en":null,"name_ta":null,"name_hi":null,"emergency":null,"osm_type":"node","osm_id":"7822259995","source":"OpenStreetMap","source_url":"https://www.openstreetmap.org/node/7822259995","is_simulated":false}},{"type":"Feature","id":"osm-node-7822260001","geometry":{"type":"Point","coordinates":[80.190331,12.917824]},"properties":{"id":"osm-node-7822260001","kind":"HOSPITAL","name":"Sri Balaji Hospital","name_en":null,"name_ta":null,"name_hi":null,"emergency":null,"osm_type":"node","osm_id":"7822260001","source":"OpenStreetMap","source_url":"https://www.openstreetmap.org/node/7822260001","is_simulated":false}},{"type":"Feature","id":"osm-node-7822260004","geometry":{"type":"Point","coordinates":[80.202685,12.906908]},"properties":{"id":"osm-node-7822260004","kind":"HOSPITAL","name":"S.V. Hospital","name_en":null,"name_ta":null,"name_hi":null,"emergency":null,"osm_type":"node","osm_id":"7822260004","source":"OpenStreetMap","source_url":"https://www.openstreetmap.org/node/7822260004","is_simulated":false}},{"type":"Feature","id":"osm-node-7822260007","geometry":{"type":"Point","coordinates":[80.171208,12.918647]},"properties":{"id":"osm-node-7822260007","kind":"HOSPITAL","name":"Sai Babaji's Accupuncture Centre","name_en":null,"name_ta":null,"name_hi":null,"emergency":null,"osm_type":"node","osm_id":"7822260007","source":"OpenStreetMap","source_url":"https://www.openstreetmap.org/node/7822260007","is_simulated":false}},{"type":"Feature","id":"osm-node-7822260009","geometry":{"type":"Point","coordinates":[80.232625,12.931968]},"properties":{"id":"osm-node-7822260009","kind":"HOSPITAL","name":"SV Hospital","name_en":null,"name_ta":null,"name_hi":null,"emergency":null,"osm_type":"node","osm_id":"7822260009","source":"OpenStreetMap","source_url":"https://www.openstreetmap.org/node/7822260009","is_simulated":false}},{"type":"Feature","id":"osm-node-7822260016","geometry":{"type":"Point","coordinates":[80.192466,12.912322]},"properties":{"id":"osm-node-7822260016","kind":"HOSPITAL","name":"Karthick Children's Hospital","name_en":null,"name_ta":null,"name_hi":null,"emergency":null,"osm_type":"node","osm_id":"7822260016","source":"OpenStreetMap","source_url":"https://www.openstreetmap.org/node/7822260016","is_simulated":false}},{"type":"Feature","id":"osm-node-7822260017","geometry":{"type":"Point","coordinates":[80.194803,12.914978]},"properties":{"id":"osm-node-7822260017","kind":"HOSPITAL","name":"Arun Hospital","name_en":null,"name_ta":null,"name_hi":null,"emergency":null,"osm_type":"node","osm_id":"7822260017","source":"OpenStreetMap","source_url":"https://www.openstreetmap.org/node/7822260017","is_simulated":false}},{"type":"Feature","id":"osm-node-7822260018","geometry":{"type":"Point","coordinates":[80.191597,12.913198]},"properties":{"id":"osm-node-7822260018","kind":"HOSPITAL","name":"Radial Ortho Speciality Hospital","name_en":null,"name_ta":null,"name_hi":null,"emergency":null,"osm_type":"node","osm_id":"7822260018","source":"OpenStreetMap","source_url":"https://www.openstreetmap.org/node/7822260018","is_simulated":false}},{"type":"Feature","id":"osm-node-7822260021","geometry":{"type":"Point","coordinates":[80.238165,12.949875]},"properties":{"id":"osm-node-7822260021","kind":"HOSPITAL","name":"Jayam Hospital","name_en":null,"name_ta":null,"name_hi":null,"emergency":null,"osm_type":"node","osm_id":"7822260021","source":"OpenStreetMap","source_url":"https://www.openstreetmap.org/node/7822260021","is_simulated":false}},{"type":"Feature","id":"osm-node-7822260025","geometry":{"type":"Point","coordinates":[80.189662,12.916487]},"properties":{"id":"osm-node-7822260025","kind":"HOSPITAL","name":"Maternity and Child Care Hospital","name_en":null,"name_ta":null,"name_hi":null,"emergency":null,"osm_type":"node","osm_id":"7822260025","source":"OpenStreetMap","source_url":"https://www.openstreetmap.org/node/7822260025","is_simulated":false}},{"type":"Feature","id":"osm-node-7822260032","geometry":{"type":"Point","coordinates":[80.192952,12.915007]},"properties":{"id":"osm-node-7822260032","kind":"HOSPITAL","name":"Shri Balaji Diabetes Hospital","name_en":null,"name_ta":null,"name_hi":null,"emergency":null,"osm_type":"node","osm_id":"7822260032","source":"OpenStreetMap","source_url":"https://www.openstreetmap.org/node/7822260032","is_simulated":false}},{"type":"Feature","id":"osm-node-7822260033","geometry":{"type":"Point","coordinates":[80.241234,12.940224]},"properties":{"id":"osm-node-7822260033","kind":"HOSPITAL","name":"Dhanvantri Multi Speciality","name_en":null,"name_ta":null,"name_hi":null,"emergency":null,"osm_type":"node","osm_id":"7822260033","source":"OpenStreetMap","source_url":"https://www.openstreetmap.org/node/7822260033","is_simulated":false}},{"type":"Feature","id":"osm-node-7822260038","geometry":{"type":"Point","coordinates":[80.189206,12.9185]},"properties":{"id":"osm-node-7822260038","kind":"HOSPITAL","name":"Annai Teresa Hospital","name_en":null,"name_ta":null,"name_hi":null,"emergency":null,"osm_type":"node","osm_id":"7822260038","source":"OpenStreetMap","source_url":"https://www.openstreetmap.org/node/7822260038","is_simulated":false}},{"type":"Feature","id":"osm-node-7822260044","geometry":{"type":"Point","coordinates":[80.2286,12.901179]},"properties":{"id":"osm-node-7822260044","kind":"HOSPITAL","name":"Swaram Hospital and Speciality Clinic","name_en":null,"name_ta":null,"name_hi":null,"emergency":null,"osm_type":"node","osm_id":"7822260044","source":"OpenStreetMap","source_url":"https://www.openstreetmap.org/node/7822260044","is_simulated":false}},{"type":"Feature","id":"osm-node-7822260051","geometry":{"type":"Point","coordinates":[80.202736,12.907274]},"properties":{"id":"osm-node-7822260051","kind":"HOSPITAL","name":"C-Dot Hospital","name_en":null,"name_ta":null,"name_hi":null,"emergency":null,"osm_type":"node","osm_id":"7822260051","source":"OpenStreetMap","source_url":"https://www.openstreetmap.org/node/7822260051","is_simulated":false}},{"type":"Feature","id":"osm-node-7822260055","geometry":{"type":"Point","coordinates":[80.192146,12.916711]},"properties":{"id":"osm-node-7822260055","kind":"HOSPITAL","name":"Mugavari Eye Hospital and Research Institute","name_en":null,"name_ta":null,"name_hi":null,"emergency":null,"osm_type":"node","osm_id":"7822260055","source":"OpenStreetMap","source_url":"https://www.openstreetmap.org/node/7822260055","is_simulated":false}},{"type":"Feature","id":"osm-node-7822260056","geometry":{"type":"Point","coordinates":[80.207271,12.906006]},"properties":{"id":"osm-node-7822260056","kind":"HOSPITAL","name":"Global Hospital","name_en":null,"name_ta":null,"name_hi":null,"emergency":null,"osm_type":"node","osm_id":"7822260056","source":"OpenStreetMap","source_url":"https://www.openstreetmap.org/node/7822260056","is_simulated":false}},{"type":"Feature","id":"osm-node-7822543395","geometry":{"type":"Point","coordinates":[80.17254,12.938376]},"properties":{"id":"osm-node-7822543395","kind":"HOSPITAL","name":"Avinash Ortho Hospital","name_en":null,"name_ta":null,"name_hi":null,"emergency":null,"osm_type":"node","osm_id":"7822543395","source":"OpenStreetMap","source_url":"https://www.openstreetmap.org/node/7822543395","is_simulated":false}},{"type":"Feature","id":"osm-node-7822543424","geometry":{"type":"Point","coordinates":[80.202959,12.929642]},"properties":{"id":"osm-node-7822543424","kind":"HOSPITAL","name":"Dr. Velmurugan Hospital","name_en":null,"name_ta":null,"name_hi":null,"emergency":null,"osm_type":"node","osm_id":"7822543424","source":"OpenStreetMap","source_url":"https://www.openstreetmap.org/node/7822543424","is_simulated":false}},{"type":"Feature","id":"osm-node-7822543430","geometry":{"type":"Point","coordinates":[80.181996,12.934455]},"properties":{"id":"osm-node-7822543430","kind":"HOSPITAL","name":"AM Hospital","name_en":null,"name_ta":null,"name_hi":null,"emergency":null,"osm_type":"node","osm_id":"7822543430","source":"OpenStreetMap","source_url":"https://www.openstreetmap.org/node/7822543430","is_simulated":false}},{"type":"Feature","id":"osm-node-7822543438","geometry":{"type":"Point","coordinates":[80.204151,12.933969]},"properties":{"id":"osm-node-7822543438","kind":"HOSPITAL","name":"Inbam Hospital","name_en":null,"name_ta":null,"name_hi":null,"emergency":null,"osm_type":"node","osm_id":"7822543438","source":"OpenStreetMap","source_url":"https://www.openstreetmap.org/node/7822543438","is_simulated":false}},{"type":"Feature","id":"osm-node-7822543444","geometry":{"type":"Point","coordinates":[80.18069,12.939351]},"properties":{"id":"osm-node-7822543444","kind":"HOSPITAL","name":"Hindusthan Hospital","name_en":null,"name_ta":null,"name_hi":null,"emergency":null,"osm_type":"node","osm_id":"7822543444","source":"OpenStreetMap","source_url":"https://www.openstreetmap.org/node/7822543444","is_simulated":false}},{"type":"Feature","id":"osm-node-7822543452","geometry":{"type":"Point","coordinates":[80.179999,12.937983]},"properties":{"id":"osm-node-7822543452","kind":"HOSPITAL","name":"RKP Hospital","name_en":null,"name_ta":null,"name_hi":null,"emergency":null,"osm_type":"node","osm_id":"7822543452","source":"OpenStreetMap","source_url":"https://www.openstreetmap.org/node/7822543452","is_simulated":false}},{"type":"Feature","id":"osm-node-7822543455","geometry":{"type":"Point","coordinates":[80.200805,12.928263]},"properties":{"id":"osm-node-7822543455","kind":"HOSPITAL","name":"Muthu Multi Speciality Hospital and Pharmacy","name_en":null,"name_ta":null,"name_hi":null,"emergency":null,"osm_type":"node","osm_id":"7822543455","source":"OpenStreetMap","source_url":"https://www.openstreetmap.org/node/7822543455","is_simulated":false}},{"type":"Feature","id":"osm-node-7822543471","geometry":{"type":"Point","coordinates":[80.181802,12.935221]},"properties":{"id":"osm-node-7822543471","kind":"HOSPITAL","name":"Raj Joty Eye Hospital","name_en":null,"name_ta":null,"name_hi":null,"emergency":null,"osm_type":"node","osm_id":"7822543471","source":"OpenStreetMap","source_url":"https://www.openstreetmap.org/node/7822543471","is_simulated":false}},{"type":"Feature","id":"osm-node-7822543501","geometry":{"type":"Point","coordinates":[80.199546,12.928045]},"properties":{"id":"osm-node-7822543501","kind":"HOSPITAL","name":"V Cure Hospital","name_en":null,"name_ta":null,"name_hi":null,"emergency":null,"osm_type":"node","osm_id":"7822543501","source":"OpenStreetMap","source_url":"https://www.openstreetmap.org/node/7822543501","is_simulated":false}},{"type":"Feature","id":"osm-node-7822543505","geometry":{"type":"Point","coordinates":[80.181197,12.933726]},"properties":{"id":"osm-node-7822543505","kind":"HOSPITAL","name":"V.S. Hospital","name_en":null,"name_ta":null,"name_hi":null,"emergency":null,"osm_type":"node","osm_id":"7822543505","source":"OpenStreetMap","source_url":"https://www.openstreetmap.org/node/7822543505","is_simulated":false}},{"type":"Feature","id":"osm-node-7823212559","geometry":{"type":"Point","coordinates":[80.25432,12.975365]},"properties":{"id":"osm-node-7823212559","kind":"HOSPITAL","name":"Shakthi Hospital","name_en":null,"name_ta":null,"name_hi":null,"emergency":null,"osm_type":"node","osm_id":"7823212559","source":"OpenStreetMap","source_url":"https://www.openstreetmap.org/node/7823212559","is_simulated":false}},{"type":"Feature","id":"osm-node-7823212570","geometry":{"type":"Point","coordinates":[80.259008,12.975769]},"properties":{"id":"osm-node-7823212570","kind":"HOSPITAL","name":"Hale and Healthy Hospitals","name_en":null,"name_ta":null,"name_hi":null,"emergency":null,"osm_type":"node","osm_id":"7823212570","source":"OpenStreetMap","source_url":"https://www.openstreetmap.org/node/7823212570","is_simulated":false}},{"type":"Feature","id":"osm-node-7823212573","geometry":{"type":"Point","coordinates":[80.193717,13.008748]},"properties":{"id":"osm-node-7823212573","kind":"HOSPITAL","name":"Rathna Hospital","name_en":null,"name_ta":null,"name_hi":null,"emergency":null,"osm_type":"node","osm_id":"7823212573","source":"OpenStreetMap","source_url":"https://www.openstreetmap.org/node/7823212573","is_simulated":false}},{"type":"Feature","id":"osm-node-7823212576","geometry":{"type":"Point","coordinates":[80.203084,13.003645]},"properties":{"id":"osm-node-7823212576","kind":"HOSPITAL","name":"S.S. Hospital","name_en":null,"name_ta":null,"name_hi":null,"emergency":null,"osm_type":"node","osm_id":"7823212576","source":"OpenStreetMap","source_url":"https://www.openstreetmap.org/node/7823212576","is_simulated":false}},{"type":"Feature","id":"osm-node-7823212579","geometry":{"type":"Point","coordinates":[80.203327,13.00178]},"properties":{"id":"osm-node-7823212579","kind":"HOSPITAL","name":"Dhanraj Hospital","name_en":null,"name_ta":null,"name_hi":null,"emergency":null,"osm_type":"node","osm_id":"7823212579","source":"OpenStreetMap","source_url":"https://www.openstreetmap.org/node/7823212579","is_simulated":false}},{"type":"Feature","id":"osm-node-7823212581","geometry":{"type":"Point","coordinates":[80.177285,13.016467]},"properties":{"id":"osm-node-7823212581","kind":"HOSPITAL","name":"Nalam Hospital","name_en":null,"name_ta":null,"name_hi":null,"emergency":null,"osm_type":"node","osm_id":"7823212581","source":"OpenStreetMap","source_url":"https://www.openstreetmap.org/node/7823212581","is_simulated":false}},{"type":"Feature","id":"osm-node-7823212607","geometry":{"type":"Point","coordinates":[80.258257,12.975142]},"properties":{"id":"osm-node-7823212607","kind":"HOSPITAL","name":"Promed Hospital","name_en":null,"name_ta":null,"name_hi":null,"emergency":null,"osm_type":"node","osm_id":"7823212607","source":"OpenStreetMap","source_url":"https://www.openstreetmap.org/node/7823212607","is_simulated":false}},{"type":"Feature","id":"osm-node-7823212610","geometry":{"type":"Point","coordinates":[80.256614,12.969363]},"properties":{"id":"osm-node-7823212610","kind":"HOSPITAL","name":"Happy Clinic Hospital","name_en":null,"name_ta":null,"name_hi":null,"emergency":null,"osm_type":"node","osm_id":"7823212610","source":"OpenStreetMap","source_url":"https://www.openstreetmap.org/node/7823212610","is_simulated":false}},{"type":"Feature","id":"osm-node-7823212623","geometry":{"type":"Point","coordinates":[80.207025,13.002788]},"properties":{"id":"osm-node-7823212623","kind":"HOSPITAL","name":"Jaya Sri Hospital","name_en":null,"name_ta":null,"name_hi":null,"emergency":null,"osm_type":"node","osm_id":"7823212623","source":"OpenStreetMap","source_url":"https://www.openstreetmap.org/node/7823212623","is_simulated":false}},{"type":"Feature","id":"osm-node-7823212631","geometry":{"type":"Point","coordinates":[80.206363,13.003406]},"properties":{"id":"osm-node-7823212631","kind":"HOSPITAL","name":"Kaanthi Makapperu Hospital","name_en":null,"name_ta":null,"name_hi":null,"emergency":null,"osm_type":"node","osm_id":"7823212631","source":"OpenStreetMap","source_url":"https://www.openstreetmap.org/node/7823212631","is_simulated":false}},{"type":"Feature","id":"osm-node-7823415020","geometry":{"type":"Point","coordinates":[80.261505,12.991535]},"properties":{"id":"osm-node-7823415020","kind":"HOSPITAL","name":"Corporation Hospital","name_en":null,"name_ta":null,"name_hi":null,"emergency":null,"osm_type":"node","osm_id":"7823415020","source":"OpenStreetMap","source_url":"https://www.openstreetmap.org/node/7823415020","is_simulated":false}},{"type":"Feature","id":"osm-node-7823415021","geometry":{"type":"Point","coordinates":[80.258947,12.978253]},"properties":{"id":"osm-node-7823415021","kind":"HOSPITAL","name":"Relief Dental Hospitals","name_en":null,"name_ta":null,"name_hi":null,"emergency":null,"osm_type":"node","osm_id":"7823415021","source":"OpenStreetMap","source_url":"https://www.openstreetmap.org/node/7823415021","is_simulated":false}},{"type":"Feature","id":"osm-node-7823415033","geometry":{"type":"Point","coordinates":[80.267354,13.041251]},"properties":{"id":"osm-node-7823415033","kind":"HOSPITAL","name":"Accu Hospital","name_en":null,"name_ta":null,"name_hi":null,"emergency":null,"osm_type":"node","osm_id":"7823415033","source":"OpenStreetMap","source_url":"https://www.openstreetmap.org/node/7823415033","is_simulated":false}},{"type":"Feature","id":"osm-node-7823415048","geometry":{"type":"Point","coordinates":[80.258193,13.038537]},"properties":{"id":"osm-node-7823415048","kind":"HOSPITAL","name":"Triveni Hospital","name_en":null,"name_ta":null,"name_hi":null,"emergency":null,"osm_type":"node","osm_id":"7823415048","source":"OpenStreetMap","source_url":"https://www.openstreetmap.org/node/7823415048","is_simulated":false}},{"type":"Feature","id":"osm-node-7823415049","geometry":{"type":"Point","coordinates":[80.260187,12.986383]},"properties":{"id":"osm-node-7823415049","kind":"HOSPITAL","name":"SMK Hospital","name_en":null,"name_ta":null,"name_hi":null,"emergency":null,"osm_type":"node","osm_id":"7823415049","source":"OpenStreetMap","source_url":"https://www.openstreetmap.org/node/7823415049","is_simulated":false}},{"type":"Feature","id":"osm-node-7823415056","geometry":{"type":"Point","coordinates":[80.262448,12.991672]},"properties":{"id":"osm-node-7823415056","kind":"HOSPITAL","name":"Uma Sankaran Siddha Hospital","name_en":null,"name_ta":null,"name_hi":null,"emergency":null,"osm_type":"node","osm_id":"7823415056","source":"OpenStreetMap","source_url":"https://www.openstreetmap.org/node/7823415056","is_simulated":false}},{"type":"Feature","id":"osm-node-7823415059","geometry":{"type":"Point","coordinates":[80.274795,13.04906]},"properties":{"id":"osm-node-7823415059","kind":"HOSPITAL","name":"Vasantha Hospital","name_en":null,"name_ta":null,"name_hi":null,"emergency":null,"osm_type":"node","osm_id":"7823415059","source":"OpenStreetMap","source_url":"https://www.openstreetmap.org/node/7823415059","is_simulated":false}},{"type":"Feature","id":"osm-node-7823415061","geometry":{"type":"Point","coordinates":[80.266873,13.04547]},"properties":{"id":"osm-node-7823415061","kind":"HOSPITAL","name":"Orthomed Hospital","name_en":null,"name_ta":null,"name_hi":null,"emergency":null,"osm_type":"node","osm_id":"7823415061","source":"OpenStreetMap","source_url":"https://www.openstreetmap.org/node/7823415061","is_simulated":false}},{"type":"Feature","id":"osm-node-7823415065","geometry":{"type":"Point","coordinates":[80.258796,13.001349]},"properties":{"id":"osm-node-7823415065","kind":"HOSPITAL","name":"Mint Hospitals","name_en":null,"name_ta":null,"name_hi":null,"emergency":null,"osm_type":"node","osm_id":"7823415065","source":"OpenStreetMap","source_url":"https://www.openstreetmap.org/node/7823415065","is_simulated":false}},{"type":"Feature","id":"osm-node-7823415083","geometry":{"type":"Point","coordinates":[80.263941,13.043659]},"properties":{"id":"osm-node-7823415083","kind":"HOSPITAL","name":"Saanvi Fertility Centre Urology and Stone Centre","name_en":null,"name_ta":null,"name_hi":null,"emergency":null,"osm_type":"node","osm_id":"7823415083","source":"OpenStreetMap","source_url":"https://www.openstreetmap.org/node/7823415083","is_simulated":false}},{"type":"Feature","id":"osm-node-7823415091","geometry":{"type":"Point","coordinates":[80.259959,12.989017]},"properties":{"id":"osm-node-7823415091","kind":"HOSPITAL","name":"Ashwini Hospital","name_en":null,"name_ta":null,"name_hi":null,"emergency":null,"osm_type":"node","osm_id":"7823415091","source":"OpenStreetMap","source_url":"https://www.openstreetmap.org/node/7823415091","is_simulated":false}},{"type":"Feature","id":"osm-node-7823776197","geometry":{"type":"Point","coordinates":[80.192755,13.038873]},"properties":{"id":"osm-node-7823776197","kind":"HOSPITAL","name":"Arun Vijaya Hospitals","name_en":null,"name_ta":null,"name_hi":null,"emergency":null,"osm_type":"node","osm_id":"7823776197","source":"OpenStreetMap","source_url":"https://www.openstreetmap.org/node/7823776197","is_simulated":false}},{"type":"Feature","id":"osm-node-8095515268","geometry":{"type":"Point","coordinates":[80.211499,13.026031]},"properties":{"id":"osm-node-8095515268","kind":"SCHOOL","name":"Manimegalai Vidhyalaya Nursery and Primary School","name_en":null,"name_ta":null,"name_hi":null,"emergency":null,"osm_type":"node","osm_id":"8095515268","source":"OpenStreetMap","source_url":"https://www.openstreetmap.org/node/8095515268","is_simulated":false}},{"type":"Feature","id":"osm-node-8096237707","geometry":{"type":"Point","coordinates":[80.206801,13.02936]},"properties":{"id":"osm-node-8096237707","kind":"SCHOOL","name":"Seethalakshmi Vidhyalaya School","name_en":null,"name_ta":null,"name_hi":null,"emergency":null,"osm_type":"node","osm_id":"8096237707","source":"OpenStreetMap","source_url":"https://www.openstreetmap.org/node/8096237707","is_simulated":false}},{"type":"Feature","id":"osm-node-8096280337","geometry":{"type":"Point","coordinates":[80.201703,13.031089]},"properties":{"id":"osm-node-8096280337","kind":"POLICE","name":"R10 MGR Nagar Police Station","name_en":null,"name_ta":null,"name_hi":null,"emergency":null,"osm_type":"node","osm_id":"8096280337","source":"OpenStreetMap","source_url":"https://www.openstreetmap.org/node/8096280337","is_simulated":false}},{"type":"Feature","id":"osm-node-8096940514","geometry":{"type":"Point","coordinates":[80.212421,13.029414]},"properties":{"id":"osm-node-8096940514","kind":"SCHOOL","name":"Chennai High School","name_en":null,"name_ta":null,"name_hi":null,"emergency":null,"osm_type":"node","osm_id":"8096940514","source":"OpenStreetMap","source_url":"https://www.openstreetmap.org/node/8096940514","is_simulated":false}},{"type":"Feature","id":"osm-node-8099947735","geometry":{"type":"Point","coordinates":[80.201339,13.037122]},"properties":{"id":"osm-node-8099947735","kind":"HOSPITAL","name":"K.M. Nursing Home","name_en":null,"name_ta":null,"name_hi":null,"emergency":null,"osm_type":"node","osm_id":"8099947735","source":"OpenStreetMap","source_url":"https://www.openstreetmap.org/node/8099947735","is_simulated":false}},{"type":"Feature","id":"osm-node-8100718329","geometry":{"type":"Point","coordinates":[80.209149,13.028351]},"properties":{"id":"osm-node-8100718329","kind":"SCHOOL","name":"Apple Kids International Pre School","name_en":null,"name_ta":null,"name_hi":null,"emergency":null,"osm_type":"node","osm_id":"8100718329","source":"OpenStreetMap","source_url":"https://www.openstreetmap.org/node/8100718329","is_simulated":false}},{"type":"Feature","id":"osm-node-8105683179","geometry":{"type":"Point","coordinates":[80.194171,13.011774]},"properties":{"id":"osm-node-8105683179","kind":"HOSPITAL","name":"Military Hospital","name_en":null,"name_ta":null,"name_hi":null,"emergency":null,"osm_type":"node","osm_id":"8105683179","source":"OpenStreetMap","source_url":"https://www.openstreetmap.org/node/8105683179","is_simulated":false}},{"type":"Feature","id":"osm-node-8108467017","geometry":{"type":"Point","coordinates":[80.203627,13.048724]},"properties":{"id":"osm-node-8108467017","kind":"HOSPITAL","name":"உழைப்பாளி மருத்துவமனை","name_en":"Uzhaippali hospital","name_ta":null,"name_hi":null,"emergency":null,"osm_type":"node","osm_id":"8108467017","source":"OpenStreetMap","source_url":"https://www.openstreetmap.org/node/8108467017","is_simulated":false}},{"type":"Feature","id":"osm-node-8108591031","geometry":{"type":"Point","coordinates":[80.212368,13.026029]},"properties":{"id":"osm-node-8108591031","kind":"HOSPITAL","name":"KS Bone and Joint Clinic - Ortho","name_en":null,"name_ta":null,"name_hi":null,"emergency":null,"osm_type":"node","osm_id":"8108591031","source":"OpenStreetMap","source_url":"https://www.openstreetmap.org/node/8108591031","is_simulated":false}},{"type":"Feature","id":"osm-node-8108600154","geometry":{"type":"Point","coordinates":[80.211624,13.026501]},"properties":{"id":"osm-node-8108600154","kind":"POLICE","name":"R6 Police Booth","name_en":null,"name_ta":null,"name_hi":null,"emergency":null,"osm_type":"node","osm_id":"8108600154","source":"OpenStreetMap","source_url":"https://www.openstreetmap.org/node/8108600154","is_simulated":false}},{"type":"Feature","id":"osm-node-8111861614","geometry":{"type":"Point","coordinates":[80.210312,13.031883]},"properties":{"id":"osm-node-8111861614","kind":"HOSPITAL","name":"Shens Multi-Speciality Hospital","name_en":null,"name_ta":null,"name_hi":null,"emergency":null,"osm_type":"node","osm_id":"8111861614","source":"OpenStreetMap","source_url":"https://www.openstreetmap.org/node/8111861614","is_simulated":false}},{"type":"Feature","id":"osm-node-8197934476","geometry":{"type":"Point","coordinates":[80.248979,12.912048]},"properties":{"id":"osm-node-8197934476","kind":"HOSPITAL","name":"Sanjeevani Ayurvedic Hospital","name_en":null,"name_ta":null,"name_hi":null,"emergency":null,"osm_type":"node","osm_id":"8197934476","source":"OpenStreetMap","source_url":"https://www.openstreetmap.org/node/8197934476","is_simulated":false}},{"type":"Feature","id":"osm-node-8597345825","geometry":{"type":"Point","coordinates":[80.194282,12.969047]},"properties":{"id":"osm-node-8597345825","kind":"SCHOOL","name":"Prince Srivari Vidyalaya","name_en":null,"name_ta":null,"name_hi":null,"emergency":null,"osm_type":"node","osm_id":"8597345825","source":"OpenStreetMap","source_url":"https://www.openstreetmap.org/node/8597345825","is_simulated":false}},{"type":"Feature","id":"osm-node-8597345826","geometry":{"type":"Point","coordinates":[80.194909,12.969465]},"properties":{"id":"osm-node-8597345826","kind":"SCHOOL","name":"Shri Venkateshwara Highter Secondary School","name_en":null,"name_ta":null,"name_hi":null,"emergency":null,"osm_type":"node","osm_id":"8597345826","source":"OpenStreetMap","source_url":"https://www.openstreetmap.org/node/8597345826","is_simulated":false}},{"type":"Feature","id":"osm-node-8628194990","geometry":{"type":"Point","coordinates":[80.18651,12.960289]},"properties":{"id":"osm-node-8628194990","kind":"SCHOOL","name":"Holy Family Convent Matric. Hr. Sec. School","name_en":null,"name_ta":null,"name_hi":null,"emergency":null,"osm_type":"node","osm_id":"8628194990","source":"OpenStreetMap","source_url":"https://www.openstreetmap.org/node/8628194990","is_simulated":false}},{"type":"Feature","id":"osm-node-8639896900","geometry":{"type":"Point","coordinates":[80.22147,12.978454]},"properties":{"id":"osm-node-8639896900","kind":"HOSPITAL","name":"Prashanth Hospitals","name_en":null,"name_ta":null,"name_hi":null,"emergency":null,"osm_type":"node","osm_id":"8639896900","source":"OpenStreetMap","source_url":"https://www.openstreetmap.org/node/8639896900","is_simulated":false}},{"type":"Feature","id":"osm-node-8645780209","geometry":{"type":"Point","coordinates":[80.220923,12.980944]},"properties":{"id":"osm-node-8645780209","kind":"POLICE","name":"Velachery Police Station","name_en":null,"name_ta":null,"name_hi":null,"emergency":null,"osm_type":"node","osm_id":"8645780209","source":"OpenStreetMap","source_url":"https://www.openstreetmap.org/node/8645780209","is_simulated":false}},{"type":"Feature","id":"osm-node-8669165865","geometry":{"type":"Point","coordinates":[80.184951,12.968924]},"properties":{"id":"osm-node-8669165865","kind":"SCHOOL","name":"Government Higher Secondary School","name_en":null,"name_ta":null,"name_hi":null,"emergency":null,"osm_type":"node","osm_id":"8669165865","source":"OpenStreetMap","source_url":"https://www.openstreetmap.org/node/8669165865","is_simulated":false}},{"type":"Feature","id":"osm-node-8669165867","geometry":{"type":"Point","coordinates":[80.184453,12.968805]},"properties":{"id":"osm-node-8669165867","kind":"SCHOOL","name":"Government Primary School","name_en":null,"name_ta":null,"name_hi":null,"emergency":null,"osm_type":"node","osm_id":"8669165867","source":"OpenStreetMap","source_url":"https://www.openstreetmap.org/node/8669165867","is_simulated":false}},{"type":"Feature","id":"osm-node-8935514615","geometry":{"type":"Point","coordinates":[80.240709,13.043932]},"properties":{"id":"osm-node-8935514615","kind":"HOSPITAL","name":"Geri care hospital","name_en":null,"name_ta":null,"name_hi":null,"emergency":null,"osm_type":"node","osm_id":"8935514615","source":"OpenStreetMap","source_url":"https://www.openstreetmap.org/node/8935514615","is_simulated":false}},{"type":"Feature","id":"osm-node-8935540225","geometry":{"type":"Point","coordinates":[80.246429,13.048298]},"properties":{"id":"osm-node-8935540225","kind":"SCHOOL","name":"Satyamurthi high school","name_en":null,"name_ta":null,"name_hi":null,"emergency":null,"osm_type":"node","osm_id":"8935540225","source":"OpenStreetMap","source_url":"https://www.openstreetmap.org/node/8935540225","is_simulated":false}},{"type":"Feature","id":"osm-node-9333222435","geometry":{"type":"Point","coordinates":[80.240415,12.921768]},"properties":{"id":"osm-node-9333222435","kind":"COLLEGE","name":"Kcg college of techology","name_en":null,"name_ta":null,"name_hi":null,"emergency":null,"osm_type":"node","osm_id":"9333222435","source":"OpenStreetMap","source_url":"https://www.openstreetmap.org/node/9333222435","is_simulated":false}},{"type":"Feature","id":"osm-node-9920582502","geometry":{"type":"Point","coordinates":[80.192844,12.943036]},"properties":{"id":"osm-node-9920582502","kind":"SCHOOL","name":"Netaji Vidyalaya School","name_en":null,"name_ta":null,"name_hi":null,"emergency":null,"osm_type":"node","osm_id":"9920582502","source":"OpenStreetMap","source_url":"https://www.openstreetmap.org/node/9920582502","is_simulated":false}},{"type":"Feature","id":"osm-node-10294576078","geometry":{"type":"Point","coordinates":[80.214688,13.040756]},"properties":{"id":"osm-node-10294576078","kind":"HOSPITAL","name":"Vasantha Memorial Cancer Centre","name_en":null,"name_ta":null,"name_hi":null,"emergency":null,"osm_type":"node","osm_id":"10294576078","source":"OpenStreetMap","source_url":"https://www.openstreetmap.org/node/10294576078","is_simulated":false}},{"type":"Feature","id":"osm-node-11004539791","geometry":{"type":"Point","coordinates":[80.22918,12.92309]},"properties":{"id":"osm-node-11004539791","kind":"COLLEGE","name":"Thangavelu Engineering Collage","name_en":null,"name_ta":null,"name_hi":null,"emergency":null,"osm_type":"node","osm_id":"11004539791","source":"OpenStreetMap","source_url":"https://www.openstreetmap.org/node/11004539791","is_simulated":false}},{"type":"Feature","id":"osm-node-11679595256","geometry":{"type":"Point","coordinates":[80.25134,12.956915]},"properties":{"id":"osm-node-11679595256","kind":"HOSPITAL","name":"Jananam Fertility Centre","name_en":null,"name_ta":null,"name_hi":null,"emergency":null,"osm_type":"node","osm_id":"11679595256","source":"OpenStreetMap","source_url":"https://www.openstreetmap.org/node/11679595256","is_simulated":false}},{"type":"Feature","id":"osm-node-12378706312","geometry":{"type":"Point","coordinates":[80.201357,12.983196]},"properties":{"id":"osm-node-12378706312","kind":"HOSPITAL","name":"Dr Bala's Skin clinic","name_en":null,"name_ta":null,"name_hi":null,"emergency":null,"osm_type":"node","osm_id":"12378706312","source":"OpenStreetMap","source_url":"https://www.openstreetmap.org/node/12378706312","is_simulated":false}},{"type":"Feature","id":"osm-node-12513296201","geometry":{"type":"Point","coordinates":[80.192243,12.914792]},"properties":{"id":"osm-node-12513296201","kind":"COMMUNITY_CENTRE","name":"Medavakkam Cooperative Society","name_en":null,"name_ta":null,"name_hi":null,"emergency":null,"osm_type":"node","osm_id":"12513296201","source":"OpenStreetMap","source_url":"https://www.openstreetmap.org/node/12513296201","is_simulated":false}},{"type":"Feature","id":"osm-node-12894184501","geometry":{"type":"Point","coordinates":[80.194558,12.915643]},"properties":{"id":"osm-node-12894184501","kind":"SCHOOL","name":"Zemcode Medical Coding Training","name_en":null,"name_ta":null,"name_hi":null,"emergency":null,"osm_type":"node","osm_id":"12894184501","source":"OpenStreetMap","source_url":"https://www.openstreetmap.org/node/12894184501","is_simulated":false}},{"type":"Feature","id":"osm-node-13096237915","geometry":{"type":"Point","coordinates":[80.250483,13.006489]},"properties":{"id":"osm-node-13096237915","kind":"HOSPITAL","name":"Iswarya Fertility Center","name_en":null,"name_ta":null,"name_hi":null,"emergency":null,"osm_type":"node","osm_id":"13096237915","source":"OpenStreetMap","source_url":"https://www.openstreetmap.org/node/13096237915","is_simulated":false}},{"type":"Feature","id":"osm-node-13127975757","geometry":{"type":"Point","coordinates":[80.227246,13.012506]},"properties":{"id":"osm-node-13127975757","kind":"POLICE","name":"Srinagar colony police booth","name_en":null,"name_ta":null,"name_hi":null,"emergency":null,"osm_type":"node","osm_id":"13127975757","source":"OpenStreetMap","source_url":"https://www.openstreetmap.org/node/13127975757","is_simulated":false}},{"type":"Feature","id":"osm-node-13155026101","geometry":{"type":"Point","coordinates":[80.234349,12.981084]},"properties":{"id":"osm-node-13155026101","kind":"HOSPITAL","name":"Good Shepard hospital","name_en":null,"name_ta":null,"name_hi":null,"emergency":null,"osm_type":"node","osm_id":"13155026101","source":"OpenStreetMap","source_url":"https://www.openstreetmap.org/node/13155026101","is_simulated":false}},{"type":"Feature","id":"osm-node-13348614701","geometry":{"type":"Point","coordinates":[80.232651,13.010652]},"properties":{"id":"osm-node-13348614701","kind":"COLLEGE","name":"Institute for Energy Studies (IES)","name_en":null,"name_ta":null,"name_hi":null,"emergency":null,"osm_type":"node","osm_id":"13348614701","source":"OpenStreetMap","source_url":"https://www.openstreetmap.org/node/13348614701","is_simulated":false}},{"type":"Feature","id":"osm-node-13390341655","geometry":{"type":"Point","coordinates":[80.214928,12.96562]},"properties":{"id":"osm-node-13390341655","kind":"SCHOOL","name":"BrightPath Play School","name_en":null,"name_ta":null,"name_hi":null,"emergency":null,"osm_type":"node","osm_id":"13390341655","source":"OpenStreetMap","source_url":"https://www.openstreetmap.org/node/13390341655","is_simulated":false}},{"type":"Feature","id":"osm-node-13694295601","geometry":{"type":"Point","coordinates":[80.183253,13.027552]},"properties":{"id":"osm-node-13694295601","kind":"HOSPITAL","name":"Palaniappa Hospital","name_en":null,"name_ta":null,"name_hi":null,"emergency":null,"osm_type":"node","osm_id":"13694295601","source":"OpenStreetMap","source_url":"https://www.openstreetmap.org/node/13694295601","is_simulated":false}},{"type":"Feature","id":"osm-node-13712036201","geometry":{"type":"Point","coordinates":[80.192248,12.914863]},"properties":{"id":"osm-node-13712036201","kind":"COMMUNITY_CENTRE","name":"சமுதாய நலக்கூடம்","name_en":null,"name_ta":null,"name_hi":null,"emergency":null,"osm_type":"node","osm_id":"13712036201","source":"OpenStreetMap","source_url":"https://www.openstreetmap.org/node/13712036201","is_simulated":false}},{"type":"Feature","id":"osm-node-13931255798","geometry":{"type":"Point","coordinates":[80.219373,12.978558]},"properties":{"id":"osm-node-13931255798","kind":"COMMUNITY_CENTRE","name":"Mohana Convention Hall","name_en":null,"name_ta":null,"name_hi":null,"emergency":null,"osm_type":"node","osm_id":"13931255798","source":"OpenStreetMap","source_url":"https://www.openstreetmap.org/node/13931255798","is_simulated":false}},{"type":"Feature","id":"osm-node-13937521708","geometry":{"type":"Point","coordinates":[80.269081,13.032148]},"properties":{"id":"osm-node-13937521708","kind":"COMMUNITY_CENTRE","name":"Shree Mat Balasanniyasi Charities - Vanniyar Kalyana Mandapam","name_en":null,"name_ta":null,"name_hi":null,"emergency":null,"osm_type":"node","osm_id":"13937521708","source":"OpenStreetMap","source_url":"https://www.openstreetmap.org/node/13937521708","is_simulated":false}},{"type":"Feature","id":"osm-node-13994416401","geometry":{"type":"Point","coordinates":[80.203385,12.931622]},"properties":{"id":"osm-node-13994416401","kind":"HOSPITAL","name":"Deepam Medfirst Hospital","name_en":null,"name_ta":null,"name_hi":null,"emergency":null,"osm_type":"node","osm_id":"13994416401","source":"OpenStreetMap","source_url":"https://www.openstreetmap.org/node/13994416401","is_simulated":false}},{"type":"Feature","id":"osm-node-14105458201","geometry":{"type":"Point","coordinates":[80.254735,13.03475]},"properties":{"id":"osm-node-14105458201","kind":"HOSPITAL","name":"Helios Advanced Skin Hair & Laser Clinic Pvt Ltd","name_en":null,"name_ta":null,"name_hi":null,"emergency":null,"osm_type":"node","osm_id":"14105458201","source":"OpenStreetMap","source_url":"https://www.openstreetmap.org/node/14105458201","is_simulated":false}},{"type":"Feature","id":"osm-node-14121893948","geometry":{"type":"Point","coordinates":[80.250355,13.041254]},"properties":{"id":"osm-node-14121893948","kind":"POLICE","name":"E-3 Teynampet Police Help Station","name_en":null,"name_ta":null,"name_hi":null,"emergency":null,"osm_type":"node","osm_id":"14121893948","source":"OpenStreetMap","source_url":"https://www.openstreetmap.org/node/14121893948","is_simulated":false}},{"type":"Feature","id":"osm-way-23186297","geometry":{"type":"Point","coordinates":[80.231523,13.042298]},"properties":{"id":"osm-way-23186297","kind":"SCHOOL","name":"Sarada Vidyalaya Girls","name_en":null,"name_ta":null,"name_hi":null,"emergency":null,"osm_type":"way","osm_id":"23186297","source":"OpenStreetMap","source_url":"https://www.openstreetmap.org/way/23186297","is_simulated":false}},{"type":"Feature","id":"osm-way-23186336","geometry":{"type":"Point","coordinates":[80.231191,13.046845]},"properties":{"id":"osm-way-23186336","kind":"SCHOOL","name":"Ramakrishna Mission Matric HSS","name_en":null,"name_ta":null,"name_hi":null,"emergency":null,"osm_type":"way","osm_id":"23186336","source":"OpenStreetMap","source_url":"https://www.openstreetmap.org/way/23186336","is_simulated":false}},{"type":"Feature","id":"osm-way-23813849","geometry":{"type":"Point","coordinates":[80.253139,13.046185]},"properties":{"id":"osm-way-23813849","kind":"COLLEGE","name":"Stella Maris College","name_en":null,"name_ta":null,"name_hi":null,"emergency":null,"osm_type":"way","osm_id":"23813849","source":"OpenStreetMap","source_url":"https://www.openstreetmap.org/way/23813849","is_simulated":false}},{"type":"Feature","id":"osm-way-23839275","geometry":{"type":"Point","coordinates":[80.248307,13.036365]},"properties":{"id":"osm-way-23839275","kind":"COLLEGE","name":"Justice Basheer Ahmed Sayeed College For Women","name_en":null,"name_ta":null,"name_hi":null,"emergency":null,"osm_type":"way","osm_id":"23839275","source":"OpenStreetMap","source_url":"https://www.openstreetmap.org/way/23839275","is_simulated":false}},{"type":"Feature","id":"osm-way-23929780","geometry":{"type":"Point","coordinates":[80.259123,13.0376]},"properties":{"id":"osm-way-23929780","kind":"SCHOOL","name":"M. Ct. M Chidambaram Chettyar International School","name_en":null,"name_ta":null,"name_hi":null,"emergency":null,"osm_type":"way","osm_id":"23929780","source":"OpenStreetMap","source_url":"https://www.openstreetmap.org/way/23929780","is_simulated":false}},{"type":"Feature","id":"osm-way-23929908","geometry":{"type":"Point","coordinates":[80.263062,13.041092]},"properties":{"id":"osm-way-23929908","kind":"COLLEGE","name":"Vivekananda College","name_en":null,"name_ta":null,"name_hi":null,"emergency":null,"osm_type":"way","osm_id":"23929908","source":"OpenStreetMap","source_url":"https://www.openstreetmap.org/way/23929908","is_simulated":false}},{"type":"Feature","id":"osm-way-23929941","geometry":{"type":"Point","coordinates":[80.262584,13.043858]},"properties":{"id":"osm-way-23929941","kind":"SCHOOL","name":"St Ebbas Girls HS School","name_en":null,"name_ta":null,"name_hi":null,"emergency":null,"osm_type":"way","osm_id":"23929941","source":"OpenStreetMap","source_url":"https://www.openstreetmap.org/way/23929941","is_simulated":false}},{"type":"Feature","id":"osm-way-24261527","geometry":{"type":"Point","coordinates":[80.279205,13.048488]},"properties":{"id":"osm-way-24261527","kind":"SCHOOL","name":"Lady Willingdon High School","name_en":null,"name_ta":null,"name_hi":null,"emergency":null,"osm_type":"way","osm_id":"24261527","source":"OpenStreetMap","source_url":"https://www.openstreetmap.org/way/24261527","is_simulated":false}},{"type":"Feature","id":"osm-way-24261542","geometry":{"type":"Point","coordinates":[80.278322,13.044973]},"properties":{"id":"osm-way-24261542","kind":"COLLEGE","name":"Queen Marys College","name_en":null,"name_ta":null,"name_hi":null,"emergency":null,"osm_type":"way","osm_id":"24261542","source":"OpenStreetMap","source_url":"https://www.openstreetmap.org/way/24261542","is_simulated":false}},{"type":"Feature","id":"osm-way-24262150","geometry":{"type":"Point","coordinates":[80.253469,13.018556]},"properties":{"id":"osm-way-24262150","kind":"COLLEGE","name":"Anna Institute of Management","name_en":null,"name_ta":null,"name_hi":null,"emergency":null,"osm_type":"way","osm_id":"24262150","source":"OpenStreetMap","source_url":"https://www.openstreetmap.org/way/24262150","is_simulated":false}},{"type":"Feature","id":"osm-way-24270339","geometry":{"type":"Point","coordinates":[80.268709,13.037591]},"properties":{"id":"osm-way-24270339","kind":"SCHOOL","name":"Vidya Mandir SSS","name_en":null,"name_ta":null,"name_hi":null,"emergency":null,"osm_type":"way","osm_id":"24270339","source":"OpenStreetMap","source_url":"https://www.openstreetmap.org/way/24270339","is_simulated":false}},{"type":"Feature","id":"osm-way-24270393","geometry":{"type":"Point","coordinates":[80.278278,13.034117]},"properties":{"id":"osm-way-24270393","kind":"SCHOOL","name":"Saint Bede's Anglo Indian Higher Secondary School","name_en":null,"name_ta":null,"name_hi":null,"emergency":null,"osm_type":"way","osm_id":"24270393","source":"OpenStreetMap","source_url":"https://www.openstreetmap.org/way/24270393","is_simulated":false}},{"type":"Feature","id":"osm-way-24270394","geometry":{"type":"Point","coordinates":[80.27623,13.035205]},"properties":{"id":"osm-way-24270394","kind":"SCHOOL","name":"Rosary Matriculation HSS","name_en":null,"name_ta":null,"name_hi":null,"emergency":null,"osm_type":"way","osm_id":"24270394","source":"OpenStreetMap","source_url":"https://www.openstreetmap.org/way/24270394","is_simulated":false}},{"type":"Feature","id":"osm-way-24270411","geometry":{"type":"Point","coordinates":[80.277385,13.03668]},"properties":{"id":"osm-way-24270411","kind":"SCHOOL","name":"CSI School for Deaf","name_en":null,"name_ta":null,"name_hi":null,"emergency":null,"osm_type":"way","osm_id":"24270411","source":"OpenStreetMap","source_url":"https://www.openstreetmap.org/way/24270411","is_simulated":false}},{"type":"Feature","id":"osm-way-24270436","geometry":{"type":"Point","coordinates":[80.266086,13.031271]},"properties":{"id":"osm-way-24270436","kind":"SCHOOL","name":"P. S. Senior Secondary School","name_en":null,"name_ta":null,"name_hi":null,"emergency":null,"osm_type":"way","osm_id":"24270436","source":"OpenStreetMap","source_url":"https://www.openstreetmap.org/way/24270436","is_simulated":false}},{"type":"Feature","id":"osm-way-24270517","geometry":{"type":"Point","coordinates":[80.276788,13.031861]},"properties":{"id":"osm-way-24270517","kind":"SCHOOL","name":"Santhome HSS","name_en":null,"name_ta":null,"name_hi":null,"emergency":null,"osm_type":"way","osm_id":"24270517","source":"OpenStreetMap","source_url":"https://www.openstreetmap.org/way/24270517","is_simulated":false}},{"type":"Feature","id":"osm-way-24339616","geometry":{"type":"Point","coordinates":[80.26126,13.022462]},"properties":{"id":"osm-way-24339616","kind":"SCHOOL","name":"Raja Muthiah School","name_en":null,"name_ta":null,"name_hi":null,"emergency":null,"osm_type":"way","osm_id":"24339616","source":"OpenStreetMap","source_url":"https://www.openstreetmap.org/way/24339616","is_simulated":false}},{"type":"Feature","id":"osm-way-24339617","geometry":{"type":"Point","coordinates":[80.262854,13.022365]},"properties":{"id":"osm-way-24339617","kind":"SCHOOL","name":"Harishri Vidyalayam","name_en":null,"name_ta":null,"name_hi":null,"emergency":null,"osm_type":"way","osm_id":"24339617","source":"OpenStreetMap","source_url":"https://www.openstreetmap.org/way/24339617","is_simulated":false}},{"type":"Feature","id":"osm-way-24339620","geometry":{"type":"Point","coordinates":[80.268694,13.017573]},"properties":{"id":"osm-way-24339620","kind":"SCHOOL","name":"Chettinad Vidyashram School","name_en":null,"name_ta":null,"name_hi":null,"emergency":null,"osm_type":"way","osm_id":"24339620","source":"OpenStreetMap","source_url":"https://www.openstreetmap.org/way/24339620","is_simulated":false}},{"type":"Feature","id":"osm-way-24831558","geometry":{"type":"Point","coordinates":[80.235627,13.013262]},"properties":{"id":"osm-way-24831558","kind":"COLLEGE","name":"College of Engineering, Guindy","name_en":null,"name_ta":"கிண்டி பொறியியல் கல்லூரி","name_hi":"अभियांत्रिकी महाविद्यालय, गिंडी","emergency":null,"osm_type":"way","osm_id":"24831558","source":"OpenStreetMap","source_url":"https://www.openstreetmap.org/way/24831558","is_simulated":false}},{"type":"Feature","id":"osm-way-25618840","geometry":{"type":"Point","coordinates":[80.185426,12.97393]},"properties":{"id":"osm-way-25618840","kind":"SCHOOL","name":"Modern Senior Secondary School","name_en":null,"name_ta":null,"name_hi":null,"emergency":null,"osm_type":"way","osm_id":"25618840","source":"OpenStreetMap","source_url":"https://www.openstreetmap.org/way/25618840","is_simulated":false}},{"type":"Feature","id":"osm-way-25619926","geometry":{"type":"Point","coordinates":[80.184659,12.974681]},"properties":{"id":"osm-way-25619926","kind":"SCHOOL","name":"Modern Senior Secondary School (Primary)","name_en":null,"name_ta":null,"name_hi":null,"emergency":null,"osm_type":"way","osm_id":"25619926","source":"OpenStreetMap","source_url":"https://www.openstreetmap.org/way/25619926","is_simulated":false}},{"type":"Feature","id":"osm-way-27199952","geometry":{"type":"Point","coordinates":[80.22445,13.0418]},"properties":{"id":"osm-way-27199952","kind":"SCHOOL","name":"SRM NIGHTINGALE MATRICULATION HIGHER SECONDARY SCHOOL","name_en":null,"name_ta":null,"name_hi":null,"emergency":null,"osm_type":"way","osm_id":"27199952","source":"OpenStreetMap","source_url":"https://www.openstreetmap.org/way/27199952","is_simulated":false}},{"type":"Feature","id":"osm-way-27311864","geometry":{"type":"Point","coordinates":[80.268238,13.000618]},"properties":{"id":"osm-way-27311864","kind":"SCHOOL","name":"Anna High School","name_en":null,"name_ta":null,"name_hi":null,"emergency":null,"osm_type":"way","osm_id":"27311864","source":"OpenStreetMap","source_url":"https://www.openstreetmap.org/way/27311864","is_simulated":false}},{"type":"Feature","id":"osm-way-27433214","geometry":{"type":"Point","coordinates":[80.210304,13.041543]},"properties":{"id":"osm-way-27433214","kind":"SCHOOL","name":"Nirmala Girls HSS","name_en":null,"name_ta":null,"name_hi":null,"emergency":null,"osm_type":"way","osm_id":"27433214","source":"OpenStreetMap","source_url":"https://www.openstreetmap.org/way/27433214","is_simulated":false}},{"type":"Feature","id":"osm-way-27433215","geometry":{"type":"Point","coordinates":[80.209834,13.040933]},"properties":{"id":"osm-way-27433215","kind":"SCHOOL","name":"Stella Matric","name_en":null,"name_ta":null,"name_hi":null,"emergency":null,"osm_type":"way","osm_id":"27433215","source":"OpenStreetMap","source_url":"https://www.openstreetmap.org/way/27433215","is_simulated":false}},{"type":"Feature","id":"osm-way-27433218","geometry":{"type":"Point","coordinates":[80.209249,13.036846]},"properties":{"id":"osm-way-27433218","kind":"SCHOOL","name":"Kendriya Vidyalaya","name_en":null,"name_ta":null,"name_hi":null,"emergency":null,"osm_type":"way","osm_id":"27433218","source":"OpenStreetMap","source_url":"https://www.openstreetmap.org/way/27433218","is_simulated":false}},{"type":"Feature","id":"osm-way-27433219","geometry":{"type":"Point","coordinates":[80.213937,13.032481]},"properties":{"id":"osm-way-27433219","kind":"SCHOOL","name":"Govt Girls School","name_en":null,"name_ta":null,"name_hi":null,"emergency":null,"osm_type":"way","osm_id":"27433219","source":"OpenStreetMap","source_url":"https://www.openstreetmap.org/way/27433219","is_simulated":false}},{"type":"Feature","id":"osm-way-27435143","geometry":{"type":"Point","coordinates":[80.198156,13.043994]},"properties":{"id":"osm-way-27435143","kind":"SCHOOL","name":"Thai Sathia School","name_en":null,"name_ta":null,"name_hi":null,"emergency":null,"osm_type":"way","osm_id":"27435143","source":"OpenStreetMap","source_url":"https://www.openstreetmap.org/way/27435143","is_simulated":false}},{"type":"Feature","id":"osm-way-27483786","geometry":{"type":"Point","coordinates":[80.251143,13.038627]},"properties":{"id":"osm-way-27483786","kind":"SCHOOL","name":"Corporation School","name_en":null,"name_ta":null,"name_hi":null,"emergency":null,"osm_type":"way","osm_id":"27483786","source":"OpenStreetMap","source_url":"https://www.openstreetmap.org/way/27483786","is_simulated":false}},{"type":"Feature","id":"osm-way-27484068","geometry":{"type":"Point","coordinates":[80.249173,13.04493]},"properties":{"id":"osm-way-27484068","kind":"COLLEGE","name":"Reserve Bank Staff College","name_en":null,"name_ta":null,"name_hi":null,"emergency":null,"osm_type":"way","osm_id":"27484068","source":"OpenStreetMap","source_url":"https://www.openstreetmap.org/way/27484068","is_simulated":false}},{"type":"Feature","id":"osm-way-27643187","geometry":{"type":"Point","coordinates":[80.25077,13.029455]},"properties":{"id":"osm-way-27643187","kind":"SCHOOL","name":"Saint Francis Xavier","name_en":null,"name_ta":null,"name_hi":null,"emergency":null,"osm_type":"way","osm_id":"27643187","source":"OpenStreetMap","source_url":"https://www.openstreetmap.org/way/27643187","is_simulated":false}},{"type":"Feature","id":"osm-way-27768551","geometry":{"type":"Point","coordinates":[80.232928,12.992769]},"properties":{"id":"osm-way-27768551","kind":"SCHOOL","name":"Kendriya Vidyalaya IIT Chennai","name_en":null,"name_ta":null,"name_hi":null,"emergency":null,"osm_type":"way","osm_id":"27768551","source":"OpenStreetMap","source_url":"https://www.openstreetmap.org/way/27768551","is_simulated":false}},{"type":"Feature","id":"osm-way-28068665","geometry":{"type":"Point","coordinates":[80.241492,13.040993]},"properties":{"id":"osm-way-28068665","kind":"SCHOOL","name":"Holy Angels Convent","name_en":null,"name_ta":null,"name_hi":null,"emergency":null,"osm_type":"way","osm_id":"28068665","source":"OpenStreetMap","source_url":"https://www.openstreetmap.org/way/28068665","is_simulated":false}},{"type":"Feature","id":"osm-way-28068671","geometry":{"type":"Point","coordinates":[80.24593,13.040467]},"properties":{"id":"osm-way-28068671","kind":"SCHOOL","name":"Kesari Higher Secondary School","name_en":null,"name_ta":null,"name_hi":null,"emergency":null,"osm_type":"way","osm_id":"28068671","source":"OpenStreetMap","source_url":"https://www.openstreetmap.org/way/28068671","is_simulated":false}},{"type":"Feature","id":"osm-way-28085709","geometry":{"type":"Point","coordinates":[80.234255,13.040648]},"properties":{"id":"osm-way-28085709","kind":"SCHOOL","name":"Ramakrishna Mission HSS","name_en":null,"name_ta":null,"name_hi":null,"emergency":null,"osm_type":"way","osm_id":"28085709","source":"OpenStreetMap","source_url":"https://www.openstreetmap.org/way/28085709","is_simulated":false}},{"type":"Feature","id":"osm-way-28085789","geometry":{"type":"Point","coordinates":[80.236979,13.036167]},"properties":{"id":"osm-way-28085789","kind":"SCHOOL","name":"T Nagar Boys Higher Secondary School","name_en":null,"name_ta":null,"name_hi":null,"emergency":null,"osm_type":"way","osm_id":"28085789","source":"OpenStreetMap","source_url":"https://www.openstreetmap.org/way/28085789","is_simulated":false}},{"type":"Feature","id":"osm-way-28085862","geometry":{"type":"Point","coordinates":[80.23414,13.034826]},"properties":{"id":"osm-way-28085862","kind":"SCHOOL","name":"Ramakrishna Higher Secondary School","name_en":null,"name_ta":null,"name_hi":null,"emergency":null,"osm_type":"way","osm_id":"28085862","source":"OpenStreetMap","source_url":"https://www.openstreetmap.org/way/28085862","is_simulated":false}},{"type":"Feature","id":"osm-way-28281732","geometry":{"type":"Point","coordinates":[80.263284,13.005196]},"properties":{"id":"osm-way-28281732","kind":"SCHOOL","name":"The School Krishnamurti Foundation India","name_en":null,"name_ta":null,"name_hi":null,"emergency":null,"osm_type":"way","osm_id":"28281732","source":"OpenStreetMap","source_url":"https://www.openstreetmap.org/way/28281732","is_simulated":false}},{"type":"Feature","id":"osm-way-28318877","geometry":{"type":"Point","coordinates":[80.268568,13.040225]},"properties":{"id":"osm-way-28318877","kind":"COLLEGE","name":"Sanskrit College","name_en":"Sanskrit College","name_ta":null,"name_hi":null,"emergency":null,"osm_type":"way","osm_id":"28318877","source":"OpenStreetMap","source_url":"https://www.openstreetmap.org/way/28318877","is_simulated":false}},{"type":"Feature","id":"osm-way-28318885","geometry":{"type":"Point","coordinates":[80.269281,13.040292]},"properties":{"id":"osm-way-28318885","kind":"SCHOOL","name":"Savithri Ammal HSS","name_en":null,"name_ta":null,"name_hi":null,"emergency":null,"osm_type":"way","osm_id":"28318885","source":"OpenStreetMap","source_url":"https://www.openstreetmap.org/way/28318885","is_simulated":false}},{"type":"Feature","id":"osm-way-28402530","geometry":{"type":"Point","coordinates":[80.271405,13.032017]},"properties":{"id":"osm-way-28402530","kind":"SCHOOL","name":"Ladies Sivasamy School","name_en":null,"name_ta":null,"name_hi":null,"emergency":null,"osm_type":"way","osm_id":"28402530","source":"OpenStreetMap","source_url":"https://www.openstreetmap.org/way/28402530","is_simulated":false}},{"type":"Feature","id":"osm-way-28402586","geometry":{"type":"Point","coordinates":[80.272233,13.032611]},"properties":{"id":"osm-way-28402586","kind":"SCHOOL","name":"Sir Sivasamy Kalyana","name_en":null,"name_ta":null,"name_hi":null,"emergency":null,"osm_type":"way","osm_id":"28402586","source":"OpenStreetMap","source_url":"https://www.openstreetmap.org/way/28402586","is_simulated":false}},{"type":"Feature","id":"osm-way-28405012","geometry":{"type":"Point","coordinates":[80.183987,12.978568]},"properties":{"id":"osm-way-28405012","kind":"SCHOOL","name":"The Hindu Colony Chellammal Vidyalaya Senior Secondary School","name_en":null,"name_ta":null,"name_hi":null,"emergency":null,"osm_type":"way","osm_id":"28405012","source":"OpenStreetMap","source_url":"https://www.openstreetmap.org/way/28405012","is_simulated":false}},{"type":"Feature","id":"osm-way-28405027","geometry":{"type":"Point","coordinates":[80.196635,12.977216]},"properties":{"id":"osm-way-28405027","kind":"SCHOOL","name":"New Prince Matriculation Higher Secondary School","name_en":null,"name_ta":null,"name_hi":null,"emergency":null,"osm_type":"way","osm_id":"28405027","source":"OpenStreetMap","source_url":"https://www.openstreetmap.org/way/28405027","is_simulated":false}},{"type":"Feature","id":"osm-way-28405056","geometry":{"type":"Point","coordinates":[80.191351,12.968093]},"properties":{"id":"osm-way-28405056","kind":"SCHOOL","name":"Sai Matriculation Higher Secondary School","name_en":null,"name_ta":null,"name_hi":null,"emergency":null,"osm_type":"way","osm_id":"28405056","source":"OpenStreetMap","source_url":"https://www.openstreetmap.org/way/28405056","is_simulated":false}},{"type":"Feature","id":"osm-way-28405760","geometry":{"type":"Point","coordinates":[80.253576,12.997393]},"properties":{"id":"osm-way-28405760","kind":"SCHOOL","name":"The Hindu Senior Secondary School","name_en":null,"name_ta":null,"name_hi":null,"emergency":null,"osm_type":"way","osm_id":"28405760","source":"OpenStreetMap","source_url":"https://www.openstreetmap.org/way/28405760","is_simulated":false}},{"type":"Feature","id":"osm-way-28507306","geometry":{"type":"Point","coordinates":[80.220905,12.990597]},"properties":{"id":"osm-way-28507306","kind":"SCHOOL","name":"Guru Nanak School","name_en":null,"name_ta":null,"name_hi":null,"emergency":null,"osm_type":"way","osm_id":"28507306","source":"OpenStreetMap","source_url":"https://www.openstreetmap.org/way/28507306","is_simulated":false}},{"type":"Feature","id":"osm-way-28507322","geometry":{"type":"Point","coordinates":[80.221749,12.99182]},"properties":{"id":"osm-way-28507322","kind":"COLLEGE","name":"Guru Nanak College","name_en":null,"name_ta":null,"name_hi":null,"emergency":null,"osm_type":"way","osm_id":"28507322","source":"OpenStreetMap","source_url":"https://www.openstreetmap.org/way/28507322","is_simulated":false}},{"type":"Feature","id":"osm-way-28534579","geometry":{"type":"Point","coordinates":[80.193745,13.004727]},"properties":{"id":"osm-way-28534579","kind":"SCHOOL","name":"Marian Matriculation","name_en":null,"name_ta":null,"name_hi":null,"emergency":null,"osm_type":"way","osm_id":"28534579","source":"OpenStreetMap","source_url":"https://www.openstreetmap.org/way/28534579","is_simulated":false}},{"type":"Feature","id":"osm-way-28534585","geometry":{"type":"Point","coordinates":[80.19181,13.003817]},"properties":{"id":"osm-way-28534585","kind":"SCHOOL","name":"St Johns Matriculation","name_en":null,"name_ta":null,"name_hi":null,"emergency":null,"osm_type":"way","osm_id":"28534585","source":"OpenStreetMap","source_url":"https://www.openstreetmap.org/way/28534585","is_simulated":false}},{"type":"Feature","id":"osm-way-28563208","geometry":{"type":"Point","coordinates":[80.260978,13.009912]},"properties":{"id":"osm-way-28563208","kind":"SCHOOL","name":"Sri Sankara Senior Secondary School","name_en":null,"name_ta":null,"name_hi":null,"emergency":null,"osm_type":"way","osm_id":"28563208","source":"OpenStreetMap","source_url":"https://www.openstreetmap.org/way/28563208","is_simulated":false}},{"type":"Feature","id":"osm-way-28563210","geometry":{"type":"Point","coordinates":[80.261214,13.009026]},"properties":{"id":"osm-way-28563210","kind":"SCHOOL","name":"Avvai Home","name_en":null,"name_ta":null,"name_hi":null,"emergency":null,"osm_type":"way","osm_id":"28563210","source":"OpenStreetMap","source_url":"https://www.openstreetmap.org/way/28563210","is_simulated":false}},{"type":"Feature","id":"osm-way-28563224","geometry":{"type":"Point","coordinates":[80.259311,13.005826]},"properties":{"id":"osm-way-28563224","kind":"SCHOOL","name":"Sishya","name_en":null,"name_ta":null,"name_hi":null,"emergency":null,"osm_type":"way","osm_id":"28563224","source":"OpenStreetMap","source_url":"https://www.openstreetmap.org/way/28563224","is_simulated":false}},{"type":"Feature","id":"osm-way-28856428","geometry":{"type":"Point","coordinates":[80.211162,12.946536]},"properties":{"id":"osm-way-28856428","kind":"COLLEGE","name":"National Institute of Ocean Technology","name_en":null,"name_ta":null,"name_hi":null,"emergency":null,"osm_type":"way","osm_id":"28856428","source":"OpenStreetMap","source_url":"https://www.openstreetmap.org/way/28856428","is_simulated":false}},{"type":"Feature","id":"osm-way-29046387","geometry":{"type":"Point","coordinates":[80.25501,12.992367]},"properties":{"id":"osm-way-29046387","kind":"HOSPITAL","name":"Tt Ranganathan Clinical Research Foundation","name_en":null,"name_ta":null,"name_hi":null,"emergency":null,"osm_type":"way","osm_id":"29046387","source":"OpenStreetMap","source_url":"https://www.openstreetmap.org/way/29046387","is_simulated":false}},{"type":"Feature","id":"osm-way-29046739","geometry":{"type":"Point","coordinates":[80.254768,12.989917]},"properties":{"id":"osm-way-29046739","kind":"SCHOOL","name":"Corporation School","name_en":null,"name_ta":null,"name_hi":null,"emergency":null,"osm_type":"way","osm_id":"29046739","source":"OpenStreetMap","source_url":"https://www.openstreetmap.org/way/29046739","is_simulated":false}},{"type":"Feature","id":"osm-way-29046742","geometry":{"type":"Point","coordinates":[80.257279,12.99308]},"properties":{"id":"osm-way-29046742","kind":"HOSPITAL","name":"IMPCOPS Traditional Hospital","name_en":null,"name_ta":null,"name_hi":null,"emergency":null,"osm_type":"way","osm_id":"29046742","source":"OpenStreetMap","source_url":"https://www.openstreetmap.org/way/29046742","is_simulated":false}},{"type":"Feature","id":"osm-way-29046944","geometry":{"type":"Point","coordinates":[80.2658,12.987412]},"properties":{"id":"osm-way-29046944","kind":"COLLEGE","name":"Kalakshetra School of Fine Arts","name_en":null,"name_ta":null,"name_hi":null,"emergency":null,"osm_type":"way","osm_id":"29046944","source":"OpenStreetMap","source_url":"https://www.openstreetmap.org/way/29046944","is_simulated":false}},{"type":"Feature","id":"osm-way-29047565","geometry":{"type":"Point","coordinates":[80.264382,12.991497]},"properties":{"id":"osm-way-29047565","kind":"SCHOOL","name":"Besant Theosophical High School","name_en":null,"name_ta":null,"name_hi":null,"emergency":null,"osm_type":"way","osm_id":"29047565","source":"OpenStreetMap","source_url":"https://www.openstreetmap.org/way/29047565","is_simulated":false}},{"type":"Feature","id":"osm-way-29252766","geometry":{"type":"Point","coordinates":[80.246556,13.049785]},"properties":{"id":"osm-way-29252766","kind":"SCHOOL","name":"Bala Mandir School","name_en":null,"name_ta":null,"name_hi":null,"emergency":null,"osm_type":"way","osm_id":"29252766","source":"OpenStreetMap","source_url":"https://www.openstreetmap.org/way/29252766","is_simulated":false}},{"type":"Feature","id":"osm-way-30026135","geometry":{"type":"Point","coordinates":[80.238411,12.998174]},"properties":{"id":"osm-way-30026135","kind":"SCHOOL","name":"Vanavani Matriculation Higher Secondary School","name_en":null,"name_ta":null,"name_hi":null,"emergency":null,"osm_type":"way","osm_id":"30026135","source":"OpenStreetMap","source_url":"https://www.openstreetmap.org/way/30026135","is_simulated":false}},{"type":"Feature","id":"osm-way-30342333","geometry":{"type":"Point","coordinates":[80.261106,12.981507]},"properties":{"id":"osm-way-30342333","kind":"SCHOOL","name":"Thiruvanmiyur Corporation School","name_en":null,"name_ta":null,"name_hi":null,"emergency":null,"osm_type":"way","osm_id":"30342333","source":"OpenStreetMap","source_url":"https://www.openstreetmap.org/way/30342333","is_simulated":false}},{"type":"Feature","id":"osm-way-30342450","geometry":{"type":"Point","coordinates":[80.259953,12.976521]},"properties":{"id":"osm-way-30342450","kind":"SCHOOL","name":"Sankara School","name_en":null,"name_ta":null,"name_hi":null,"emergency":null,"osm_type":"way","osm_id":"30342450","source":"OpenStreetMap","source_url":"https://www.openstreetmap.org/way/30342450","is_simulated":false}},{"type":"Feature","id":"osm-way-30342858","geometry":{"type":"Point","coordinates":[80.262318,12.972921]},"properties":{"id":"osm-way-30342858","kind":"SCHOOL","name":"Nellai Nadar Matric HSS","name_en":null,"name_ta":null,"name_hi":null,"emergency":null,"osm_type":"way","osm_id":"30342858","source":"OpenStreetMap","source_url":"https://www.openstreetmap.org/way/30342858","is_simulated":false}},{"type":"Feature","id":"osm-way-30343118","geometry":{"type":"Point","coordinates":[80.257037,12.985278]},"properties":{"id":"osm-way-30343118","kind":"SCHOOL","name":"Sri Sankara Vidyashram HSS","name_en":null,"name_ta":null,"name_hi":null,"emergency":null,"osm_type":"way","osm_id":"30343118","source":"OpenStreetMap","source_url":"https://www.openstreetmap.org/way/30343118","is_simulated":false}},{"type":"Feature","id":"osm-way-30343814","geometry":{"type":"Point","coordinates":[80.270383,12.993213]},"properties":{"id":"osm-way-30343814","kind":"SCHOOL","name":"Corpn School","name_en":null,"name_ta":null,"name_hi":null,"emergency":null,"osm_type":"way","osm_id":"30343814","source":"OpenStreetMap","source_url":"https://www.openstreetmap.org/way/30343814","is_simulated":false}},{"type":"Feature","id":"osm-way-30347103","geometry":{"type":"Point","coordinates":[80.24981,13.013562]},"properties":{"id":"osm-way-30347103","kind":"COLLEGE","name":"Patrician College of Arts & Science","name_en":null,"name_ta":null,"name_hi":null,"emergency":null,"osm_type":"way","osm_id":"30347103","source":"OpenStreetMap","source_url":"https://www.openstreetmap.org/way/30347103","is_simulated":false}},{"type":"Feature","id":"osm-way-30347104","geometry":{"type":"Point","coordinates":[80.249468,13.012173]},"properties":{"id":"osm-way-30347104","kind":"SCHOOL","name":"Saint Louis School for the Deaf and Blind","name_en":null,"name_ta":null,"name_hi":null,"emergency":null,"osm_type":"way","osm_id":"30347104","source":"OpenStreetMap","source_url":"https://www.openstreetmap.org/way/30347104","is_simulated":false}},{"type":"Feature","id":"osm-way-30347107","geometry":{"type":"Point","coordinates":[80.250375,13.010726]},"properties":{"id":"osm-way-30347107","kind":"SCHOOL","name":"Saint Michaels Academy","name_en":null,"name_ta":null,"name_hi":null,"emergency":null,"osm_type":"way","osm_id":"30347107","source":"OpenStreetMap","source_url":"https://www.openstreetmap.org/way/30347107","is_simulated":false}},{"type":"Feature","id":"osm-way-30347109","geometry":{"type":"Point","coordinates":[80.251205,13.012202]},"properties":{"id":"osm-way-30347109","kind":"SCHOOL","name":"Saint Patricks HSS","name_en":null,"name_ta":null,"name_hi":null,"emergency":null,"osm_type":"way","osm_id":"30347109","source":"OpenStreetMap","source_url":"https://www.openstreetmap.org/way/30347109","is_simulated":false}},{"type":"Feature","id":"osm-way-30347111","geometry":{"type":"Point","coordinates":[80.251801,13.010991]},"properties":{"id":"osm-way-30347111","kind":"COLLEGE","name":"KRMM School and Kumararani Meena Mutthaiah College","name_en":null,"name_ta":null,"name_hi":null,"emergency":null,"osm_type":"way","osm_id":"30347111","source":"OpenStreetMap","source_url":"https://www.openstreetmap.org/way/30347111","is_simulated":false}},{"type":"Feature","id":"osm-way-30347113","geometry":{"type":"Point","coordinates":[80.251207,13.010011]},"properties":{"id":"osm-way-30347113","kind":"SCHOOL","name":"Bala Vidya Mandir","name_en":null,"name_ta":null,"name_hi":null,"emergency":null,"osm_type":"way","osm_id":"30347113","source":"OpenStreetMap","source_url":"https://www.openstreetmap.org/way/30347113","is_simulated":false}},{"type":"Feature","id":"osm-way-30348389","geometry":{"type":"Point","coordinates":[80.257289,13.009927]},"properties":{"id":"osm-way-30348389","kind":"COLLEGE","name":"Rani Meyammai School","name_en":null,"name_ta":null,"name_hi":null,"emergency":null,"osm_type":"way","osm_id":"30348389","source":"OpenStreetMap","source_url":"https://www.openstreetmap.org/way/30348389","is_simulated":false}},{"type":"Feature","id":"osm-way-30394432","geometry":{"type":"Point","coordinates":[80.253782,13.001806]},"properties":{"id":"osm-way-30394432","kind":"SCHOOL","name":"Corporation High School","name_en":null,"name_ta":null,"name_hi":null,"emergency":null,"osm_type":"way","osm_id":"30394432","source":"OpenStreetMap","source_url":"https://www.openstreetmap.org/way/30394432","is_simulated":false}},{"type":"Feature","id":"osm-way-30394613","geometry":{"type":"Point","coordinates":[80.256242,13.004931]},"properties":{"id":"osm-way-30394613","kind":"SCHOOL","name":"Corporation Primary School","name_en":null,"name_ta":null,"name_hi":null,"emergency":null,"osm_type":"way","osm_id":"30394613","source":"OpenStreetMap","source_url":"https://www.openstreetmap.org/way/30394613","is_simulated":false}},{"type":"Feature","id":"osm-way-30394615","geometry":{"type":"Point","coordinates":[80.255935,13.00166]},"properties":{"id":"osm-way-30394615","kind":"SCHOOL","name":"Bharath HSS","name_en":null,"name_ta":null,"name_hi":null,"emergency":null,"osm_type":"way","osm_id":"30394615","source":"OpenStreetMap","source_url":"https://www.openstreetmap.org/way/30394615","is_simulated":false}},{"type":"Feature","id":"osm-way-30402674","geometry":{"type":"Point","coordinates":[80.26261,13.002833]},"properties":{"id":"osm-way-30402674","kind":"SCHOOL","name":"Corporation Middle School","name_en":null,"name_ta":null,"name_hi":null,"emergency":null,"osm_type":"way","osm_id":"30402674","source":"OpenStreetMap","source_url":"https://www.openstreetmap.org/way/30402674","is_simulated":false}},{"type":"Feature","id":"osm-way-30606820","geometry":{"type":"Point","coordinates":[80.207198,12.984779]},"properties":{"id":"osm-way-30606820","kind":"SCHOOL","name":"G. K. Shetty Hindu Vidhyalaya School","name_en":null,"name_ta":null,"name_hi":null,"emergency":null,"osm_type":"way","osm_id":"30606820","source":"OpenStreetMap","source_url":"https://www.openstreetmap.org/way/30606820","is_simulated":false}},{"type":"Feature","id":"osm-way-32510191","geometry":{"type":"Point","coordinates":[80.199858,13.039993]},"properties":{"id":"osm-way-32510191","kind":"SCHOOL","name":"Padma Seshadri Bala Bhavan Senior Secondary School - PSBB KK Nagar","name_en":null,"name_ta":null,"name_hi":null,"emergency":null,"osm_type":"way","osm_id":"32510191","source":"OpenStreetMap","source_url":"https://www.openstreetmap.org/way/32510191","is_simulated":false}},{"type":"Feature","id":"osm-way-32575333","geometry":{"type":"Point","coordinates":[80.204627,13.028423]},"properties":{"id":"osm-way-32575333","kind":"SCHOOL","name":"M.A.Krishnasamy Matriculation School","name_en":null,"name_ta":null,"name_hi":null,"emergency":null,"osm_type":"way","osm_id":"32575333","source":"OpenStreetMap","source_url":"https://www.openstreetmap.org/way/32575333","is_simulated":false}},{"type":"Feature","id":"osm-way-32616590","geometry":{"type":"Point","coordinates":[80.211053,13.036397]},"properties":{"id":"osm-way-32616590","kind":"COLLEGE","name":"Police Training College","name_en":null,"name_ta":null,"name_hi":null,"emergency":null,"osm_type":"way","osm_id":"32616590","source":"OpenStreetMap","source_url":"https://www.openstreetmap.org/way/32616590","is_simulated":false}},{"type":"Feature","id":"osm-way-32666151","geometry":{"type":"Point","coordinates":[80.22119,13.014028]},"properties":{"id":"osm-way-32666151","kind":"COLLEGE","name":"Chellammal College","name_en":null,"name_ta":null,"name_hi":null,"emergency":null,"osm_type":"way","osm_id":"32666151","source":"OpenStreetMap","source_url":"https://www.openstreetmap.org/way/32666151","is_simulated":false}},{"type":"Feature","id":"osm-way-32686279","geometry":{"type":"Point","coordinates":[80.195327,13.02396]},"properties":{"id":"osm-way-32686279","kind":"SCHOOL","name":"Army School","name_en":null,"name_ta":null,"name_hi":null,"emergency":null,"osm_type":"way","osm_id":"32686279","source":"OpenStreetMap","source_url":"https://www.openstreetmap.org/way/32686279","is_simulated":false}},{"type":"Feature","id":"osm-way-32686766","geometry":{"type":"Point","coordinates":[80.217287,13.014396]},"properties":{"id":"osm-way-32686766","kind":"HOSPITAL","name":"King's Institute of Preventive Medicine & Research","name_en":null,"name_ta":null,"name_hi":null,"emergency":null,"osm_type":"way","osm_id":"32686766","source":"OpenStreetMap","source_url":"https://www.openstreetmap.org/way/32686766","is_simulated":false}},{"type":"Feature","id":"osm-way-32896904","geometry":{"type":"Point","coordinates":[80.195014,13.009576]},"properties":{"id":"osm-way-32896904","kind":"HOSPITAL","name":"Cantonment General Hospital","name_en":null,"name_ta":null,"name_hi":null,"emergency":null,"osm_type":"way","osm_id":"32896904","source":"OpenStreetMap","source_url":"https://www.openstreetmap.org/way/32896904","is_simulated":false}},{"type":"Feature","id":"osm-way-32896974","geometry":{"type":"Point","coordinates":[80.19484,13.011631]},"properties":{"id":"osm-way-32896974","kind":"SCHOOL","name":"St. Joseph School","name_en":null,"name_ta":null,"name_hi":null,"emergency":null,"osm_type":"way","osm_id":"32896974","source":"OpenStreetMap","source_url":"https://www.openstreetmap.org/way/32896974","is_simulated":false}},{"type":"Feature","id":"osm-way-32896988","geometry":{"type":"Point","coordinates":[80.195214,13.008899]},"properties":{"id":"osm-way-32896988","kind":"SCHOOL","name":"RC School","name_en":null,"name_ta":null,"name_hi":null,"emergency":null,"osm_type":"way","osm_id":"32896988","source":"OpenStreetMap","source_url":"https://www.openstreetmap.org/way/32896988","is_simulated":false}},{"type":"Feature","id":"osm-way-32945542","geometry":{"type":"Point","coordinates":[80.179342,13.033576]},"properties":{"id":"osm-way-32945542","kind":"COLLEGE","name":"SRM Easwari College of Engineering","name_en":null,"name_ta":null,"name_hi":null,"emergency":null,"osm_type":"way","osm_id":"32945542","source":"OpenStreetMap","source_url":"https://www.openstreetmap.org/way/32945542","is_simulated":false}},{"type":"Feature","id":"osm-way-33010477","geometry":{"type":"Point","coordinates":[80.273823,13.02915]},"properties":{"id":"osm-way-33010477","kind":"SCHOOL","name":"Saint Lazarus School","name_en":null,"name_ta":null,"name_hi":null,"emergency":null,"osm_type":"way","osm_id":"33010477","source":"OpenStreetMap","source_url":"https://www.openstreetmap.org/way/33010477","is_simulated":false}},{"type":"Feature","id":"osm-way-33267223","geometry":{"type":"Point","coordinates":[80.251016,13.029997]},"properties":{"id":"osm-way-33267223","kind":"SCHOOL","name":"Bon Secours Convent","name_en":null,"name_ta":null,"name_hi":null,"emergency":null,"osm_type":"way","osm_id":"33267223","source":"OpenStreetMap","source_url":"https://www.openstreetmap.org/way/33267223","is_simulated":false}},{"type":"Feature","id":"osm-way-33300163","geometry":{"type":"Point","coordinates":[80.246534,12.982253]},"properties":{"id":"osm-way-33300163","kind":"SCHOOL","name":"American International School Chennai","name_en":null,"name_ta":null,"name_hi":null,"emergency":null,"osm_type":"way","osm_id":"33300163","source":"OpenStreetMap","source_url":"https://www.openstreetmap.org/way/33300163","is_simulated":false}},{"type":"Feature","id":"osm-way-33744319","geometry":{"type":"Point","coordinates":[80.238988,13.029324]},"properties":{"id":"osm-way-33744319","kind":"COLLEGE","name":"Government Arts College for Men","name_en":null,"name_ta":null,"name_hi":null,"emergency":null,"osm_type":"way","osm_id":"33744319","source":"OpenStreetMap","source_url":"https://www.openstreetmap.org/way/33744319","is_simulated":false}},{"type":"Feature","id":"osm-way-33938373","geometry":{"type":"Point","coordinates":[80.244254,13.027329]},"properties":{"id":"osm-way-33938373","kind":"SCHOOL","name":"Government HSS","name_en":null,"name_ta":null,"name_hi":null,"emergency":null,"osm_type":"way","osm_id":"33938373","source":"OpenStreetMap","source_url":"https://www.openstreetmap.org/way/33938373","is_simulated":false}},{"type":"Feature","id":"osm-way-33938568","geometry":{"type":"Point","coordinates":[80.24334,13.027496]},"properties":{"id":"osm-way-33938568","kind":"SCHOOL","name":"Boston Matriculation","name_en":null,"name_ta":null,"name_hi":null,"emergency":null,"osm_type":"way","osm_id":"33938568","source":"OpenStreetMap","source_url":"https://www.openstreetmap.org/way/33938568","is_simulated":false}},{"type":"Feature","id":"osm-way-34028125","geometry":{"type":"Point","coordinates":[80.202591,13.034462]},"properties":{"id":"osm-way-34028125","kind":"SCHOOL","name":"Government HSS","name_en":null,"name_ta":null,"name_hi":null,"emergency":null,"osm_type":"way","osm_id":"34028125","source":"OpenStreetMap","source_url":"https://www.openstreetmap.org/way/34028125","is_simulated":false}},{"type":"Feature","id":"osm-way-34159543","geometry":{"type":"Point","coordinates":[80.202137,13.006419]},"properties":{"id":"osm-way-34159543","kind":"COLLEGE","name":"Hindustan Institute of Engineering Technology","name_en":null,"name_ta":null,"name_hi":null,"emergency":null,"osm_type":"way","osm_id":"34159543","source":"OpenStreetMap","source_url":"https://www.openstreetmap.org/way/34159543","is_simulated":false}},{"type":"Feature","id":"osm-way-34159548","geometry":{"type":"Point","coordinates":[80.198314,13.006469]},"properties":{"id":"osm-way-34159548","kind":"SCHOOL","name":"Montfort Matriculation","name_en":null,"name_ta":null,"name_hi":null,"emergency":null,"osm_type":"way","osm_id":"34159548","source":"OpenStreetMap","source_url":"https://www.openstreetmap.org/way/34159548","is_simulated":false}},{"type":"Feature","id":"osm-way-34159549","geometry":{"type":"Point","coordinates":[80.197278,13.006884]},"properties":{"id":"osm-way-34159549","kind":"SCHOOL","name":"St Helens HSS","name_en":null,"name_ta":null,"name_hi":null,"emergency":null,"osm_type":"way","osm_id":"34159549","source":"OpenStreetMap","source_url":"https://www.openstreetmap.org/way/34159549","is_simulated":false}},{"type":"Feature","id":"osm-way-34159550","geometry":{"type":"Point","coordinates":[80.197235,13.006151]},"properties":{"id":"osm-way-34159550","kind":"SCHOOL","name":"Dominics Girls HSS","name_en":null,"name_ta":null,"name_hi":null,"emergency":null,"osm_type":"way","osm_id":"34159550","source":"OpenStreetMap","source_url":"https://www.openstreetmap.org/way/34159550","is_simulated":false}},{"type":"Feature","id":"osm-way-34159551","geometry":{"type":"Point","coordinates":[80.19825,13.007974]},"properties":{"id":"osm-way-34159551","kind":"SCHOOL","name":"St Thomas HSS","name_en":null,"name_ta":null,"name_hi":null,"emergency":null,"osm_type":"way","osm_id":"34159551","source":"OpenStreetMap","source_url":"https://www.openstreetmap.org/way/34159551","is_simulated":false}},{"type":"Feature","id":"osm-way-34230318","geometry":{"type":"Point","coordinates":[80.238946,13.034679]},"properties":{"id":"osm-way-34230318","kind":"SCHOOL","name":"Hindi Prachar Sabha","name_en":null,"name_ta":null,"name_hi":null,"emergency":null,"osm_type":"way","osm_id":"34230318","source":"OpenStreetMap","source_url":"https://www.openstreetmap.org/way/34230318","is_simulated":false}},{"type":"Feature","id":"osm-way-35008212","geometry":{"type":"Point","coordinates":[80.262838,13.016659]},"properties":{"id":"osm-way-35008212","kind":"COLLEGE","name":"Tamil Nadu Government College of Classical Music","name_en":null,"name_ta":null,"name_hi":null,"emergency":null,"osm_type":"way","osm_id":"35008212","source":"OpenStreetMap","source_url":"https://www.openstreetmap.org/way/35008212","is_simulated":false}},{"type":"Feature","id":"osm-way-35013506","geometry":{"type":"Point","coordinates":[80.264162,13.016656]},"properties":{"id":"osm-way-35013506","kind":"COLLEGE","name":"Ambedkar Law University - School of Excellence","name_en":null,"name_ta":null,"name_hi":null,"emergency":null,"osm_type":"way","osm_id":"35013506","source":"OpenStreetMap","source_url":"https://www.openstreetmap.org/way/35013506","is_simulated":false}},{"type":"Feature","id":"osm-way-35015054","geometry":{"type":"Point","coordinates":[80.242,13.019059]},"properties":{"id":"osm-way-35015054","kind":"SCHOOL","name":"AMM School","name_en":null,"name_ta":null,"name_hi":null,"emergency":null,"osm_type":"way","osm_id":"35015054","source":"OpenStreetMap","source_url":"https://www.openstreetmap.org/way/35015054","is_simulated":false}},{"type":"Feature","id":"osm-way-35070068","geometry":{"type":"Point","coordinates":[80.197904,13.048516]},"properties":{"id":"osm-way-35070068","kind":"SCHOOL","name":"Avichi School","name_en":null,"name_ta":null,"name_hi":null,"emergency":null,"osm_type":"way","osm_id":"35070068","source":"OpenStreetMap","source_url":"https://www.openstreetmap.org/way/35070068","is_simulated":false}},{"type":"Feature","id":"osm-way-35312695","geometry":{"type":"Point","coordinates":[80.262248,13.038451]},"properties":{"id":"osm-way-35312695","kind":"HOSPITAL","name":"புனித இஸ்பேல் மருத்துவமனை","name_en":"St. Isabel's Hospital","name_ta":null,"name_hi":null,"emergency":null,"osm_type":"way","osm_id":"35312695","source":"OpenStreetMap","source_url":"https://www.openstreetmap.org/way/35312695","is_simulated":false}},{"type":"Feature","id":"osm-way-35457616","geometry":{"type":"Point","coordinates":[80.243776,12.945035]},"properties":{"id":"osm-way-35457616","kind":"COLLEGE","name":"MNM Jain Engineering College","name_en":null,"name_ta":null,"name_hi":null,"emergency":null,"osm_type":"way","osm_id":"35457616","source":"OpenStreetMap","source_url":"https://www.openstreetmap.org/way/35457616","is_simulated":false}},{"type":"Feature","id":"osm-way-35475184","geometry":{"type":"Point","coordinates":[80.219321,13.025514]},"properties":{"id":"osm-way-35475184","kind":"SCHOOL","name":"Chennai Boys Higher Secondary School","name_en":null,"name_ta":null,"name_hi":null,"emergency":null,"osm_type":"way","osm_id":"35475184","source":"OpenStreetMap","source_url":"https://www.openstreetmap.org/way/35475184","is_simulated":false}},{"type":"Feature","id":"osm-way-35572295","geometry":{"type":"Point","coordinates":[80.249998,12.985188]},"properties":{"id":"osm-way-35572295","kind":"SCHOOL","name":"Spastic Society of india","name_en":null,"name_ta":null,"name_hi":null,"emergency":null,"osm_type":"way","osm_id":"35572295","source":"OpenStreetMap","source_url":"https://www.openstreetmap.org/way/35572295","is_simulated":false}},{"type":"Feature","id":"osm-way-35572308","geometry":{"type":"Point","coordinates":[80.251508,12.984388]},"properties":{"id":"osm-way-35572308","kind":"COLLEGE","name":"National Institute of Fashion Technology - NIFT Chennai","name_en":null,"name_ta":null,"name_hi":null,"emergency":null,"osm_type":"way","osm_id":"35572308","source":"OpenStreetMap","source_url":"https://www.openstreetmap.org/way/35572308","is_simulated":false}},{"type":"Feature","id":"osm-way-35572368","geometry":{"type":"Point","coordinates":[80.2497,12.987717]},"properties":{"id":"osm-way-35572368","kind":"COLLEGE","name":"National Institute of Technical Teachers' Training and Research","name_en":null,"name_ta":null,"name_hi":null,"emergency":null,"osm_type":"way","osm_id":"35572368","source":"OpenStreetMap","source_url":"https://www.openstreetmap.org/way/35572368","is_simulated":false}},{"type":"Feature","id":"osm-way-35572405","geometry":{"type":"Point","coordinates":[80.244648,12.988216]},"properties":{"id":"osm-way-35572405","kind":"COLLEGE","name":"Council of Scientific and Industrial Research - CSIR Taramani","name_en":null,"name_ta":null,"name_hi":null,"emergency":null,"osm_type":"way","osm_id":"35572405","source":"OpenStreetMap","source_url":"https://www.openstreetmap.org/way/35572405","is_simulated":false}},{"type":"Feature","id":"osm-way-35573178","geometry":{"type":"Point","coordinates":[80.242206,12.984644]},"properties":{"id":"osm-way-35573178","kind":"COLLEGE","name":"Shri A. M. M. Murugappa Chettiar Research Centre","name_en":null,"name_ta":null,"name_hi":null,"emergency":null,"osm_type":"way","osm_id":"35573178","source":"OpenStreetMap","source_url":"https://www.openstreetmap.org/way/35573178","is_simulated":false}},{"type":"Feature","id":"osm-way-35678097","geometry":{"type":"Point","coordinates":[80.266042,12.99896]},"properties":{"id":"osm-way-35678097","kind":"SCHOOL","name":"Vidya Vinaya Vinoda Matriculation Hr. Sec. School","name_en":null,"name_ta":null,"name_hi":null,"emergency":null,"osm_type":"way","osm_id":"35678097","source":"OpenStreetMap","source_url":"https://www.openstreetmap.org/way/35678097","is_simulated":false}},{"type":"Feature","id":"osm-way-47473073","geometry":{"type":"Point","coordinates":[80.265965,13.043418]},"properties":{"id":"osm-way-47473073","kind":"SCHOOL","name":"Kesari High School","name_en":null,"name_ta":null,"name_hi":null,"emergency":null,"osm_type":"way","osm_id":"47473073","source":"OpenStreetMap","source_url":"https://www.openstreetmap.org/way/47473073","is_simulated":false}},{"type":"Feature","id":"osm-way-47474025","geometry":{"type":"Point","coordinates":[80.269365,13.045555]},"properties":{"id":"osm-way-47474025","kind":"SCHOOL","name":"The Children's Garden Higher Secondary School","name_en":null,"name_ta":null,"name_hi":null,"emergency":null,"osm_type":"way","osm_id":"47474025","source":"OpenStreetMap","source_url":"https://www.openstreetmap.org/way/47474025","is_simulated":false}},{"type":"Feature","id":"osm-way-47798613","geometry":{"type":"Point","coordinates":[80.178673,12.984089]},"properties":{"id":"osm-way-47798613","kind":"COLLEGE","name":"Agurchand Manmull Jain College","name_en":null,"name_ta":null,"name_hi":null,"emergency":null,"osm_type":"way","osm_id":"47798613","source":"OpenStreetMap","source_url":"https://www.openstreetmap.org/way/47798613","is_simulated":false}},{"type":"Feature","id":"osm-way-51541566","geometry":{"type":"Point","coordinates":[80.227366,13.02198]},"properties":{"id":"osm-way-51541566","kind":"COLLEGE","name":"Teacher Training College","name_en":null,"name_ta":null,"name_hi":null,"emergency":null,"osm_type":"way","osm_id":"51541566","source":"OpenStreetMap","source_url":"https://www.openstreetmap.org/way/51541566","is_simulated":false}},{"type":"Feature","id":"osm-way-55570584","geometry":{"type":"Point","coordinates":[80.25543,12.981768]},"properties":{"id":"osm-way-55570584","kind":"COLLEGE","name":"Sacred Heart College","name_en":null,"name_ta":null,"name_hi":null,"emergency":null,"osm_type":"way","osm_id":"55570584","source":"OpenStreetMap","source_url":"https://www.openstreetmap.org/way/55570584","is_simulated":false}},{"type":"Feature","id":"osm-way-118695817","geometry":{"type":"Point","coordinates":[80.212714,13.037644]},"properties":{"id":"osm-way-118695817","kind":"SCHOOL","name":"Jawahar Higher Secondary School","name_en":null,"name_ta":null,"name_hi":null,"emergency":null,"osm_type":"way","osm_id":"118695817","source":"OpenStreetMap","source_url":"https://www.openstreetmap.org/way/118695817","is_simulated":false}},{"type":"Feature","id":"osm-way-125180726","geometry":{"type":"Point","coordinates":[80.207841,13.034006]},"properties":{"id":"osm-way-125180726","kind":"HOSPITAL","name":"Govt Peripheral Hospital KK Nagar","name_en":null,"name_ta":null,"name_hi":null,"emergency":null,"osm_type":"way","osm_id":"125180726","source":"OpenStreetMap","source_url":"https://www.openstreetmap.org/way/125180726","is_simulated":false}},{"type":"Feature","id":"osm-way-131961752","geometry":{"type":"Point","coordinates":[80.255234,12.971979]},"properties":{"id":"osm-way-131961752","kind":"SCHOOL","name":"Antony School","name_en":null,"name_ta":null,"name_hi":null,"emergency":null,"osm_type":"way","osm_id":"131961752","source":"OpenStreetMap","source_url":"https://www.openstreetmap.org/way/131961752","is_simulated":false}},{"type":"Feature","id":"osm-way-131961841","geometry":{"type":"Point","coordinates":[80.260116,12.970516]},"properties":{"id":"osm-way-131961841","kind":"HOSPITAL","name":"Ayurveda Hospital","name_en":null,"name_ta":null,"name_hi":null,"emergency":null,"osm_type":"way","osm_id":"131961841","source":"OpenStreetMap","source_url":"https://www.openstreetmap.org/way/131961841","is_simulated":false}},{"type":"Feature","id":"osm-way-132063266","geometry":{"type":"Point","coordinates":[80.256701,12.966591]},"properties":{"id":"osm-way-132063266","kind":"SCHOOL","name":"Govt School","name_en":null,"name_ta":null,"name_hi":null,"emergency":null,"osm_type":"way","osm_id":"132063266","source":"OpenStreetMap","source_url":"https://www.openstreetmap.org/way/132063266","is_simulated":false}},{"type":"Feature","id":"osm-way-132065414","geometry":{"type":"Point","coordinates":[80.25066,12.976333]},"properties":{"id":"osm-way-132065414","kind":"SCHOOL","name":"YMCA Boys Town Higher Secondary School","name_en":null,"name_ta":null,"name_hi":null,"emergency":null,"osm_type":"way","osm_id":"132065414","source":"OpenStreetMap","source_url":"https://www.openstreetmap.org/way/132065414","is_simulated":false}},{"type":"Feature","id":"osm-way-132073184","geometry":{"type":"Point","coordinates":[80.24574,12.963057]},"properties":{"id":"osm-way-132073184","kind":"HOSPITAL","name":"Apollo Hospital","name_en":null,"name_ta":null,"name_hi":null,"emergency":true,"osm_type":"way","osm_id":"132073184","source":"OpenStreetMap","source_url":"https://www.openstreetmap.org/way/132073184","is_simulated":false}},{"type":"Feature","id":"osm-way-132510315","geometry":{"type":"Point","coordinates":[80.244412,12.982433]},"properties":{"id":"osm-way-132510315","kind":"COLLEGE","name":"The Institute of Road Transport","name_en":null,"name_ta":null,"name_hi":null,"emergency":null,"osm_type":"way","osm_id":"132510315","source":"OpenStreetMap","source_url":"https://www.openstreetmap.org/way/132510315","is_simulated":false}},{"type":"Feature","id":"osm-way-156240637","geometry":{"type":"Point","coordinates":[80.25716,13.03916]},"properties":{"id":"osm-way-156240637","kind":"HOSPITAL","name":"Udhi Eye Hospitals","name_en":null,"name_ta":null,"name_hi":null,"emergency":null,"osm_type":"way","osm_id":"156240637","source":"OpenStreetMap","source_url":"https://www.openstreetmap.org/way/156240637","is_simulated":false}},{"type":"Feature","id":"osm-way-156250603","geometry":{"type":"Point","coordinates":[80.25572,13.046071]},"properties":{"id":"osm-way-156250603","kind":"HOSPITAL","name":"Agarwal Eye Hospital","name_en":null,"name_ta":null,"name_hi":null,"emergency":null,"osm_type":"way","osm_id":"156250603","source":"OpenStreetMap","source_url":"https://www.openstreetmap.org/way/156250603","is_simulated":false}},{"type":"Feature","id":"osm-way-156250608","geometry":{"type":"Point","coordinates":[80.256162,13.044707]},"properties":{"id":"osm-way-156250608","kind":"HOSPITAL","name":"Aswene Soundarya Hospital","name_en":null,"name_ta":null,"name_hi":null,"emergency":null,"osm_type":"way","osm_id":"156250608","source":"OpenStreetMap","source_url":"https://www.openstreetmap.org/way/156250608","is_simulated":false}},{"type":"Feature","id":"osm-way-157121739","geometry":{"type":"Point","coordinates":[80.181043,12.921215]},"properties":{"id":"osm-way-157121739","kind":"COLLEGE","name":"Quaid-e-milleth College","name_en":null,"name_ta":null,"name_hi":null,"emergency":null,"osm_type":"way","osm_id":"157121739","source":"OpenStreetMap","source_url":"https://www.openstreetmap.org/way/157121739","is_simulated":false}},{"type":"Feature","id":"osm-way-157547514","geometry":{"type":"Point","coordinates":[80.267267,13.024876]},"properties":{"id":"osm-way-157547514","kind":"SCHOOL","name":"St. Johns Matriculation School","name_en":null,"name_ta":null,"name_hi":null,"emergency":null,"osm_type":"way","osm_id":"157547514","source":"OpenStreetMap","source_url":"https://www.openstreetmap.org/way/157547514","is_simulated":false}},{"type":"Feature","id":"osm-way-157549275","geometry":{"type":"Point","coordinates":[80.267686,13.025438]},"properties":{"id":"osm-way-157549275","kind":"SCHOOL","name":"St.Johns Senior Secondary School","name_en":null,"name_ta":null,"name_hi":null,"emergency":null,"osm_type":"way","osm_id":"157549275","source":"OpenStreetMap","source_url":"https://www.openstreetmap.org/way/157549275","is_simulated":false}},{"type":"Feature","id":"osm-way-164933758","geometry":{"type":"Point","coordinates":[80.2226,12.972299]},"properties":{"id":"osm-way-164933758","kind":"SCHOOL","name":"D.A.V Public School","name_en":null,"name_ta":null,"name_hi":null,"emergency":null,"osm_type":"way","osm_id":"164933758","source":"OpenStreetMap","source_url":"https://www.openstreetmap.org/way/164933758","is_simulated":false}},{"type":"Feature","id":"osm-way-170104584","geometry":{"type":"Point","coordinates":[80.251518,13.009811]},"properties":{"id":"osm-way-170104584","kind":"HOSPITAL","name":"Global Hospitals","name_en":null,"name_ta":null,"name_hi":null,"emergency":null,"osm_type":"way","osm_id":"170104584","source":"OpenStreetMap","source_url":"https://www.openstreetmap.org/way/170104584","is_simulated":false}},{"type":"Feature","id":"osm-way-172830294","geometry":{"type":"Point","coordinates":[80.187257,12.915607]},"properties":{"id":"osm-way-172830294","kind":"COLLEGE","name":"New Prince Shri Bhavani Arts and Science College","name_en":null,"name_ta":null,"name_hi":null,"emergency":null,"osm_type":"way","osm_id":"172830294","source":"OpenStreetMap","source_url":"https://www.openstreetmap.org/way/172830294","is_simulated":false}},{"type":"Feature","id":"osm-way-179246857","geometry":{"type":"Point","coordinates":[80.191395,12.942884]},"properties":{"id":"osm-way-179246857","kind":"SCHOOL","name":"Goverment School","name_en":null,"name_ta":null,"name_hi":null,"emergency":null,"osm_type":"way","osm_id":"179246857","source":"OpenStreetMap","source_url":"https://www.openstreetmap.org/way/179246857","is_simulated":false}},{"type":"Feature","id":"osm-way-181579506","geometry":{"type":"Point","coordinates":[80.239323,13.013635]},"properties":{"id":"osm-way-181579506","kind":"HOSPITAL","name":"Health Centre","name_en":null,"name_ta":null,"name_hi":null,"emergency":null,"osm_type":"way","osm_id":"181579506","source":"OpenStreetMap","source_url":"https://www.openstreetmap.org/way/181579506","is_simulated":false}},{"type":"Feature","id":"osm-way-183882478","geometry":{"type":"Point","coordinates":[80.225632,13.034967]},"properties":{"id":"osm-way-183882478","kind":"SCHOOL","name":"Sri Ahobila Math Oriental Higher Secondary School","name_en":null,"name_ta":null,"name_hi":null,"emergency":null,"osm_type":"way","osm_id":"183882478","source":"OpenStreetMap","source_url":"https://www.openstreetmap.org/way/183882478","is_simulated":false}},{"type":"Feature","id":"osm-way-183882994","geometry":{"type":"Point","coordinates":[80.226848,13.036002]},"properties":{"id":"osm-way-183882994","kind":"SCHOOL","name":"Sri Narayana Mission School","name_en":null,"name_ta":null,"name_hi":null,"emergency":null,"osm_type":"way","osm_id":"183882994","source":"OpenStreetMap","source_url":"https://www.openstreetmap.org/way/183882994","is_simulated":false}},{"type":"Feature","id":"osm-way-185282947","geometry":{"type":"Point","coordinates":[80.238873,13.009588]},"properties":{"id":"osm-way-185282947","kind":"COLLEGE","name":"University of Madras, Guindy Campus","name_en":null,"name_ta":null,"name_hi":null,"emergency":null,"osm_type":"way","osm_id":"185282947","source":"OpenStreetMap","source_url":"https://www.openstreetmap.org/way/185282947","is_simulated":false}},{"type":"Feature","id":"osm-way-185284099","geometry":{"type":"Point","coordinates":[80.238399,13.008105]},"properties":{"id":"osm-way-185284099","kind":"COLLEGE","name":"Alagappa College of Technology","name_en":null,"name_ta":null,"name_hi":null,"emergency":null,"osm_type":"way","osm_id":"185284099","source":"OpenStreetMap","source_url":"https://www.openstreetmap.org/way/185284099","is_simulated":false}},{"type":"Feature","id":"osm-way-185284100","geometry":{"type":"Point","coordinates":[80.23982,13.007831]},"properties":{"id":"osm-way-185284100","kind":"COLLEGE","name":"School of Architecture and Planning","name_en":null,"name_ta":null,"name_hi":null,"emergency":null,"osm_type":"way","osm_id":"185284100","source":"OpenStreetMap","source_url":"https://www.openstreetmap.org/way/185284100","is_simulated":false}},{"type":"Feature","id":"osm-way-188162845","geometry":{"type":"Point","coordinates":[80.220286,12.97265]},"properties":{"id":"osm-way-188162845","kind":"SCHOOL","name":"Shri A. Ganesan Matriculation Higher Secondary School","name_en":null,"name_ta":null,"name_hi":null,"emergency":null,"osm_type":"way","osm_id":"188162845","source":"OpenStreetMap","source_url":"https://www.openstreetmap.org/way/188162845","is_simulated":false}},{"type":"Feature","id":"osm-way-188445646","geometry":{"type":"Point","coordinates":[80.257265,13.036097]},"properties":{"id":"osm-way-188445646","kind":"HOSPITAL","name":"Apollo Clinic & Pharmacy","name_en":null,"name_ta":null,"name_hi":null,"emergency":null,"osm_type":"way","osm_id":"188445646","source":"OpenStreetMap","source_url":"https://www.openstreetmap.org/way/188445646","is_simulated":false}},{"type":"Feature","id":"osm-way-203214270","geometry":{"type":"Point","coordinates":[80.198789,12.940964]},"properties":{"id":"osm-way-203214270","kind":"SCHOOL","name":"A School","name_en":null,"name_ta":null,"name_hi":null,"emergency":null,"osm_type":"way","osm_id":"203214270","source":"OpenStreetMap","source_url":"https://www.openstreetmap.org/way/203214270","is_simulated":false}},{"type":"Feature","id":"osm-way-205219589","geometry":{"type":"Point","coordinates":[80.185918,12.987714]},"properties":{"id":"osm-way-205219589","kind":"SCHOOL","name":"Municipal Primary School","name_en":null,"name_ta":null,"name_hi":null,"emergency":null,"osm_type":"way","osm_id":"205219589","source":"OpenStreetMap","source_url":"https://www.openstreetmap.org/way/205219589","is_simulated":false}},{"type":"Feature","id":"osm-way-208569725","geometry":{"type":"Point","coordinates":[80.270142,13.035987]},"properties":{"id":"osm-way-208569725","kind":"POLICE","name":"Mylapore E1 PS","name_en":null,"name_ta":null,"name_hi":null,"emergency":null,"osm_type":"way","osm_id":"208569725","source":"OpenStreetMap","source_url":"https://www.openstreetmap.org/way/208569725","is_simulated":false}},{"type":"Feature","id":"osm-way-208570709","geometry":{"type":"Point","coordinates":[80.276131,13.034261]},"properties":{"id":"osm-way-208570709","kind":"SCHOOL","name":"St Raphael's Girls HSS","name_en":null,"name_ta":null,"name_hi":null,"emergency":null,"osm_type":"way","osm_id":"208570709","source":"OpenStreetMap","source_url":"https://www.openstreetmap.org/way/208570709","is_simulated":false}},{"type":"Feature","id":"osm-way-209413524","geometry":{"type":"Point","coordinates":[80.257868,13.038558]},"properties":{"id":"osm-way-209413524","kind":"HOSPITAL","name":"Trinity Acute Care","name_en":null,"name_ta":null,"name_hi":null,"emergency":null,"osm_type":"way","osm_id":"209413524","source":"OpenStreetMap","source_url":"https://www.openstreetmap.org/way/209413524","is_simulated":false}},{"type":"Feature","id":"osm-way-209551264","geometry":{"type":"Point","coordinates":[80.202728,12.981372]},"properties":{"id":"osm-way-209551264","kind":"SCHOOL","name":"D. A. V School","name_en":null,"name_ta":null,"name_hi":null,"emergency":null,"osm_type":"way","osm_id":"209551264","source":"OpenStreetMap","source_url":"https://www.openstreetmap.org/way/209551264","is_simulated":false}},{"type":"Feature","id":"osm-way-211274279","geometry":{"type":"Point","coordinates":[80.272402,13.043331]},"properties":{"id":"osm-way-211274279","kind":"HOSPITAL","name":"CSI Kalyani Hospital","name_en":null,"name_ta":null,"name_hi":null,"emergency":null,"osm_type":"way","osm_id":"211274279","source":"OpenStreetMap","source_url":"https://www.openstreetmap.org/way/211274279","is_simulated":false}},{"type":"Feature","id":"osm-way-211423255","geometry":{"type":"Point","coordinates":[80.27094,13.042348]},"properties":{"id":"osm-way-211423255","kind":"HOSPITAL","name":"EV Kalyani Hospital","name_en":null,"name_ta":null,"name_hi":null,"emergency":null,"osm_type":"way","osm_id":"211423255","source":"OpenStreetMap","source_url":"https://www.openstreetmap.org/way/211423255","is_simulated":false}},{"type":"Feature","id":"osm-way-211900028","geometry":{"type":"Point","coordinates":[80.238887,13.01611]},"properties":{"id":"osm-way-211900028","kind":"SCHOOL","name":"Anna GEM Science Park Matriculation Higher Secondary School","name_en":null,"name_ta":null,"name_hi":null,"emergency":null,"osm_type":"way","osm_id":"211900028","source":"OpenStreetMap","source_url":"https://www.openstreetmap.org/way/211900028","is_simulated":false}},{"type":"Feature","id":"osm-way-211900029","geometry":{"type":"Point","coordinates":[80.248495,13.009056]},"properties":{"id":"osm-way-211900029","kind":"HOSPITAL","name":"Cancer Hospital","name_en":null,"name_ta":null,"name_hi":null,"emergency":null,"osm_type":"way","osm_id":"211900029","source":"OpenStreetMap","source_url":"https://www.openstreetmap.org/way/211900029","is_simulated":false}},{"type":"Feature","id":"osm-way-211900030","geometry":{"type":"Point","coordinates":[80.243962,13.009109]},"properties":{"id":"osm-way-211900030","kind":"COLLEGE","name":"Central Leather Research Institute","name_en":null,"name_ta":"மத்திய தோல் ஆராய்ச்சி நிறுவனம்","name_hi":null,"emergency":null,"osm_type":"way","osm_id":"211900030","source":"OpenStreetMap","source_url":"https://www.openstreetmap.org/way/211900030","is_simulated":false}},{"type":"Feature","id":"osm-way-214188197","geometry":{"type":"Point","coordinates":[80.224045,13.020458]},"properties":{"id":"osm-way-214188197","kind":"HOSPITAL","name":"சைதாப்பேட்டை அரசு மருத்துவமனை","name_en":"Government Hospital, Saidapet","name_ta":null,"name_hi":null,"emergency":true,"osm_type":"way","osm_id":"214188197","source":"OpenStreetMap","source_url":"https://www.openstreetmap.org/way/214188197","is_simulated":false}},{"type":"Feature","id":"osm-way-214356712","geometry":{"type":"Point","coordinates":[80.22949,13.034764]},"properties":{"id":"osm-way-214356712","kind":"POLICE","name":"R1 Police Station","name_en":null,"name_ta":null,"name_hi":null,"emergency":null,"osm_type":"way","osm_id":"214356712","source":"OpenStreetMap","source_url":"https://www.openstreetmap.org/way/214356712","is_simulated":false}},{"type":"Feature","id":"osm-way-214366887","geometry":{"type":"Point","coordinates":[80.214864,13.019347]},"properties":{"id":"osm-way-214366887","kind":"COLLEGE","name":"Annai Velankanni College","name_en":null,"name_ta":null,"name_hi":null,"emergency":null,"osm_type":"way","osm_id":"214366887","source":"OpenStreetMap","source_url":"https://www.openstreetmap.org/way/214366887","is_simulated":false}},{"type":"Feature","id":"osm-way-214379309","geometry":{"type":"Point","coordinates":[80.214508,13.025327]},"properties":{"id":"osm-way-214379309","kind":"SCHOOL","name":"Saint Mary's School","name_en":null,"name_ta":null,"name_hi":null,"emergency":null,"osm_type":"way","osm_id":"214379309","source":"OpenStreetMap","source_url":"https://www.openstreetmap.org/way/214379309","is_simulated":false}},{"type":"Feature","id":"osm-way-215529547","geometry":{"type":"Point","coordinates":[80.215385,13.041192]},"properties":{"id":"osm-way-215529547","kind":"SCHOOL","name":"Jawahar Senior Secondary School","name_en":null,"name_ta":null,"name_hi":null,"emergency":null,"osm_type":"way","osm_id":"215529547","source":"OpenStreetMap","source_url":"https://www.openstreetmap.org/way/215529547","is_simulated":false}},{"type":"Feature","id":"osm-way-217726810","geometry":{"type":"Point","coordinates":[80.259888,13.017676]},"properties":{"id":"osm-way-217726810","kind":"HOSPITAL","name":"ஆந்திர மாநில சபா","name_en":"Andhra Mahila Sabha","name_ta":null,"name_hi":null,"emergency":null,"osm_type":"way","osm_id":"217726810","source":"OpenStreetMap","source_url":"https://www.openstreetmap.org/way/217726810","is_simulated":false}},{"type":"Feature","id":"osm-way-217731034","geometry":{"type":"Point","coordinates":[80.230626,13.035212]},"properties":{"id":"osm-way-217731034","kind":"FIRE_STATION","name":"Fire and Rescue station","name_en":null,"name_ta":null,"name_hi":null,"emergency":null,"osm_type":"way","osm_id":"217731034","source":"OpenStreetMap","source_url":"https://www.openstreetmap.org/way/217731034","is_simulated":false}},{"type":"Feature","id":"osm-way-217731073","geometry":{"type":"Point","coordinates":[80.232214,13.035194]},"properties":{"id":"osm-way-217731073","kind":"SCHOOL","name":"Sri Ramakrishna Mission Sarada Vidyalaya Model Higher Secondary School For Girls","name_en":null,"name_ta":null,"name_hi":null,"emergency":null,"osm_type":"way","osm_id":"217731073","source":"OpenStreetMap","source_url":"https://www.openstreetmap.org/way/217731073","is_simulated":false}},{"type":"Feature","id":"osm-way-217763975","geometry":{"type":"Point","coordinates":[80.25835,13.000236]},"properties":{"id":"osm-way-217763975","kind":"SCHOOL","name":"Vidya Ratna PTS Matriculation Higher Secondary School","name_en":null,"name_ta":null,"name_hi":null,"emergency":null,"osm_type":"way","osm_id":"217763975","source":"OpenStreetMap","source_url":"https://www.openstreetmap.org/way/217763975","is_simulated":false}},{"type":"Feature","id":"osm-way-218144562","geometry":{"type":"Point","coordinates":[80.241007,13.049318]},"properties":{"id":"osm-way-218144562","kind":"SCHOOL","name":"Padma Seshadri Bala Bhavan School","name_en":null,"name_ta":null,"name_hi":null,"emergency":null,"osm_type":"way","osm_id":"218144562","source":"OpenStreetMap","source_url":"https://www.openstreetmap.org/way/218144562","is_simulated":false}},{"type":"Feature","id":"osm-way-218144573","geometry":{"type":"Point","coordinates":[80.2379,13.032544]},"properties":{"id":"osm-way-218144573","kind":"SCHOOL","name":"Thakkar Bapa Vidyalaya","name_en":null,"name_ta":null,"name_hi":null,"emergency":null,"osm_type":"way","osm_id":"218144573","source":"OpenStreetMap","source_url":"https://www.openstreetmap.org/way/218144573","is_simulated":false}},{"type":"Feature","id":"osm-way-218149507","geometry":{"type":"Point","coordinates":[80.256753,13.027351]},"properties":{"id":"osm-way-218149507","kind":"HOSPITAL","name":"Billroth Hospital","name_en":null,"name_ta":null,"name_hi":null,"emergency":true,"osm_type":"way","osm_id":"218149507","source":"OpenStreetMap","source_url":"https://www.openstreetmap.org/way/218149507","is_simulated":false}},{"type":"Feature","id":"osm-way-218163938","geometry":{"type":"Point","coordinates":[80.258564,13.01016]},"properties":{"id":"osm-way-218163938","kind":"HOSPITAL","name":"Fortis Malar Hospital","name_en":null,"name_ta":null,"name_hi":null,"emergency":null,"osm_type":"way","osm_id":"218163938","source":"OpenStreetMap","source_url":"https://www.openstreetmap.org/way/218163938","is_simulated":false}},{"type":"Feature","id":"osm-way-219390038","geometry":{"type":"Point","coordinates":[80.207813,12.945538]},"properties":{"id":"osm-way-219390038","kind":"COLLEGE","name":"Jerusalem College of Engineering","name_en":null,"name_ta":null,"name_hi":null,"emergency":null,"osm_type":"way","osm_id":"219390038","source":"OpenStreetMap","source_url":"https://www.openstreetmap.org/way/219390038","is_simulated":false}},{"type":"Feature","id":"osm-way-219390066","geometry":{"type":"Point","coordinates":[80.207759,12.944015]},"properties":{"id":"osm-way-219390066","kind":"COLLEGE","name":"Balaji Dental college","name_en":null,"name_ta":null,"name_hi":null,"emergency":null,"osm_type":"way","osm_id":"219390066","source":"OpenStreetMap","source_url":"https://www.openstreetmap.org/way/219390066","is_simulated":false}},{"type":"Feature","id":"osm-way-220821765","geometry":{"type":"Point","coordinates":[80.188333,12.977388]},"properties":{"id":"osm-way-220821765","kind":"HOSPITAL","name":"Gowri Nursing Home","name_en":null,"name_ta":null,"name_hi":null,"emergency":null,"osm_type":"way","osm_id":"220821765","source":"OpenStreetMap","source_url":"https://www.openstreetmap.org/way/220821765","is_simulated":false}},{"type":"Feature","id":"osm-way-234104731","geometry":{"type":"Point","coordinates":[80.175067,13.015821]},"properties":{"id":"osm-way-234104731","kind":"COMMUNITY_CENTRE","name":"Manapakkam Community Hall","name_en":null,"name_ta":null,"name_hi":null,"emergency":null,"osm_type":"way","osm_id":"234104731","source":"OpenStreetMap","source_url":"https://www.openstreetmap.org/way/234104731","is_simulated":false}},{"type":"Feature","id":"osm-way-240511203","geometry":{"type":"Point","coordinates":[80.217304,13.044081]},"properties":{"id":"osm-way-240511203","kind":"POLICE","name":"R3 Ashok Nagar Police Station","name_en":null,"name_ta":null,"name_hi":null,"emergency":null,"osm_type":"way","osm_id":"240511203","source":"OpenStreetMap","source_url":"https://www.openstreetmap.org/way/240511203","is_simulated":false}},{"type":"Feature","id":"osm-way-241007895","geometry":{"type":"Point","coordinates":[80.255967,13.033256]},"properties":{"id":"osm-way-241007895","kind":"POLICE","name":"Abhiramapuram","name_en":null,"name_ta":null,"name_hi":null,"emergency":null,"osm_type":"way","osm_id":"241007895","source":"OpenStreetMap","source_url":"https://www.openstreetmap.org/way/241007895","is_simulated":false}},{"type":"Feature","id":"osm-way-255505185","geometry":{"type":"Point","coordinates":[80.218585,13.025473]},"properties":{"id":"osm-way-255505185","kind":"SCHOOL","name":"Chennai Girls Higher Secondary School","name_en":null,"name_ta":null,"name_hi":null,"emergency":null,"osm_type":"way","osm_id":"255505185","source":"OpenStreetMap","source_url":"https://www.openstreetmap.org/way/255505185","is_simulated":false}},{"type":"Feature","id":"osm-way-262012749","geometry":{"type":"Point","coordinates":[80.224134,13.020873]},"properties":{"id":"osm-way-262012749","kind":"HOSPITAL","name":"Chennai Corporation 24 Hours Maternity Hospital","name_en":null,"name_ta":null,"name_hi":null,"emergency":true,"osm_type":"way","osm_id":"262012749","source":"OpenStreetMap","source_url":"https://www.openstreetmap.org/way/262012749","is_simulated":false}},{"type":"Feature","id":"osm-way-315499682","geometry":{"type":"Point","coordinates":[80.245168,13.033647]},"properties":{"id":"osm-way-315499682","kind":"HOSPITAL","name":"Apollo Speciality Hospital - Block A","name_en":null,"name_ta":null,"name_hi":null,"emergency":true,"osm_type":"way","osm_id":"315499682","source":"OpenStreetMap","source_url":"https://www.openstreetmap.org/way/315499682","is_simulated":false}},{"type":"Feature","id":"osm-way-315499747","geometry":{"type":"Point","coordinates":[80.245639,13.033617]},"properties":{"id":"osm-way-315499747","kind":"HOSPITAL","name":"Apollo Speciality Hospital - Block B","name_en":null,"name_ta":null,"name_hi":null,"emergency":null,"osm_type":"way","osm_id":"315499747","source":"OpenStreetMap","source_url":"https://www.openstreetmap.org/way/315499747","is_simulated":false}},{"type":"Feature","id":"osm-way-315499965","geometry":{"type":"Point","coordinates":[80.245666,13.033929]},"properties":{"id":"osm-way-315499965","kind":"HOSPITAL","name":"Apollo Speciality Hospital - Block C","name_en":null,"name_ta":null,"name_hi":null,"emergency":null,"osm_type":"way","osm_id":"315499965","source":"OpenStreetMap","source_url":"https://www.openstreetmap.org/way/315499965","is_simulated":false}},{"type":"Feature","id":"osm-way-328706398","geometry":{"type":"Point","coordinates":[80.251627,12.9942]},"properties":{"id":"osm-way-328706398","kind":"HOSPITAL","name":"Chennai Clinical Centres","name_en":null,"name_ta":null,"name_hi":null,"emergency":null,"osm_type":"way","osm_id":"328706398","source":"OpenStreetMap","source_url":"https://www.openstreetmap.org/way/328706398","is_simulated":false}},{"type":"Feature","id":"osm-way-332525434","geometry":{"type":"Point","coordinates":[80.221849,13.035999]},"properties":{"id":"osm-way-332525434","kind":"HOSPITAL","name":"Public Health Centre (In Patient Block)","name_en":null,"name_ta":null,"name_hi":null,"emergency":true,"osm_type":"way","osm_id":"332525434","source":"OpenStreetMap","source_url":"https://www.openstreetmap.org/way/332525434","is_simulated":false}},{"type":"Feature","id":"osm-way-332525519","geometry":{"type":"Point","coordinates":[80.221938,13.036384]},"properties":{"id":"osm-way-332525519","kind":"HOSPITAL","name":"Public Health Centre (Out Patient Block)","name_en":null,"name_ta":null,"name_hi":null,"emergency":null,"osm_type":"way","osm_id":"332525519","source":"OpenStreetMap","source_url":"https://www.openstreetmap.org/way/332525519","is_simulated":false}},{"type":"Feature","id":"osm-way-337923794","geometry":{"type":"Point","coordinates":[80.222913,13.023439]},"properties":{"id":"osm-way-337923794","kind":"HOSPITAL","name":"Chitra Maternity andSurgival Centre","name_en":null,"name_ta":null,"name_hi":null,"emergency":null,"osm_type":"way","osm_id":"337923794","source":"OpenStreetMap","source_url":"https://www.openstreetmap.org/way/337923794","is_simulated":false}},{"type":"Feature","id":"osm-way-337929079","geometry":{"type":"Point","coordinates":[80.222278,13.022311]},"properties":{"id":"osm-way-337929079","kind":"HOSPITAL","name":"Bora Hospital","name_en":null,"name_ta":null,"name_hi":null,"emergency":null,"osm_type":"way","osm_id":"337929079","source":"OpenStreetMap","source_url":"https://www.openstreetmap.org/way/337929079","is_simulated":false}},{"type":"Feature","id":"osm-way-339508304","geometry":{"type":"Point","coordinates":[80.220653,13.020088]},"properties":{"id":"osm-way-339508304","kind":"SCHOOL","name":"C.S.I. Middle School","name_en":null,"name_ta":null,"name_hi":null,"emergency":null,"osm_type":"way","osm_id":"339508304","source":"OpenStreetMap","source_url":"https://www.openstreetmap.org/way/339508304","is_simulated":false}},{"type":"Feature","id":"osm-way-339877359","geometry":{"type":"Point","coordinates":[80.226096,13.024141]},"properties":{"id":"osm-way-339877359","kind":"SCHOOL","name":"Vidhya Sagara Brotherhood aided Middle School","name_en":null,"name_ta":null,"name_hi":null,"emergency":null,"osm_type":"way","osm_id":"339877359","source":"OpenStreetMap","source_url":"https://www.openstreetmap.org/way/339877359","is_simulated":false}},{"type":"Feature","id":"osm-way-339882890","geometry":{"type":"Point","coordinates":[80.220861,13.035965]},"properties":{"id":"osm-way-339882890","kind":"SCHOOL","name":"Sri Sitaram Vidyalaya Matriculation Higher Secondary School","name_en":null,"name_ta":null,"name_hi":null,"emergency":null,"osm_type":"way","osm_id":"339882890","source":"OpenStreetMap","source_url":"https://www.openstreetmap.org/way/339882890","is_simulated":false}},{"type":"Feature","id":"osm-way-343141649","geometry":{"type":"Point","coordinates":[80.225769,13.021732]},"properties":{"id":"osm-way-343141649","kind":"HOSPITAL","name":"Vasan","name_en":null,"name_ta":null,"name_hi":null,"emergency":null,"osm_type":"way","osm_id":"343141649","source":"OpenStreetMap","source_url":"https://www.openstreetmap.org/way/343141649","is_simulated":false}},{"type":"Feature","id":"osm-way-343141650","geometry":{"type":"Point","coordinates":[80.226078,13.022408]},"properties":{"id":"osm-way-343141650","kind":"POLICE","name":"Police Station - J1 - Saidapet","name_en":null,"name_ta":null,"name_hi":null,"emergency":null,"osm_type":"way","osm_id":"343141650","source":"OpenStreetMap","source_url":"https://www.openstreetmap.org/way/343141650","is_simulated":false}},{"type":"Feature","id":"osm-way-348294605","geometry":{"type":"Point","coordinates":[80.228097,13.04176]},"properties":{"id":"osm-way-348294605","kind":"SCHOOL","name":"B.S.Mootha Girls Senior Secondary School","name_en":null,"name_ta":null,"name_hi":null,"emergency":null,"osm_type":"way","osm_id":"348294605","source":"OpenStreetMap","source_url":"https://www.openstreetmap.org/way/348294605","is_simulated":false}},{"type":"Feature","id":"osm-way-348495070","geometry":{"type":"Point","coordinates":[80.244527,13.016565]},"properties":{"id":"osm-way-348495070","kind":"SCHOOL","name":"Chennai Primary School","name_en":null,"name_ta":null,"name_hi":null,"emergency":null,"osm_type":"way","osm_id":"348495070","source":"OpenStreetMap","source_url":"https://www.openstreetmap.org/way/348495070","is_simulated":false}},{"type":"Feature","id":"osm-way-348495071","geometry":{"type":"Point","coordinates":[80.245093,13.01882]},"properties":{"id":"osm-way-348495071","kind":"SCHOOL","name":"Advent Primary School","name_en":null,"name_ta":null,"name_hi":null,"emergency":null,"osm_type":"way","osm_id":"348495071","source":"OpenStreetMap","source_url":"https://www.openstreetmap.org/way/348495071","is_simulated":false}},{"type":"Feature","id":"osm-way-350538223","geometry":{"type":"Point","coordinates":[80.224632,13.041811]},"properties":{"id":"osm-way-350538223","kind":"HOSPITAL","name":"SRM Hospital","name_en":null,"name_ta":null,"name_hi":null,"emergency":true,"osm_type":"way","osm_id":"350538223","source":"OpenStreetMap","source_url":"https://www.openstreetmap.org/way/350538223","is_simulated":false}},{"type":"Feature","id":"osm-way-354460032","geometry":{"type":"Point","coordinates":[80.204146,13.047477]},"properties":{"id":"osm-way-354460032","kind":"HOSPITAL","name":"Kauvery Hospital","name_en":null,"name_ta":null,"name_hi":null,"emergency":null,"osm_type":"way","osm_id":"354460032","source":"OpenStreetMap","source_url":"https://www.openstreetmap.org/way/354460032","is_simulated":false}},{"type":"Feature","id":"osm-way-354469200","geometry":{"type":"Point","coordinates":[80.274816,13.024555]},"properties":{"id":"osm-way-354469200","kind":"POLICE","name":"E5 Foreshore Estate Police Station","name_en":null,"name_ta":null,"name_hi":null,"emergency":null,"osm_type":"way","osm_id":"354469200","source":"OpenStreetMap","source_url":"https://www.openstreetmap.org/way/354469200","is_simulated":false}},{"type":"Feature","id":"osm-way-354496963","geometry":{"type":"Point","coordinates":[80.228584,13.034273]},"properties":{"id":"osm-way-354496963","kind":"SCHOOL","name":"Shri Tarachand Galada Jain Vidyalaya Matriculation School","name_en":null,"name_ta":null,"name_hi":null,"emergency":null,"osm_type":"way","osm_id":"354496963","source":"OpenStreetMap","source_url":"https://www.openstreetmap.org/way/354496963","is_simulated":false}},{"type":"Feature","id":"osm-way-354540004","geometry":{"type":"Point","coordinates":[80.206085,13.007402]},"properties":{"id":"osm-way-354540004","kind":"HOSPITAL","name":"Balaji Hospital (P) Ltd","name_en":null,"name_ta":null,"name_hi":null,"emergency":null,"osm_type":"way","osm_id":"354540004","source":"OpenStreetMap","source_url":"https://www.openstreetmap.org/way/354540004","is_simulated":false}},{"type":"Feature","id":"osm-way-354547008","geometry":{"type":"Point","coordinates":[80.189162,12.983153]},"properties":{"id":"osm-way-354547008","kind":"HOSPITAL","name":"Madras Heart Centre and Super Speciality Hospitals Pvt Ltd","name_en":null,"name_ta":null,"name_hi":null,"emergency":true,"osm_type":"way","osm_id":"354547008","source":"OpenStreetMap","source_url":"https://www.openstreetmap.org/way/354547008","is_simulated":false}},{"type":"Feature","id":"osm-way-354569784","geometry":{"type":"Point","coordinates":[80.226192,12.981744]},"properties":{"id":"osm-way-354569784","kind":"SCHOOL","name":"St. Savio Matriculation Higher secondary school","name_en":null,"name_ta":null,"name_hi":null,"emergency":null,"osm_type":"way","osm_id":"354569784","source":"OpenStreetMap","source_url":"https://www.openstreetmap.org/way/354569784","is_simulated":false}},{"type":"Feature","id":"osm-way-354572408","geometry":{"type":"Point","coordinates":[80.189064,13.038104]},"properties":{"id":"osm-way-354572408","kind":"HOSPITAL","name":"Chennai Medical Centre","name_en":null,"name_ta":null,"name_hi":null,"emergency":null,"osm_type":"way","osm_id":"354572408","source":"OpenStreetMap","source_url":"https://www.openstreetmap.org/way/354572408","is_simulated":false}},{"type":"Feature","id":"osm-way-354736399","geometry":{"type":"Point","coordinates":[80.246188,13.046439]},"properties":{"id":"osm-way-354736399","kind":"COMMUNITY_CENTRE","name":"Kanthimathi Kalyana Mandapam","name_en":null,"name_ta":null,"name_hi":null,"emergency":null,"osm_type":"way","osm_id":"354736399","source":"OpenStreetMap","source_url":"https://www.openstreetmap.org/way/354736399","is_simulated":false}},{"type":"Feature","id":"osm-way-354748230","geometry":{"type":"Point","coordinates":[80.193567,12.962277]},"properties":{"id":"osm-way-354748230","kind":"COMMUNITY_CENTRE","name":"Karthikeyapuram Co-Operative Community Hall","name_en":null,"name_ta":null,"name_hi":null,"emergency":null,"osm_type":"way","osm_id":"354748230","source":"OpenStreetMap","source_url":"https://www.openstreetmap.org/way/354748230","is_simulated":false}},{"type":"Feature","id":"osm-way-354767727","geometry":{"type":"Point","coordinates":[80.223973,12.984988]},"properties":{"id":"osm-way-354767727","kind":"COMMUNITY_CENTRE","name":"Rajalakshmi Kalyana Mandapam","name_en":null,"name_ta":null,"name_hi":null,"emergency":null,"osm_type":"way","osm_id":"354767727","source":"OpenStreetMap","source_url":"https://www.openstreetmap.org/way/354767727","is_simulated":false}},{"type":"Feature","id":"osm-way-354775532","geometry":{"type":"Point","coordinates":[80.263293,12.960258]},"properties":{"id":"osm-way-354775532","kind":"COMMUNITY_CENTRE","name":"Meenavar Palnokku Maiya Kattidam","name_en":null,"name_ta":null,"name_hi":null,"emergency":null,"osm_type":"way","osm_id":"354775532","source":"OpenStreetMap","source_url":"https://www.openstreetmap.org/way/354775532","is_simulated":false}},{"type":"Feature","id":"osm-way-354803312","geometry":{"type":"Point","coordinates":[80.224054,13.041872]},"properties":{"id":"osm-way-354803312","kind":"SCHOOL","name":"SRM (Primary Section)","name_en":null,"name_ta":null,"name_hi":null,"emergency":null,"osm_type":"way","osm_id":"354803312","source":"OpenStreetMap","source_url":"https://www.openstreetmap.org/way/354803312","is_simulated":false}},{"type":"Feature","id":"osm-way-355020654","geometry":{"type":"Point","coordinates":[80.240124,12.959572]},"properties":{"id":"osm-way-355020654","kind":"SCHOOL","name":"Panchayat School","name_en":null,"name_ta":null,"name_hi":null,"emergency":null,"osm_type":"way","osm_id":"355020654","source":"OpenStreetMap","source_url":"https://www.openstreetmap.org/way/355020654","is_simulated":false}},{"type":"Feature","id":"osm-way-355024500","geometry":{"type":"Point","coordinates":[80.174923,12.951697]},"properties":{"id":"osm-way-355024500","kind":"COMMUNITY_CENTRE","name":"Arul Murugan Towers","name_en":null,"name_ta":null,"name_hi":null,"emergency":null,"osm_type":"way","osm_id":"355024500","source":"OpenStreetMap","source_url":"https://www.openstreetmap.org/way/355024500","is_simulated":false}},{"type":"Feature","id":"osm-way-355049844","geometry":{"type":"Point","coordinates":[80.204687,12.93586]},"properties":{"id":"osm-way-355049844","kind":"SCHOOL","name":"St. Antony's School","name_en":null,"name_ta":null,"name_hi":null,"emergency":null,"osm_type":"way","osm_id":"355049844","source":"OpenStreetMap","source_url":"https://www.openstreetmap.org/way/355049844","is_simulated":false}},{"type":"Feature","id":"osm-way-355052484","geometry":{"type":"Point","coordinates":[80.171742,13.030866]},"properties":{"id":"osm-way-355052484","kind":"HOSPITAL","name":"Viganesh Hospital","name_en":null,"name_ta":null,"name_hi":null,"emergency":null,"osm_type":"way","osm_id":"355052484","source":"OpenStreetMap","source_url":"https://www.openstreetmap.org/way/355052484","is_simulated":false}},{"type":"Feature","id":"osm-way-355074376","geometry":{"type":"Point","coordinates":[80.225674,13.035082]},"properties":{"id":"osm-way-355074376","kind":"SCHOOL","name":"Sri Maharishi Vasudeva Vidhyalaya Nursery And Primary School","name_en":null,"name_ta":null,"name_hi":null,"emergency":null,"osm_type":"way","osm_id":"355074376","source":"OpenStreetMap","source_url":"https://www.openstreetmap.org/way/355074376","is_simulated":false}},{"type":"Feature","id":"osm-way-355074781","geometry":{"type":"Point","coordinates":[80.218387,12.985629]},"properties":{"id":"osm-way-355074781","kind":"HOSPITAL","name":"Xcellent Care Hospital","name_en":null,"name_ta":null,"name_hi":null,"emergency":true,"osm_type":"way","osm_id":"355074781","source":"OpenStreetMap","source_url":"https://www.openstreetmap.org/way/355074781","is_simulated":false}},{"type":"Feature","id":"osm-way-355085375","geometry":{"type":"Point","coordinates":[80.184492,12.978193]},"properties":{"id":"osm-way-355085375","kind":"COMMUNITY_CENTRE","name":"Hindu Colony Community Center","name_en":null,"name_ta":null,"name_hi":null,"emergency":null,"osm_type":"way","osm_id":"355085375","source":"OpenStreetMap","source_url":"https://www.openstreetmap.org/way/355085375","is_simulated":false}},{"type":"Feature","id":"osm-way-355601577","geometry":{"type":"Point","coordinates":[80.204738,13.045241]},"properties":{"id":"osm-way-355601577","kind":"SCHOOL","name":"Sandipani Vidyalaya","name_en":null,"name_ta":null,"name_hi":null,"emergency":null,"osm_type":"way","osm_id":"355601577","source":"OpenStreetMap","source_url":"https://www.openstreetmap.org/way/355601577","is_simulated":false}},{"type":"Feature","id":"osm-way-355664883","geometry":{"type":"Point","coordinates":[80.217497,12.984053]},"properties":{"id":"osm-way-355664883","kind":"COMMUNITY_CENTRE","name":"ஸ்ரீ முருகன் திருமண மண்டபம்","name_en":"Sri Murugan Convention Centre","name_ta":null,"name_hi":null,"emergency":null,"osm_type":"way","osm_id":"355664883","source":"OpenStreetMap","source_url":"https://www.openstreetmap.org/way/355664883","is_simulated":false}},{"type":"Feature","id":"osm-way-364356223","geometry":{"type":"Point","coordinates":[80.187114,12.980945]},"properties":{"id":"osm-way-364356223","kind":"HOSPITAL","name":"Diha Clinic","name_en":null,"name_ta":null,"name_hi":null,"emergency":true,"osm_type":"way","osm_id":"364356223","source":"OpenStreetMap","source_url":"https://www.openstreetmap.org/way/364356223","is_simulated":false}},{"type":"Feature","id":"osm-way-364721502","geometry":{"type":"Point","coordinates":[80.222191,12.976434]},"properties":{"id":"osm-way-364721502","kind":"HOSPITAL","name":"Athipathy Hospitals","name_en":null,"name_ta":null,"name_hi":null,"emergency":null,"osm_type":"way","osm_id":"364721502","source":"OpenStreetMap","source_url":"https://www.openstreetmap.org/way/364721502","is_simulated":false}},{"type":"Feature","id":"osm-way-371970672","geometry":{"type":"Point","coordinates":[80.209159,12.949237]},"properties":{"id":"osm-way-371970672","kind":"HOSPITAL","name":"Dr.Kamakshi Memorial Hospital","name_en":null,"name_ta":null,"name_hi":null,"emergency":true,"osm_type":"way","osm_id":"371970672","source":"OpenStreetMap","source_url":"https://www.openstreetmap.org/way/371970672","is_simulated":false}},{"type":"Feature","id":"osm-way-373792906","geometry":{"type":"Point","coordinates":[80.237771,13.035789]},"properties":{"id":"osm-way-373792906","kind":"SCHOOL","name":"Guntur Subbiah Pillai Girls Higher Secondary","name_en":null,"name_ta":"குண்டூர் சுப்பையா பிள்ளை பெண்கள் மேல் நிலைப்பள்ளி","name_hi":null,"emergency":null,"osm_type":"way","osm_id":"373792906","source":"OpenStreetMap","source_url":"https://www.openstreetmap.org/way/373792906","is_simulated":false}},{"type":"Feature","id":"osm-way-374048313","geometry":{"type":"Point","coordinates":[80.257476,12.997769]},"properties":{"id":"osm-way-374048313","kind":"HOSPITAL","name":"Shivasundar Hospital","name_en":null,"name_ta":null,"name_hi":null,"emergency":true,"osm_type":"way","osm_id":"374048313","source":"OpenStreetMap","source_url":"https://www.openstreetmap.org/way/374048313","is_simulated":false}},{"type":"Feature","id":"osm-way-374049782","geometry":{"type":"Point","coordinates":[80.25802,12.99864]},"properties":{"id":"osm-way-374049782","kind":"SCHOOL","name":"Sri Mylai Karpagavalli Matriculation Higher Secondary School","name_en":null,"name_ta":null,"name_hi":null,"emergency":null,"osm_type":"way","osm_id":"374049782","source":"OpenStreetMap","source_url":"https://www.openstreetmap.org/way/374049782","is_simulated":false}},{"type":"Feature","id":"osm-way-428484763","geometry":{"type":"Point","coordinates":[80.219848,12.987953]},"properties":{"id":"osm-way-428484763","kind":"SCHOOL","name":"Government Higher Secondary School, Velachery","name_en":null,"name_ta":null,"name_hi":null,"emergency":null,"osm_type":"way","osm_id":"428484763","source":"OpenStreetMap","source_url":"https://www.openstreetmap.org/way/428484763","is_simulated":false}},{"type":"Feature","id":"osm-way-438356558","geometry":{"type":"Point","coordinates":[80.247597,12.917937]},"properties":{"id":"osm-way-438356558","kind":"SCHOOL","name":"Pon Vidhyashram School","name_en":null,"name_ta":null,"name_hi":null,"emergency":null,"osm_type":"way","osm_id":"438356558","source":"OpenStreetMap","source_url":"https://www.openstreetmap.org/way/438356558","is_simulated":false}},{"type":"Feature","id":"osm-way-440897489","geometry":{"type":"Point","coordinates":[80.258333,12.964629]},"properties":{"id":"osm-way-440897489","kind":"SCHOOL","name":"AMM School","name_en":null,"name_ta":null,"name_hi":null,"emergency":null,"osm_type":"way","osm_id":"440897489","source":"OpenStreetMap","source_url":"https://www.openstreetmap.org/way/440897489","is_simulated":false}},{"type":"Feature","id":"osm-way-451681464","geometry":{"type":"Point","coordinates":[80.188903,13.038076]},"properties":{"id":"osm-way-451681464","kind":"HOSPITAL","name":"CMC Hospital","name_en":null,"name_ta":null,"name_hi":null,"emergency":null,"osm_type":"way","osm_id":"451681464","source":"OpenStreetMap","source_url":"https://www.openstreetmap.org/way/451681464","is_simulated":false}},{"type":"Feature","id":"osm-way-462740006","geometry":{"type":"Point","coordinates":[80.257342,12.984694]},"properties":{"id":"osm-way-462740006","kind":"HOSPITAL","name":"corporation hospital","name_en":null,"name_ta":null,"name_hi":null,"emergency":null,"osm_type":"way","osm_id":"462740006","source":"OpenStreetMap","source_url":"https://www.openstreetmap.org/way/462740006","is_simulated":false}},{"type":"Feature","id":"osm-way-670974351","geometry":{"type":"Point","coordinates":[80.186198,12.991897]},"properties":{"id":"osm-way-670974351","kind":"SCHOOL","name":"Kendriya Vidyalaya","name_en":null,"name_ta":null,"name_hi":null,"emergency":null,"osm_type":"way","osm_id":"670974351","source":"OpenStreetMap","source_url":"https://www.openstreetmap.org/way/670974351","is_simulated":false}},{"type":"Feature","id":"osm-way-730963732","geometry":{"type":"Point","coordinates":[80.227986,13.034671]},"properties":{"id":"osm-way-730963732","kind":"SCHOOL","name":"Shri Mangichand Bhandari Jain Higher Secondary School","name_en":null,"name_ta":null,"name_hi":null,"emergency":null,"osm_type":"way","osm_id":"730963732","source":"OpenStreetMap","source_url":"https://www.openstreetmap.org/way/730963732","is_simulated":false}},{"type":"Feature","id":"osm-way-730963742","geometry":{"type":"Point","coordinates":[80.228634,13.034593]},"properties":{"id":"osm-way-730963742","kind":"COLLEGE","name":"Shri Shankarlal Sundarbai Shasun Jain College for Women","name_en":null,"name_ta":null,"name_hi":null,"emergency":null,"osm_type":"way","osm_id":"730963742","source":"OpenStreetMap","source_url":"https://www.openstreetmap.org/way/730963742","is_simulated":false}},{"type":"Feature","id":"osm-way-775868429","geometry":{"type":"Point","coordinates":[80.24693,13.000037]},"properties":{"id":"osm-way-775868429","kind":"COLLEGE","name":"Central Polytechnic College","name_en":null,"name_ta":"மையப் பாலிடெக்னிக் கல்லூரி","name_hi":null,"emergency":null,"osm_type":"way","osm_id":"775868429","source":"OpenStreetMap","source_url":"https://www.openstreetmap.org/way/775868429","is_simulated":false}},{"type":"Feature","id":"osm-way-938699837","geometry":{"type":"Point","coordinates":[80.209201,12.973511]},"properties":{"id":"osm-way-938699837","kind":"SCHOOL","name":"Sunshine Senior Secondary School","name_en":null,"name_ta":null,"name_hi":null,"emergency":null,"osm_type":"way","osm_id":"938699837","source":"OpenStreetMap","source_url":"https://www.openstreetmap.org/way/938699837","is_simulated":false}},{"type":"Feature","id":"osm-way-1019183969","geometry":{"type":"Point","coordinates":[80.198674,12.926151]},"properties":{"id":"osm-way-1019183969","kind":"SCHOOL","name":"Government High School Grounds","name_en":null,"name_ta":null,"name_hi":null,"emergency":null,"osm_type":"way","osm_id":"1019183969","source":"OpenStreetMap","source_url":"https://www.openstreetmap.org/way/1019183969","is_simulated":false}},{"type":"Feature","id":"osm-way-1021331581","geometry":{"type":"Point","coordinates":[80.280403,13.049925]},"properties":{"id":"osm-way-1021331581","kind":"COMMUNITY_CENTRE","name":"Vivekananda Cultural Centre","name_en":null,"name_ta":null,"name_hi":null,"emergency":null,"osm_type":"way","osm_id":"1021331581","source":"OpenStreetMap","source_url":"https://www.openstreetmap.org/way/1021331581","is_simulated":false}},{"type":"Feature","id":"osm-way-1034057832","geometry":{"type":"Point","coordinates":[80.182462,12.929173]},"properties":{"id":"osm-way-1034057832","kind":"SCHOOL","name":"Government School","name_en":null,"name_ta":null,"name_hi":null,"emergency":null,"osm_type":"way","osm_id":"1034057832","source":"OpenStreetMap","source_url":"https://www.openstreetmap.org/way/1034057832","is_simulated":false}},{"type":"Feature","id":"osm-way-1038741390","geometry":{"type":"Point","coordinates":[80.210692,13.009353]},"properties":{"id":"osm-way-1038741390","kind":"POLICE","name":"Guindy J3 Police station","name_en":null,"name_ta":null,"name_hi":null,"emergency":null,"osm_type":"way","osm_id":"1038741390","source":"OpenStreetMap","source_url":"https://www.openstreetmap.org/way/1038741390","is_simulated":false}},{"type":"Feature","id":"osm-way-1095915240","geometry":{"type":"Point","coordinates":[80.239832,13.031311]},"properties":{"id":"osm-way-1095915240","kind":"POLICE","name":"E3 Teynampet Police Assistance Booth","name_en":null,"name_ta":null,"name_hi":null,"emergency":null,"osm_type":"way","osm_id":"1095915240","source":"OpenStreetMap","source_url":"https://www.openstreetmap.org/way/1095915240","is_simulated":false}},{"type":"Feature","id":"osm-way-1095915254","geometry":{"type":"Point","coordinates":[80.243235,13.030052]},"properties":{"id":"osm-way-1095915254","kind":"POLICE","name":"Office of the Director General of Police Civil Supplies CID Chennai","name_en":null,"name_ta":null,"name_hi":null,"emergency":null,"osm_type":"way","osm_id":"1095915254","source":"OpenStreetMap","source_url":"https://www.openstreetmap.org/way/1095915254","is_simulated":false}},{"type":"Feature","id":"osm-way-1112851437","geometry":{"type":"Point","coordinates":[80.279321,13.039151]},"properties":{"id":"osm-way-1112851437","kind":"POLICE","name":"D5 Marina Police Station","name_en":null,"name_ta":null,"name_hi":null,"emergency":null,"osm_type":"way","osm_id":"1112851437","source":"OpenStreetMap","source_url":"https://www.openstreetmap.org/way/1112851437","is_simulated":false}},{"type":"Feature","id":"osm-way-1126031841","geometry":{"type":"Point","coordinates":[80.227827,13.017022]},"properties":{"id":"osm-way-1126031841","kind":"COMMUNITY_CENTRE","name":"St. Thomas Community Hall","name_en":null,"name_ta":"புனித தாமஸ் சமுதாய கூடம்","name_hi":null,"emergency":null,"osm_type":"way","osm_id":"1126031841","source":"OpenStreetMap","source_url":"https://www.openstreetmap.org/way/1126031841","is_simulated":false}},{"type":"Feature","id":"osm-way-1131693908","geometry":{"type":"Point","coordinates":[80.271388,13.022507]},"properties":{"id":"osm-way-1131693908","kind":"POLICE","name":"Tamil Nadu Police Computer Communication Centre","name_en":null,"name_ta":null,"name_hi":null,"emergency":null,"osm_type":"way","osm_id":"1131693908","source":"OpenStreetMap","source_url":"https://www.openstreetmap.org/way/1131693908","is_simulated":false}},{"type":"Feature","id":"osm-way-1131693910","geometry":{"type":"Point","coordinates":[80.271634,13.022806]},"properties":{"id":"osm-way-1131693910","kind":"POLICE","name":"Tamil Nadu State Crime Records Bureau","name_en":"Tamil Nadu State Crime Records Bureau","name_ta":"மாநில குற்ற ஆவணக் காப்பகம்","name_hi":null,"emergency":null,"osm_type":"way","osm_id":"1131693910","source":"OpenStreetMap","source_url":"https://www.openstreetmap.org/way/1131693910","is_simulated":false}},{"type":"Feature","id":"osm-way-1132145713","geometry":{"type":"Point","coordinates":[80.27122,13.000714]},"properties":{"id":"osm-way-1132145713","kind":"POLICE","name":"Elliots Beach Police Outpost","name_en":null,"name_ta":null,"name_hi":null,"emergency":null,"osm_type":"way","osm_id":"1132145713","source":"OpenStreetMap","source_url":"https://www.openstreetmap.org/way/1132145713","is_simulated":false}},{"type":"Feature","id":"osm-way-1149331619","geometry":{"type":"Point","coordinates":[80.243034,12.960095]},"properties":{"id":"osm-way-1149331619","kind":"SCHOOL","name":"Bharath Dass Matriculation Higher Secondary School","name_en":null,"name_ta":null,"name_hi":null,"emergency":null,"osm_type":"way","osm_id":"1149331619","source":"OpenStreetMap","source_url":"https://www.openstreetmap.org/way/1149331619","is_simulated":false}},{"type":"Feature","id":"osm-way-1149362735","geometry":{"type":"Point","coordinates":[80.235019,12.963181]},"properties":{"id":"osm-way-1149362735","kind":"SCHOOL","name":"Montfort Matriculation School","name_en":null,"name_ta":null,"name_hi":null,"emergency":null,"osm_type":"way","osm_id":"1149362735","source":"OpenStreetMap","source_url":"https://www.openstreetmap.org/way/1149362735","is_simulated":false}},{"type":"Feature","id":"osm-way-1323805507","geometry":{"type":"Point","coordinates":[80.217916,12.977561]},"properties":{"id":"osm-way-1323805507","kind":"SCHOOL","name":"Sri Chaitanya Techno School","name_en":null,"name_ta":null,"name_hi":null,"emergency":null,"osm_type":"way","osm_id":"1323805507","source":"OpenStreetMap","source_url":"https://www.openstreetmap.org/way/1323805507","is_simulated":false}},{"type":"Feature","id":"osm-way-1323806867","geometry":{"type":"Point","coordinates":[80.223058,12.975877]},"properties":{"id":"osm-way-1323806867","kind":"SCHOOL","name":"Bethel Matriculation hr sec school","name_en":null,"name_ta":null,"name_hi":null,"emergency":null,"osm_type":"way","osm_id":"1323806867","source":"OpenStreetMap","source_url":"https://www.openstreetmap.org/way/1323806867","is_simulated":false}},{"type":"Feature","id":"osm-way-1373636348","geometry":{"type":"Point","coordinates":[80.234646,12.950973]},"properties":{"id":"osm-way-1373636348","kind":"SCHOOL","name":"St. George Matric Higher Secondary School","name_en":null,"name_ta":null,"name_hi":null,"emergency":null,"osm_type":"way","osm_id":"1373636348","source":"OpenStreetMap","source_url":"https://www.openstreetmap.org/way/1373636348","is_simulated":false}},{"type":"Feature","id":"osm-way-1373636356","geometry":{"type":"Point","coordinates":[80.241233,12.952025]},"properties":{"id":"osm-way-1373636356","kind":"HOSPITAL","name":"Chennai Urology & Robotics Institute","name_en":null,"name_ta":null,"name_hi":null,"emergency":null,"osm_type":"way","osm_id":"1373636356","source":"OpenStreetMap","source_url":"https://www.openstreetmap.org/way/1373636356","is_simulated":false}},{"type":"Feature","id":"osm-way-1373636360","geometry":{"type":"Point","coordinates":[80.241663,12.949524]},"properties":{"id":"osm-way-1373636360","kind":"SCHOOL","name":"Government Higher Secondary School, Okkiam Thuraipakkam","name_en":null,"name_ta":null,"name_hi":null,"emergency":null,"osm_type":"way","osm_id":"1373636360","source":"OpenStreetMap","source_url":"https://www.openstreetmap.org/way/1373636360","is_simulated":false}},{"type":"Feature","id":"osm-way-1424951155","geometry":{"type":"Point","coordinates":[80.271694,13.002478]},"properties":{"id":"osm-way-1424951155","kind":"COMMUNITY_CENTRE","name":"SPACES","name_en":null,"name_ta":null,"name_hi":null,"emergency":null,"osm_type":"way","osm_id":"1424951155","source":"OpenStreetMap","source_url":"https://www.openstreetmap.org/way/1424951155","is_simulated":false}},{"type":"Feature","id":"osm-way-1425739385","geometry":{"type":"Point","coordinates":[80.263668,13.041574]},"properties":{"id":"osm-way-1425739385","kind":"SCHOOL","name":"Ramakrishna Mission Residential High School","name_en":null,"name_ta":null,"name_hi":null,"emergency":null,"osm_type":"way","osm_id":"1425739385","source":"OpenStreetMap","source_url":"https://www.openstreetmap.org/way/1425739385","is_simulated":false}},{"type":"Feature","id":"osm-way-1544017031","geometry":{"type":"Point","coordinates":[80.210189,12.992962]},"properties":{"id":"osm-way-1544017031","kind":"SCHOOL","name":"St. Britto's Academy Senior Secondary School","name_en":null,"name_ta":"செயின்ட் பிரிட்டோஸ் அகாடமி","name_hi":null,"emergency":null,"osm_type":"way","osm_id":"1544017031","source":"OpenStreetMap","source_url":"https://www.openstreetmap.org/way/1544017031","is_simulated":false}},{"type":"Feature","id":"osm-way-1545967238","geometry":{"type":"Point","coordinates":[80.186565,13.018224]},"properties":{"id":"osm-way-1545967238","kind":"POLICE","name":"எஸ்4 நந்தம்பாக்கம் காவல் நிலையம்","name_en":"S4 Nandambakkam Police Station","name_ta":null,"name_hi":null,"emergency":null,"osm_type":"way","osm_id":"1545967238","source":"OpenStreetMap","source_url":"https://www.openstreetmap.org/way/1545967238","is_simulated":false}},{"type":"Feature","id":"osm-way-1546917949","geometry":{"type":"Point","coordinates":[80.189571,12.948097]},"properties":{"id":"osm-way-1546917949","kind":"HOSPITAL","name":"Kauvery Hospitals","name_en":null,"name_ta":null,"name_hi":null,"emergency":null,"osm_type":"way","osm_id":"1546917949","source":"OpenStreetMap","source_url":"https://www.openstreetmap.org/way/1546917949","is_simulated":false}},{"type":"Feature","id":"osm-way-1548276509","geometry":{"type":"Point","coordinates":[80.17151,13.026198]},"properties":{"id":"osm-way-1548276509","kind":"SCHOOL","name":"Hussainy Schools & Home for Children","name_en":null,"name_ta":null,"name_hi":null,"emergency":null,"osm_type":"way","osm_id":"1548276509","source":"OpenStreetMap","source_url":"https://www.openstreetmap.org/way/1548276509","is_simulated":false}}]}
