{
  "type": "FeatureCollection",
  "name": "floodRISE Chennai OSM road baseline",
  "source": "OpenStreetMap via Overpass API; production imports use Geofabrik Southern Zone extracts",
  "source_url": "https://www.openstreetmap.org",
  "source_snapshot_at": "2026-07-20T15:45:19Z",
  "attribution": "© OpenStreetMap contributors",
  "licence": "Open Data Commons Open Database License (ODbL) 1.0",
  "bbox": [
    80.17,
    12.9,
    80.29,
    13.05
  ],
  "features": [
    {
      "type": "Feature",
      "id": "osm-way-22688331",
      "geometry": {
        "type": "LineString",
        "coordinates": [
          [
            80.2286092,
            13.0091943
          ],
          [
            80.2300237,
            13.008899
          ],
          [
            80.2302027,
            13.0088616
          ],
          [
            80.2302831,
            13.0088461
          ],
          [
            80.2311399,
            13.0086807
          ],
          [
            80.2327932,
            13.0083611
          ],
          [
            80.2334763,
            13.0082459
          ],
          [
            80.2348091,
            13.0079679
          ],
          [
            80.2350822,
            13.0079159
          ]
        ]
      },
      "properties": {
        "id": "osm-way-22688331",
        "kind": "route",
        "name": "Sardar Patel Road",
        "description": "OpenStreetMap primary road segment",
        "class": "primary",
        "osm_type": "way",
        "osm_id": "22688331",
        "highway": "primary",
        "bridge": null,
        "tunnel": null,
        "layer": null,
        "surface": "asphalt",
        "source": "OpenStreetMap",
        "source_url": "https://www.openstreetmap.org/way/22688331",
        "attribution": "© OpenStreetMap contributors",
        "licence": "Open Data Commons Open Database License (ODbL) 1.0",
        "is_simulated": false
      }
    },
    {
      "type": "Feature",
      "id": "osm-way-22688386",
      "geometry": {
        "type": "LineString",
        "coordinates": [
          [
            80.2195754,
            12.9914347
          ],
          [
            80.2194831,
            12.9913387
          ],
          [
            80.2192192,
            12.9905678
          ],
          [
            80.2190505,
            12.9900535
          ],
          [
            80.2188598,
            12.989549
          ],
          [
            80.2186829,
            12.989059
          ],
          [
            80.2185317,
            12.9885832
          ],
          [
            80.2184679,
            12.9883119
          ],
          [
            80.2184169,
            12.9879978
          ],
          [
            80.2183244,
            12.987429
          ]
        ]
      },
      "properties": {
        "id": "osm-way-22688386",
        "kind": "route",
        "name": "Velachery Bypass Road",
        "description": "OpenStreetMap primary road segment",
        "class": "primary",
        "osm_type": "way",
        "osm_id": "22688386",
        "highway": "primary",
        "bridge": null,
        "tunnel": null,
        "layer": null,
        "surface": "asphalt",
        "source": "OpenStreetMap",
        "source_url": "https://www.openstreetmap.org/way/22688386",
        "attribution": "© OpenStreetMap contributors",
        "licence": "Open Data Commons Open Database License (ODbL) 1.0",
        "is_simulated": false
      }
    },
    {
      "type": "Feature",
      "id": "osm-way-22688411",
      "geometry": {
        "type": "LineString",
        "coordinates": [
          [
            80.20455,
            13.0145882
          ],
          [
            80.2046476,
            13.0148395
          ],
          [
            80.2046695,
            13.0148975
          ],
          [
            80.20493,
            13.0156575
          ],
          [
            80.2049542,
            13.0157281
          ],
          [
            80.2049625,
            13.0157535
          ],
          [
            80.2050022,
            13.0158749
          ],
          [
            80.2050864,
            13.0161323
          ],
          [
            80.2051769,
            13.0163864
          ],
          [
            80.2053375,
            13.0168372
          ],
          [
            80.2054532,
            13.0171621
          ],
          [
            80.2056407,
            13.0176611
          ],
          [
            80.2058195,
            13.0182058
          ],
          [
            80.2059629,
            13.0186308
          ],
          [
            80.2060881,
            13.0190019
          ],
          [
            80.2061732,
            13.0193643
          ],
          [
            80.2062735,
            13.0197889
          ],
          [
            80.2062864,
            13.0207306
          ],
          [
            80.2062902,
            13.0212393
          ]
        ]
      },
      "properties": {
        "id": "osm-way-22688411",
        "kind": "route",
        "name": "Inner Ring Road",
        "description": "OpenStreetMap primary road segment",
        "class": "primary",
        "osm_type": "way",
        "osm_id": "22688411",
        "highway": "primary",
        "bridge": null,
        "tunnel": null,
        "layer": null,
        "surface": "asphalt",
        "source": "OpenStreetMap",
        "source_url": "https://www.openstreetmap.org/way/22688411",
        "attribution": "© OpenStreetMap contributors",
        "licence": "Open Data Commons Open Database License (ODbL) 1.0",
        "is_simulated": false
      }
    },
    {
      "type": "Feature",
      "id": "osm-way-22977109",
      "geometry": {
        "type": "LineString",
        "coordinates": [
          [
            80.2244405,
            13.0187266
          ],
          [
            80.2243969,
            13.0188328
          ],
          [
            80.2243798,
            13.0188899
          ],
          [
            80.2243667,
            13.0189912
          ],
          [
            80.2243639,
            13.0191311
          ],
          [
            80.2243711,
            13.0192388
          ],
          [
            80.2243911,
            13.0193766
          ],
          [
            80.2244285,
            13.0195067
          ],
          [
            80.2244636,
            13.019603
          ],
          [
            80.2245251,
            13.0197125
          ],
          [
            80.2245664,
            13.0197733
          ],
          [
            80.2245859,
            13.0198085
          ],
          [
            80.2249657,
            13.020342
          ],
          [
            80.2253125,
            13.0208214
          ],
          [
            80.2254345,
            13.0209902
          ],
          [
            80.2255601,
            13.0211638
          ],
          [
            80.2257752,
            13.021456
          ],
          [
            80.2260715,
            13.021861
          ],
          [
            80.226163,
            13.0219616
          ],
          [
            80.226294,
            13.0221111
          ]
        ]
      },
      "properties": {
        "id": "osm-way-22977109",
        "kind": "route",
        "name": "Anna Salai (Mount Road)",
        "description": "OpenStreetMap primary road segment",
        "class": "primary",
        "osm_type": "way",
        "osm_id": "22977109",
        "highway": "primary",
        "bridge": null,
        "tunnel": null,
        "layer": null,
        "surface": null,
        "source": "OpenStreetMap",
        "source_url": "https://www.openstreetmap.org/way/22977109",
        "attribution": "© OpenStreetMap contributors",
        "licence": "Open Data Commons Open Database License (ODbL) 1.0",
        "is_simulated": false
      }
    },
    {
      "type": "Feature",
      "id": "osm-way-23110061",
      "geometry": {
        "type": "LineString",
        "coordinates": [
          [
            80.2577917,
            13.0066539
          ],
          [
            80.2575961,
            13.0065905
          ],
          [
            80.2574878,
            13.0065529
          ],
          [
            80.2570954,
            13.0065069
          ],
          [
            80.2569832,
            13.0065041
          ],
          [
            80.2551868,
            13.006489
          ],
          [
            80.2551166,
            13.0065443
          ]
        ]
      },
      "properties": {
        "id": "osm-way-23110061",
        "kind": "route",
        "name": "Sardar Patel Road",
        "description": "OpenStreetMap primary road segment",
        "class": "primary",
        "osm_type": "way",
        "osm_id": "23110061",
        "highway": "primary",
        "bridge": null,
        "tunnel": null,
        "layer": null,
        "surface": null,
        "source": "OpenStreetMap",
        "source_url": "https://www.openstreetmap.org/way/23110061",
        "attribution": "© OpenStreetMap contributors",
        "licence": "Open Data Commons Open Database License (ODbL) 1.0",
        "is_simulated": false
      }
    },
    {
      "type": "Feature",
      "id": "osm-way-23110067",
      "geometry": {
        "type": "LineString",
        "coordinates": [
          [
            80.2591859,
            13.0107556
          ],
          [
            80.2592319,
            13.0106722
          ],
          [
            80.2592496,
            13.0104118
          ],
          [
            80.2592507,
            13.0101893
          ],
          [
            80.2592466,
            13.0099254
          ],
          [
            80.2592391,
            13.0096341
          ],
          [
            80.2591946,
            13.0087027
          ]
        ]
      },
      "properties": {
        "id": "osm-way-23110067",
        "kind": "route",
        "name": "Sardar Patel Road",
        "description": "OpenStreetMap primary road segment",
        "class": "primary",
        "osm_type": "way",
        "osm_id": "23110067",
        "highway": "primary",
        "bridge": null,
        "tunnel": null,
        "layer": null,
        "surface": null,
        "source": "OpenStreetMap",
        "source_url": "https://www.openstreetmap.org/way/23110067",
        "attribution": "© OpenStreetMap contributors",
        "licence": "Open Data Commons Open Database License (ODbL) 1.0",
        "is_simulated": false
      }
    },
    {
      "type": "Feature",
      "id": "osm-way-23635145",
      "geometry": {
        "type": "LineString",
        "coordinates": [
          [
            80.2071224,
            13.0255753
          ],
          [
            80.2070857,
            13.0253901
          ],
          [
            80.2069309,
            13.0243279
          ],
          [
            80.2068638,
            13.0240325
          ],
          [
            80.2067391,
            13.0234936
          ],
          [
            80.2066798,
            13.0232371
          ],
          [
            80.2066118,
            13.0229431
          ],
          [
            80.206506,
            13.0221893
          ],
          [
            80.2064911,
            13.0217923
          ]
        ]
      },
      "properties": {
        "id": "osm-way-23635145",
        "kind": "route",
        "name": "Inner Ring Road",
        "description": "OpenStreetMap primary road segment",
        "class": "primary",
        "osm_type": "way",
        "osm_id": "23635145",
        "highway": "primary",
        "bridge": null,
        "tunnel": null,
        "layer": null,
        "surface": "asphalt",
        "source": "OpenStreetMap",
        "source_url": "https://www.openstreetmap.org/way/23635145",
        "attribution": "© OpenStreetMap contributors",
        "licence": "Open Data Commons Open Database License (ODbL) 1.0",
        "is_simulated": false
      }
    },
    {
      "type": "Feature",
      "id": "osm-way-23642057",
      "geometry": {
        "type": "LineString",
        "coordinates": [
          [
            80.2061372,
            13.0077549
          ],
          [
            80.2061468,
            13.007757
          ],
          [
            80.2065299,
            13.0078414
          ]
        ]
      },
      "properties": {
        "id": "osm-way-23642057",
        "kind": "route",
        "name": "Anna Salai (Mount Road)",
        "description": "OpenStreetMap primary road segment",
        "class": "primary",
        "osm_type": "way",
        "osm_id": "23642057",
        "highway": "primary",
        "bridge": null,
        "tunnel": null,
        "layer": null,
        "surface": "asphalt",
        "source": "OpenStreetMap",
        "source_url": "https://www.openstreetmap.org/way/23642057",
        "attribution": "© OpenStreetMap contributors",
        "licence": "Open Data Commons Open Database License (ODbL) 1.0",
        "is_simulated": false
      }
    },
    {
      "type": "Feature",
      "id": "osm-way-23762120",
      "geometry": {
        "type": "LineString",
        "coordinates": [
          [
            80.2463933,
            12.9640055
          ],
          [
            80.2463208,
            12.964393
          ],
          [
            80.246275,
            12.9646535
          ],
          [
            80.2462561,
            12.9647965
          ],
          [
            80.2462259,
            12.9649723
          ],
          [
            80.2461606,
            12.9653918
          ],
          [
            80.2460039,
            12.9661606
          ],
          [
            80.245815,
            12.9673501
          ],
          [
            80.2456936,
            12.968001
          ],
          [
            80.2455253,
            12.9686582
          ],
          [
            80.2454483,
            12.9689305
          ],
          [
            80.2453286,
            12.9694297
          ],
          [
            80.245162,
            12.9701794
          ],
          [
            80.2451079,
            12.970371
          ],
          [
            80.2450013,
            12.9708906
          ],
          [
            80.2449201,
            12.9712167
          ],
          [
            80.2448463,
            12.9715303
          ],
          [
            80.2446539,
            12.9723622
          ],
          [
            80.2445534,
            12.9727264
          ],
          [
            80.2445169,
            12.972898
          ],
          [
            80.2444993,
            12.9729991
          ],
          [
            80.2444314,
            12.9732744
          ],
          [
            80.2443365,
            12.9736135
          ],
          [
            80.2443068,
            12.9737647
          ],
          [
            80.2442601,
            12.9740039
          ],
          [
            80.244134,
            12.9745352
          ],
          [
            80.2441152,
            12.9746411
          ],
          [
            80.2439855,
            12.9753698
          ],
          [
            80.2439106,
            12.9756759
          ],
          [
            80.2438764,
            12.9758119
          ],
          [
            80.2436466,
            12.9767692
          ]
        ]
      },
      "properties": {
        "id": "osm-way-23762120",
        "kind": "route",
        "name": "Dr MGR Main Road",
        "description": "OpenStreetMap secondary road segment",
        "class": "secondary",
        "osm_type": "way",
        "osm_id": "23762120",
        "highway": "secondary",
        "bridge": null,
        "tunnel": null,
        "layer": null,
        "surface": null,
        "source": "OpenStreetMap",
        "source_url": "https://www.openstreetmap.org/way/23762120",
        "attribution": "© OpenStreetMap contributors",
        "licence": "Open Data Commons Open Database License (ODbL) 1.0",
        "is_simulated": false
      }
    },
    {
      "type": "Feature",
      "id": "osm-way-24730725",
      "geometry": {
        "type": "LineString",
        "coordinates": [
          [
            80.2380038,
            13.0073267
          ],
          [
            80.2387016,
            13.007221
          ],
          [
            80.2400558,
            13.0069628
          ]
        ]
      },
      "properties": {
        "id": "osm-way-24730725",
        "kind": "route",
        "name": "Sardar Patel Road",
        "description": "OpenStreetMap primary road segment",
        "class": "primary",
        "osm_type": "way",
        "osm_id": "24730725",
        "highway": "primary",
        "bridge": null,
        "tunnel": null,
        "layer": null,
        "surface": "asphalt",
        "source": "OpenStreetMap",
        "source_url": "https://www.openstreetmap.org/way/24730725",
        "attribution": "© OpenStreetMap contributors",
        "licence": "Open Data Commons Open Database License (ODbL) 1.0",
        "is_simulated": false
      }
    },
    {
      "type": "Feature",
      "id": "osm-way-25689918",
      "geometry": {
        "type": "LineString",
        "coordinates": [
          [
            80.2227628,
            12.9769934
          ],
          [
            80.223144,
            12.9772234
          ],
          [
            80.2235307,
            12.9774565
          ],
          [
            80.2246021,
            12.9781163
          ],
          [
            80.224769,
            12.9782125
          ],
          [
            80.2250841,
            12.9783943
          ]
        ]
      },
      "properties": {
        "id": "osm-way-25689918",
        "kind": "route",
        "name": "Taramani Link Road",
        "description": "OpenStreetMap primary road segment",
        "class": "primary",
        "osm_type": "way",
        "osm_id": "25689918",
        "highway": "primary",
        "bridge": null,
        "tunnel": null,
        "layer": null,
        "surface": "asphalt",
        "source": "OpenStreetMap",
        "source_url": "https://www.openstreetmap.org/way/25689918",
        "attribution": "© OpenStreetMap contributors",
        "licence": "Open Data Commons Open Database License (ODbL) 1.0",
        "is_simulated": false
      }
    },
    {
      "type": "Feature",
      "id": "osm-way-26607377",
      "geometry": {
        "type": "LineString",
        "coordinates": [
          [
            80.2117894,
            13.0320337
          ],
          [
            80.2116767,
            13.0320443
          ],
          [
            80.211205,
            13.0320887
          ],
          [
            80.2107261,
            13.0321413
          ],
          [
            80.2097601,
            13.0323294
          ]
        ]
      },
      "properties": {
        "id": "osm-way-26607377",
        "kind": "route",
        "name": "Inner Ring Road",
        "description": "OpenStreetMap primary road segment",
        "class": "primary",
        "osm_type": "way",
        "osm_id": "26607377",
        "highway": "primary",
        "bridge": null,
        "tunnel": null,
        "layer": null,
        "surface": null,
        "source": "OpenStreetMap",
        "source_url": "https://www.openstreetmap.org/way/26607377",
        "attribution": "© OpenStreetMap contributors",
        "licence": "Open Data Commons Open Database License (ODbL) 1.0",
        "is_simulated": false
      }
    },
    {
      "type": "Feature",
      "id": "osm-way-27347903",
      "geometry": {
        "type": "LineString",
        "coordinates": [
          [
            80.2103689,
            13.0351031
          ],
          [
            80.2107389,
            13.0350366
          ],
          [
            80.2108443,
            13.0350221
          ],
          [
            80.2111436,
            13.034981
          ],
          [
            80.2114401,
            13.0349402
          ],
          [
            80.2118803,
            13.0348314
          ]
        ]
      },
      "properties": {
        "id": "osm-way-27347903",
        "kind": "route",
        "name": "Inner Ring Road",
        "description": "OpenStreetMap primary road segment",
        "class": "primary",
        "osm_type": "way",
        "osm_id": "27347903",
        "highway": "primary",
        "bridge": null,
        "tunnel": null,
        "layer": null,
        "surface": null,
        "source": "OpenStreetMap",
        "source_url": "https://www.openstreetmap.org/way/27347903",
        "attribution": "© OpenStreetMap contributors",
        "licence": "Open Data Commons Open Database License (ODbL) 1.0",
        "is_simulated": false
      }
    },
    {
      "type": "Feature",
      "id": "osm-way-27368904",
      "geometry": {
        "type": "LineString",
        "coordinates": [
          [
            80.2416182,
            12.9515257
          ],
          [
            80.2415546,
            12.9513351
          ],
          [
            80.241426,
            12.9509592
          ],
          [
            80.2413725,
            12.9507854
          ],
          [
            80.2413198,
            12.9506069
          ],
          [
            80.2412689,
            12.9504513
          ],
          [
            80.2412483,
            12.9503884
          ],
          [
            80.2412309,
            12.9503355
          ]
        ]
      },
      "properties": {
        "id": "osm-way-27368904",
        "kind": "route",
        "name": "Rajiv Gandhi Salai",
        "description": "OpenStreetMap primary road segment",
        "class": "primary",
        "osm_type": "way",
        "osm_id": "27368904",
        "highway": "primary",
        "bridge": null,
        "tunnel": null,
        "layer": null,
        "surface": null,
        "source": "OpenStreetMap",
        "source_url": "https://www.openstreetmap.org/way/27368904",
        "attribution": "© OpenStreetMap contributors",
        "licence": "Open Data Commons Open Database License (ODbL) 1.0",
        "is_simulated": false
      }
    },
    {
      "type": "Feature",
      "id": "osm-way-27480309",
      "geometry": {
        "type": "LineString",
        "coordinates": [
          [
            80.221206,
            12.9775013
          ],
          [
            80.221206,
            12.9775302
          ],
          [
            80.2212061,
            12.9777428
          ],
          [
            80.2212061,
            12.9777947
          ],
          [
            80.2212006,
            12.9778953
          ],
          [
            80.2211832,
            12.9782163
          ],
          [
            80.2211808,
            12.9782556
          ],
          [
            80.2211783,
            12.9782956
          ],
          [
            80.2211625,
            12.978553
          ],
          [
            80.2211596,
            12.97858
          ],
          [
            80.221155,
            12.9786104
          ],
          [
            80.2211496,
            12.9786619
          ],
          [
            80.221148,
            12.9787549
          ],
          [
            80.2211452,
            12.9789188
          ],
          [
            80.2211391,
            12.9790322
          ],
          [
            80.2211311,
            12.9791794
          ],
          [
            80.2211287,
            12.979223
          ],
          [
            80.221109,
            12.9795872
          ],
          [
            80.2211068,
            12.9796274
          ],
          [
            80.2211016,
            12.9797452
          ],
          [
            80.2210909,
            12.9799885
          ],
          [
            80.2210873,
            12.9800405
          ],
          [
            80.2210826,
            12.9801776
          ],
          [
            80.2210755,
            12.9802805
          ],
          [
            80.2210565,
            12.9805552
          ],
          [
            80.2210445,
            12.9807765
          ],
          [
            80.2210148,
            12.9810784
          ],
          [
            80.2210859,
            12.981247
          ],
          [
            80.221117,
            12.9813206
          ],
          [
            80.2215039,
            12.9818333
          ],
          [
            80.2217186,
            12.9822402
          ],
          [
            80.2218538,
            12.9825674
          ],
          [
            80.2218989,
            12.9827629
          ],
          [
            80.2219894,
            12.9829338
          ],
          [
            80.2221099,
            12.9831615
          ],
          [
            80.2225076,
            12.9838003
          ],
          [
            80.2225223,
            12.9838238
          ],
          [
            80.2226277,
            12.9839929
          ],
          [
            80.2226639,
            12.9840511
          ],
          [
            80.2228777,
            12.9843858
          ],
          [
            80.2231255,
            12.9847671
          ],
          [
            80.2232491,
            12.9850804
          ],
          [
            80.2232618,
            12.9851127
          ],
          [
            80.2233058,
            12.985361
          ],
          [
            80.2233142,
            12.9854614
          ],
          [
            80.2230311,
            12.9857206
          ],
          [
            80.2229796,
            12.9859715
          ],
          [
            80.2229732,
            12.9861768
          ],
          [
            80.2229705,
            12.9864666
          ],
          [
            80.2230567,
            12.9870692
          ],
          [
            80.2230821,
            12.9873016
          ],
          [
            80.2230974,
            12.9876327
          ],
          [
            80.2230826,
            12.9877398
          ],
          [
            80.2230746,
            12.9877973
          ],
          [
            80.223065,
            12.9878213
          ],
          [
            80.2230558,
            12.9878444
          ],
          [
            80.2229244,
            12.9880352
          ],
          [
            80.2227406,
            12.9882717
          ],
          [
            80.2223986,
            12.9886651
          ],
          [
            80.222389,
            12.9886732
          ],
          [
            80.2221745,
            12.9888541
          ],
          [
            80.2221549,
            12.9888707
          ],
          [
            80.2220104,
            12.9889818
          ],
          [
            80.2216446,
            12.9892802
          ],
          [
            80.2214745,
            12.9894189
          ],
          [
            80.2213262,
            12.9895414
          ],
          [
            80.2209708,
            12.989835
          ],
          [
            80.2208438,
            12.98994
          ],
          [
            80.2207226,
            12.9901027
          ]
        ]
      },
      "properties": {
        "id": "osm-way-27480309",
        "kind": "route",
        "name": "Velachery Main Road",
        "description": "OpenStreetMap secondary road segment",
        "class": "secondary",
        "osm_type": "way",
        "osm_id": "27480309",
        "highway": "secondary",
        "bridge": null,
        "tunnel": null,
        "layer": null,
        "surface": "asphalt",
        "source": "OpenStreetMap",
        "source_url": "https://www.openstreetmap.org/way/27480309",
        "attribution": "© OpenStreetMap contributors",
        "licence": "Open Data Commons Open Database License (ODbL) 1.0",
        "is_simulated": false
      }
    },
    {
      "type": "Feature",
      "id": "osm-way-27593928",
      "geometry": {
        "type": "LineString",
        "coordinates": [
          [
            80.2499002,
            13.0498371
          ],
          [
            80.2498422,
            13.0495532
          ],
          [
            80.2498217,
            13.0493383
          ],
          [
            80.2497282,
            13.0488046
          ],
          [
            80.2496753,
            13.0485504
          ],
          [
            80.249633,
            13.0484153
          ],
          [
            80.2495635,
            13.0482649
          ],
          [
            80.2494432,
            13.0481052
          ],
          [
            80.2492722,
            13.0478969
          ],
          [
            80.2490346,
            13.0476435
          ]
        ]
      },
      "properties": {
        "id": "osm-way-27593928",
        "kind": "route",
        "name": "Anna Salai (Mount Road)",
        "description": "OpenStreetMap primary road segment",
        "class": "primary",
        "osm_type": "way",
        "osm_id": "27593928",
        "highway": "primary",
        "bridge": null,
        "tunnel": null,
        "layer": null,
        "surface": "asphalt",
        "source": "OpenStreetMap",
        "source_url": "https://www.openstreetmap.org/way/27593928",
        "attribution": "© OpenStreetMap contributors",
        "licence": "Open Data Commons Open Database License (ODbL) 1.0",
        "is_simulated": false
      }
    },
    {
      "type": "Feature",
      "id": "osm-way-27954865",
      "geometry": {
        "type": "LineString",
        "coordinates": [
          [
            80.2551166,
            13.0065443
          ],
          [
            80.2546721,
            13.0065135
          ],
          [
            80.2543698,
            13.0064935
          ],
          [
            80.2528666,
            13.0064802
          ],
          [
            80.2526029,
            13.0064867
          ],
          [
            80.2524823,
            13.0064943
          ],
          [
            80.2522127,
            13.006541
          ],
          [
            80.2519459,
            13.0066119
          ],
          [
            80.2516521,
            13.0066774
          ],
          [
            80.2513622,
            13.0067275
          ],
          [
            80.2505079,
            13.0067707
          ],
          [
            80.2490482,
            13.0067124
          ],
          [
            80.2484282,
            13.0066773
          ],
          [
            80.2484049,
            13.0066761
          ],
          [
            80.2481252,
            13.006659
          ],
          [
            80.2480458,
            13.0066601
          ]
        ]
      },
      "properties": {
        "id": "osm-way-27954865",
        "kind": "route",
        "name": "Sardar Patel Road",
        "description": "OpenStreetMap primary road segment",
        "class": "primary",
        "osm_type": "way",
        "osm_id": "27954865",
        "highway": "primary",
        "bridge": null,
        "tunnel": null,
        "layer": null,
        "surface": "asphalt",
        "source": "OpenStreetMap",
        "source_url": "https://www.openstreetmap.org/way/27954865",
        "attribution": "© OpenStreetMap contributors",
        "licence": "Open Data Commons Open Database License (ODbL) 1.0",
        "is_simulated": false
      }
    },
    {
      "type": "Feature",
      "id": "osm-way-28066334",
      "geometry": {
        "type": "LineString",
        "coordinates": [
          [
            80.2210646,
            13.0121486
          ],
          [
            80.220237,
            13.0118669
          ],
          [
            80.2200195,
            13.0118013
          ],
          [
            80.2198779,
            13.0117586
          ],
          [
            80.2183624,
            13.0112821
          ]
        ]
      },
      "properties": {
        "id": "osm-way-28066334",
        "kind": "route",
        "name": "Anna Salai (Mount Road)",
        "description": "OpenStreetMap primary road segment",
        "class": "primary",
        "osm_type": "way",
        "osm_id": "28066334",
        "highway": "primary",
        "bridge": null,
        "tunnel": null,
        "layer": null,
        "surface": "asphalt",
        "source": "OpenStreetMap",
        "source_url": "https://www.openstreetmap.org/way/28066334",
        "attribution": "© OpenStreetMap contributors",
        "licence": "Open Data Commons Open Database License (ODbL) 1.0",
        "is_simulated": false
      }
    },
    {
      "type": "Feature",
      "id": "osm-way-28078481",
      "geometry": {
        "type": "LineString",
        "coordinates": [
          [
            80.2097601,
            13.0323294
          ],
          [
            80.2097328,
            13.0322313
          ],
          [
            80.2096583,
            13.0319634
          ],
          [
            80.2091371,
            13.0301748
          ],
          [
            80.2089975,
            13.0296927
          ],
          [
            80.2088896,
            13.0293269
          ],
          [
            80.2087875,
            13.0290206
          ]
        ]
      },
      "properties": {
        "id": "osm-way-28078481",
        "kind": "route",
        "name": "Inner Ring Road",
        "description": "OpenStreetMap primary road segment",
        "class": "primary",
        "osm_type": "way",
        "osm_id": "28078481",
        "highway": "primary",
        "bridge": null,
        "tunnel": null,
        "layer": null,
        "surface": null,
        "source": "OpenStreetMap",
        "source_url": "https://www.openstreetmap.org/way/28078481",
        "attribution": "© OpenStreetMap contributors",
        "licence": "Open Data Commons Open Database License (ODbL) 1.0",
        "is_simulated": false
      }
    },
    {
      "type": "Feature",
      "id": "osm-way-28682080",
      "geometry": {
        "type": "LineString",
        "coordinates": [
          [
            80.2118803,
            13.0348314
          ],
          [
            80.2120586,
            13.0347229
          ],
          [
            80.2120831,
            13.03463
          ],
          [
            80.2120573,
            13.0344015
          ],
          [
            80.2120292,
            13.0342104
          ],
          [
            80.2120523,
            13.0340394
          ]
        ]
      },
      "properties": {
        "id": "osm-way-28682080",
        "kind": "route",
        "name": "Inner Ring Road",
        "description": "OpenStreetMap primary road segment",
        "class": "primary",
        "osm_type": "way",
        "osm_id": "28682080",
        "highway": "primary",
        "bridge": null,
        "tunnel": null,
        "layer": null,
        "surface": "asphalt",
        "source": "OpenStreetMap",
        "source_url": "https://www.openstreetmap.org/way/28682080",
        "attribution": "© OpenStreetMap contributors",
        "licence": "Open Data Commons Open Database License (ODbL) 1.0",
        "is_simulated": false
      }
    },
    {
      "type": "Feature",
      "id": "osm-way-30598636",
      "geometry": {
        "type": "LineString",
        "coordinates": [
          [
            80.2165101,
            12.9645521
          ],
          [
            80.2163197,
            12.9641632
          ]
        ]
      },
      "properties": {
        "id": "osm-way-30598636",
        "kind": "route",
        "name": "Velachery Main Road",
        "description": "OpenStreetMap primary road segment",
        "class": "primary",
        "osm_type": "way",
        "osm_id": "30598636",
        "highway": "primary",
        "bridge": null,
        "tunnel": null,
        "layer": null,
        "surface": "asphalt",
        "source": "OpenStreetMap",
        "source_url": "https://www.openstreetmap.org/way/30598636",
        "attribution": "© OpenStreetMap contributors",
        "licence": "Open Data Commons Open Database License (ODbL) 1.0",
        "is_simulated": false
      }
    },
    {
      "type": "Feature",
      "id": "osm-way-30604301",
      "geometry": {
        "type": "LineString",
        "coordinates": [
          [
            80.2184192,
            12.9800194
          ],
          [
            80.2183344,
            12.9802393
          ],
          [
            80.2182592,
            12.9804939
          ],
          [
            80.2181511,
            12.9808421
          ],
          [
            80.2180746,
            12.9810724
          ],
          [
            80.2179509,
            12.9814509
          ],
          [
            80.2179014,
            12.9817607
          ],
          [
            80.2178536,
            12.982412
          ],
          [
            80.2178509,
            12.9829192
          ],
          [
            80.2178474,
            12.9830905
          ],
          [
            80.2178496,
            12.9833506
          ],
          [
            80.2178376,
            12.9839486
          ],
          [
            80.21784,
            12.9844609
          ],
          [
            80.2178505,
            12.9852018
          ],
          [
            80.217889,
            12.9856366
          ],
          [
            80.2179865,
            12.9861744
          ],
          [
            80.2180718,
            12.9865688
          ],
          [
            80.2180785,
            12.986602
          ],
          [
            80.2181306,
            12.9869397
          ],
          [
            80.2181963,
            12.9874685
          ]
        ]
      },
      "properties": {
        "id": "osm-way-30604301",
        "kind": "route",
        "name": "Velachery Bypass Road",
        "description": "OpenStreetMap primary road segment",
        "class": "primary",
        "osm_type": "way",
        "osm_id": "30604301",
        "highway": "primary",
        "bridge": null,
        "tunnel": null,
        "layer": null,
        "surface": "asphalt",
        "source": "OpenStreetMap",
        "source_url": "https://www.openstreetmap.org/way/30604301",
        "attribution": "© OpenStreetMap contributors",
        "licence": "Open Data Commons Open Database License (ODbL) 1.0",
        "is_simulated": false
      }
    },
    {
      "type": "Feature",
      "id": "osm-way-30604302",
      "geometry": {
        "type": "LineString",
        "coordinates": [
          [
            80.2194071,
            12.9916774
          ],
          [
            80.2185602,
            12.9928918
          ],
          [
            80.217978,
            12.993697
          ],
          [
            80.2177732,
            12.9939784
          ]
        ]
      },
      "properties": {
        "id": "osm-way-30604302",
        "kind": "route",
        "name": "Velachery Main Road",
        "description": "OpenStreetMap secondary road segment",
        "class": "secondary",
        "osm_type": "way",
        "osm_id": "30604302",
        "highway": "secondary",
        "bridge": null,
        "tunnel": null,
        "layer": null,
        "surface": "asphalt",
        "source": "OpenStreetMap",
        "source_url": "https://www.openstreetmap.org/way/30604302",
        "attribution": "© OpenStreetMap contributors",
        "licence": "Open Data Commons Open Database License (ODbL) 1.0",
        "is_simulated": false
      }
    },
    {
      "type": "Feature",
      "id": "osm-way-30604310",
      "geometry": {
        "type": "LineString",
        "coordinates": [
          [
            80.2358986,
            12.9811546
          ],
          [
            80.2348969,
            12.9811206
          ],
          [
            80.2346703,
            12.9811245
          ],
          [
            80.2344382,
            12.9811416
          ],
          [
            80.2342088,
            12.9811862
          ]
        ]
      },
      "properties": {
        "id": "osm-way-30604310",
        "kind": "route",
        "name": "Taramani Link Road",
        "description": "OpenStreetMap primary road segment",
        "class": "primary",
        "osm_type": "way",
        "osm_id": "30604310",
        "highway": "primary",
        "bridge": null,
        "tunnel": null,
        "layer": null,
        "surface": "asphalt",
        "source": "OpenStreetMap",
        "source_url": "https://www.openstreetmap.org/way/30604310",
        "attribution": "© OpenStreetMap contributors",
        "licence": "Open Data Commons Open Database License (ODbL) 1.0",
        "is_simulated": false
      }
    },
    {
      "type": "Feature",
      "id": "osm-way-30609727",
      "geometry": {
        "type": "LineString",
        "coordinates": [
          [
            80.2413822,
            12.9814077
          ],
          [
            80.2417707,
            12.9814076
          ],
          [
            80.2419069,
            12.9814112
          ],
          [
            80.2422152,
            12.9814092
          ],
          [
            80.2425721,
            12.9813998
          ],
          [
            80.2427193,
            12.9814019
          ],
          [
            80.2428268,
            12.9813991
          ]
        ]
      },
      "properties": {
        "id": "osm-way-30609727",
        "kind": "route",
        "name": "Taramani Link Road",
        "description": "OpenStreetMap primary road segment",
        "class": "primary",
        "osm_type": "way",
        "osm_id": "30609727",
        "highway": "primary",
        "bridge": null,
        "tunnel": null,
        "layer": null,
        "surface": null,
        "source": "OpenStreetMap",
        "source_url": "https://www.openstreetmap.org/way/30609727",
        "attribution": "© OpenStreetMap contributors",
        "licence": "Open Data Commons Open Database License (ODbL) 1.0",
        "is_simulated": false
      }
    },
    {
      "type": "Feature",
      "id": "osm-way-30609728",
      "geometry": {
        "type": "LineString",
        "coordinates": [
          [
            80.251105,
            12.9803054
          ],
          [
            80.2506098,
            12.9804375
          ],
          [
            80.2503312,
            12.9805079
          ],
          [
            80.2498443,
            12.9806138
          ],
          [
            80.2495031,
            12.9806818
          ],
          [
            80.2491295,
            12.9807314
          ],
          [
            80.2485086,
            12.9807745
          ],
          [
            80.2479686,
            12.9808012
          ],
          [
            80.2474121,
            12.9808551
          ],
          [
            80.2454511,
            12.9810448
          ],
          [
            80.2453617,
            12.9810558
          ],
          [
            80.2434345,
            12.9812926
          ]
        ]
      },
      "properties": {
        "id": "osm-way-30609728",
        "kind": "route",
        "name": "Taramani Link Road",
        "description": "OpenStreetMap primary road segment",
        "class": "primary",
        "osm_type": "way",
        "osm_id": "30609728",
        "highway": "primary",
        "bridge": null,
        "tunnel": null,
        "layer": null,
        "surface": null,
        "source": "OpenStreetMap",
        "source_url": "https://www.openstreetmap.org/way/30609728",
        "attribution": "© OpenStreetMap contributors",
        "licence": "Open Data Commons Open Database License (ODbL) 1.0",
        "is_simulated": false
      }
    },
    {
      "type": "Feature",
      "id": "osm-way-32424225",
      "geometry": {
        "type": "LineString",
        "coordinates": [
          [
            80.2085793,
            13.0286396
          ],
          [
            80.2085898,
            13.028709
          ],
          [
            80.2086212,
            13.0288105
          ],
          [
            80.2086811,
            13.0291311
          ],
          [
            80.2087364,
            13.0293127
          ],
          [
            80.2087687,
            13.0294188
          ],
          [
            80.2087996,
            13.0295132
          ],
          [
            80.2089959,
            13.0302256
          ],
          [
            80.2093923,
            13.0315928
          ],
          [
            80.2095127,
            13.032008
          ]
        ]
      },
      "properties": {
        "id": "osm-way-32424225",
        "kind": "route",
        "name": "Inner Ring Road",
        "description": "OpenStreetMap primary road segment",
        "class": "primary",
        "osm_type": "way",
        "osm_id": "32424225",
        "highway": "primary",
        "bridge": null,
        "tunnel": null,
        "layer": null,
        "surface": null,
        "source": "OpenStreetMap",
        "source_url": "https://www.openstreetmap.org/way/32424225",
        "attribution": "© OpenStreetMap contributors",
        "licence": "Open Data Commons Open Database License (ODbL) 1.0",
        "is_simulated": false
      }
    },
    {
      "type": "Feature",
      "id": "osm-way-32455819",
      "geometry": {
        "type": "LineString",
        "coordinates": [
          [
            80.2066834,
            13.0240736
          ],
          [
            80.2068638,
            13.0240325
          ],
          [
            80.2077903,
            13.0238216
          ],
          [
            80.2086577,
            13.0236395
          ]
        ]
      },
      "properties": {
        "id": "osm-way-32455819",
        "kind": "route",
        "name": "Inner Ring Road",
        "description": "OpenStreetMap residential road segment",
        "class": "local",
        "osm_type": "way",
        "osm_id": "32455819",
        "highway": "residential",
        "bridge": null,
        "tunnel": null,
        "layer": null,
        "surface": "asphalt",
        "source": "OpenStreetMap",
        "source_url": "https://www.openstreetmap.org/way/32455819",
        "attribution": "© OpenStreetMap contributors",
        "licence": "Open Data Commons Open Database License (ODbL) 1.0",
        "is_simulated": false
      }
    },
    {
      "type": "Feature",
      "id": "osm-way-32545042",
      "geometry": {
        "type": "LineString",
        "coordinates": [
          [
            80.2232552,
            13.0114027
          ],
          [
            80.2228526,
            13.010512
          ],
          [
            80.2220148,
            13.0090503
          ],
          [
            80.2214226,
            13.0079511
          ],
          [
            80.2213253,
            13.0077525
          ],
          [
            80.221007,
            13.0071743
          ],
          [
            80.2209625,
            13.0070935
          ],
          [
            80.2207363,
            13.0066827
          ],
          [
            80.2204252,
            13.0053431
          ],
          [
            80.2202788,
            13.0046421
          ],
          [
            80.2201035,
            13.0037964
          ],
          [
            80.2199237,
            13.0031743
          ],
          [
            80.2197687,
            13.0028041
          ],
          [
            80.2196297,
            13.0025718
          ],
          [
            80.2195863,
            13.0025054
          ],
          [
            80.2190942,
            13.0020227
          ],
          [
            80.2189694,
            13.0019103
          ],
          [
            80.2188661,
            13.0018126
          ],
          [
            80.2185906,
            13.0015381
          ],
          [
            80.2185738,
            13.0015079
          ],
          [
            80.2184589,
            13.0013357
          ],
          [
            80.2183851,
            13.0012272
          ],
          [
            80.2183203,
            13.0011272
          ],
          [
            80.2182493,
            13.0010192
          ],
          [
            80.2181795,
            13.0009068
          ],
          [
            80.2180473,
            13.0006916
          ],
          [
            80.2177932,
            13.0002991
          ],
          [
            80.21697,
            12.9989409
          ],
          [
            80.2166954,
            12.9983332
          ],
          [
            80.2165705,
            12.9978767
          ],
          [
            80.216543,
            12.9975572
          ],
          [
            80.2165418,
            12.9974054
          ],
          [
            80.2165504,
            12.9972089
          ],
          [
            80.2165526,
            12.9971743
          ]
        ]
      },
      "properties": {
        "id": "osm-way-32545042",
        "kind": "route",
        "name": "Velachery Main Road",
        "description": "OpenStreetMap secondary road segment",
        "class": "secondary",
        "osm_type": "way",
        "osm_id": "32545042",
        "highway": "secondary",
        "bridge": null,
        "tunnel": null,
        "layer": null,
        "surface": "asphalt",
        "source": "OpenStreetMap",
        "source_url": "https://www.openstreetmap.org/way/32545042",
        "attribution": "© OpenStreetMap contributors",
        "licence": "Open Data Commons Open Database License (ODbL) 1.0",
        "is_simulated": false
      }
    },
    {
      "type": "Feature",
      "id": "osm-way-32551517",
      "geometry": {
        "type": "LineString",
        "coordinates": [
          [
            80.2170576,
            13.0109201
          ],
          [
            80.2177451,
            13.0112364
          ],
          [
            80.2182615,
            13.0114059
          ],
          [
            80.2183234,
            13.0114262
          ],
          [
            80.2183858,
            13.0114467
          ],
          [
            80.2186969,
            13.0115489
          ],
          [
            80.2189668,
            13.0116375
          ],
          [
            80.2195346,
            13.0118239
          ],
          [
            80.2202105,
            13.0120458
          ],
          [
            80.2208047,
            13.0122686
          ],
          [
            80.2210838,
            13.012363
          ]
        ]
      },
      "properties": {
        "id": "osm-way-32551517",
        "kind": "route",
        "name": "Anna Salai (Mount Road)",
        "description": "OpenStreetMap primary road segment",
        "class": "primary",
        "osm_type": "way",
        "osm_id": "32551517",
        "highway": "primary",
        "bridge": null,
        "tunnel": null,
        "layer": null,
        "surface": "asphalt",
        "source": "OpenStreetMap",
        "source_url": "https://www.openstreetmap.org/way/32551517",
        "attribution": "© OpenStreetMap contributors",
        "licence": "Open Data Commons Open Database License (ODbL) 1.0",
        "is_simulated": false
      }
    },
    {
      "type": "Feature",
      "id": "osm-way-32551518",
      "geometry": {
        "type": "LineString",
        "coordinates": [
          [
            80.2147351,
            13.010055
          ],
          [
            80.214537,
            13.0100114
          ],
          [
            80.2132841,
            13.0094865
          ],
          [
            80.2123151,
            13.0091122
          ],
          [
            80.2121572,
            13.0090527
          ],
          [
            80.2113572,
            13.0087515
          ],
          [
            80.211037,
            13.0086309
          ],
          [
            80.2108217,
            13.0085498
          ],
          [
            80.2106348,
            13.0084794
          ],
          [
            80.2100273,
            13.0082693
          ],
          [
            80.2097415,
            13.008165
          ]
        ]
      },
      "properties": {
        "id": "osm-way-32551518",
        "kind": "route",
        "name": "Anna Salai (Mount Road)",
        "description": "OpenStreetMap primary road segment",
        "class": "primary",
        "osm_type": "way",
        "osm_id": "32551518",
        "highway": "primary",
        "bridge": null,
        "tunnel": null,
        "layer": null,
        "surface": null,
        "source": "OpenStreetMap",
        "source_url": "https://www.openstreetmap.org/way/32551518",
        "attribution": "© OpenStreetMap contributors",
        "licence": "Open Data Commons Open Database License (ODbL) 1.0",
        "is_simulated": false
      }
    },
    {
      "type": "Feature",
      "id": "osm-way-82881750",
      "geometry": {
        "type": "LineString",
        "coordinates": [
          [
            80.2087023,
            12.9454726
          ],
          [
            80.2087728,
            12.9456819
          ],
          [
            80.2088169,
            12.9458064
          ]
        ]
      },
      "properties": {
        "id": "osm-way-82881750",
        "kind": "route",
        "name": "Velachery Main Road",
        "description": "OpenStreetMap primary road segment",
        "class": "primary",
        "osm_type": "way",
        "osm_id": "82881750",
        "highway": "primary",
        "bridge": null,
        "tunnel": null,
        "layer": null,
        "surface": "asphalt",
        "source": "OpenStreetMap",
        "source_url": "https://www.openstreetmap.org/way/82881750",
        "attribution": "© OpenStreetMap contributors",
        "licence": "Open Data Commons Open Database License (ODbL) 1.0",
        "is_simulated": false
      }
    },
    {
      "type": "Feature",
      "id": "osm-way-82881760",
      "geometry": {
        "type": "LineString",
        "coordinates": [
          [
            80.2130794,
            12.9565214
          ],
          [
            80.2132765,
            12.9570363
          ],
          [
            80.2135921,
            12.9577925
          ],
          [
            80.2141781,
            12.9592684
          ],
          [
            80.2142129,
            12.959358
          ],
          [
            80.2142513,
            12.9594571
          ],
          [
            80.214269,
            12.9595002
          ],
          [
            80.2142982,
            12.9595785
          ],
          [
            80.2144692,
            12.9600297
          ],
          [
            80.2144863,
            12.960069
          ],
          [
            80.2146226,
            12.960385
          ],
          [
            80.2146514,
            12.9604558
          ],
          [
            80.2147463,
            12.9606654
          ],
          [
            80.2149559,
            12.9611796
          ],
          [
            80.2150682,
            12.9614496
          ],
          [
            80.2151572,
            12.9616827
          ],
          [
            80.2152546,
            12.961992
          ],
          [
            80.2158831,
            12.963531
          ]
        ]
      },
      "properties": {
        "id": "osm-way-82881760",
        "kind": "route",
        "name": "Velachery Main Road",
        "description": "OpenStreetMap primary road segment",
        "class": "primary",
        "osm_type": "way",
        "osm_id": "82881760",
        "highway": "primary",
        "bridge": null,
        "tunnel": null,
        "layer": null,
        "surface": "asphalt",
        "source": "OpenStreetMap",
        "source_url": "https://www.openstreetmap.org/way/82881760",
        "attribution": "© OpenStreetMap contributors",
        "licence": "Open Data Commons Open Database License (ODbL) 1.0",
        "is_simulated": false
      }
    },
    {
      "type": "Feature",
      "id": "osm-way-95641233",
      "geometry": {
        "type": "LineString",
        "coordinates": [
          [
            80.2436375,
            13.0066045
          ],
          [
            80.2436037,
            13.006604
          ],
          [
            80.2428757,
            13.0066016
          ]
        ]
      },
      "properties": {
        "id": "osm-way-95641233",
        "kind": "route",
        "name": "Sardar Patel Road",
        "description": "OpenStreetMap primary road segment",
        "class": "primary",
        "osm_type": "way",
        "osm_id": "95641233",
        "highway": "primary",
        "bridge": null,
        "tunnel": null,
        "layer": null,
        "surface": "asphalt",
        "source": "OpenStreetMap",
        "source_url": "https://www.openstreetmap.org/way/95641233",
        "attribution": "© OpenStreetMap contributors",
        "licence": "Open Data Commons Open Database License (ODbL) 1.0",
        "is_simulated": false
      }
    },
    {
      "type": "Feature",
      "id": "osm-way-95641750",
      "geometry": {
        "type": "LineString",
        "coordinates": [
          [
            80.2407932,
            12.9493353
          ],
          [
            80.2408252,
            12.9494359
          ],
          [
            80.2409834,
            12.949934
          ],
          [
            80.2414436,
            12.9513824
          ],
          [
            80.2415005,
            12.9515615
          ],
          [
            80.241507,
            12.9515796
          ],
          [
            80.2417027,
            12.9521214
          ],
          [
            80.2418978,
            12.9525828
          ],
          [
            80.2419618,
            12.9527341
          ],
          [
            80.2424189,
            12.9539713
          ]
        ]
      },
      "properties": {
        "id": "osm-way-95641750",
        "kind": "route",
        "name": "Rajiv Gandhi Salai",
        "description": "OpenStreetMap primary road segment",
        "class": "primary",
        "osm_type": "way",
        "osm_id": "95641750",
        "highway": "primary",
        "bridge": null,
        "tunnel": null,
        "layer": null,
        "surface": null,
        "source": "OpenStreetMap",
        "source_url": "https://www.openstreetmap.org/way/95641750",
        "attribution": "© OpenStreetMap contributors",
        "licence": "Open Data Commons Open Database License (ODbL) 1.0",
        "is_simulated": false
      }
    },
    {
      "type": "Feature",
      "id": "osm-way-95669980",
      "geometry": {
        "type": "LineString",
        "coordinates": [
          [
            80.2268488,
            12.8765425
          ],
          [
            80.2268426,
            12.8769591
          ],
          [
            80.2267905,
            12.877778
          ],
          [
            80.2267606,
            12.8782168
          ],
          [
            80.2267321,
            12.8786354
          ],
          [
            80.2267111,
            12.8789226
          ],
          [
            80.2266913,
            12.8791924
          ],
          [
            80.2266708,
            12.8802014
          ],
          [
            80.2266688,
            12.8802997
          ],
          [
            80.2266444,
            12.8824699
          ],
          [
            80.2266361,
            12.8836496
          ],
          [
            80.2266159,
            12.8841974
          ],
          [
            80.2266344,
            12.884724
          ],
          [
            80.2266475,
            12.8852717
          ],
          [
            80.2266489,
            12.8853319
          ],
          [
            80.2267305,
            12.885705
          ],
          [
            80.227132,
            12.887192
          ],
          [
            80.2272597,
            12.8882622
          ],
          [
            80.2273039,
            12.8917917
          ],
          [
            80.2273101,
            12.8922865
          ],
          [
            80.2273248,
            12.8924237
          ],
          [
            80.2274826,
            12.8938982
          ],
          [
            80.2275761,
            12.895497
          ],
          [
            80.2276378,
            12.8966209
          ],
          [
            80.2276448,
            12.8967486
          ],
          [
            80.2276629,
            12.8970782
          ],
          [
            80.2277285,
            12.8982721
          ],
          [
            80.227751,
            12.8986817
          ],
          [
            80.2278337,
            12.9000461
          ],
          [
            80.2278567,
            12.9004252
          ],
          [
            80.2278602,
            12.9004829
          ],
          [
            80.227867,
            12.9005951
          ],
          [
            80.227874,
            12.9006784
          ],
          [
            80.2278821,
            12.9007753
          ],
          [
            80.2278862,
            12.9009094
          ]
        ]
      },
      "properties": {
        "id": "osm-way-95669980",
        "kind": "route",
        "name": "Rajiv Gandhi Salai",
        "description": "OpenStreetMap primary road segment",
        "class": "primary",
        "osm_type": "way",
        "osm_id": "95669980",
        "highway": "primary",
        "bridge": null,
        "tunnel": null,
        "layer": null,
        "surface": null,
        "source": "OpenStreetMap",
        "source_url": "https://www.openstreetmap.org/way/95669980",
        "attribution": "© OpenStreetMap contributors",
        "licence": "Open Data Commons Open Database License (ODbL) 1.0",
        "is_simulated": false
      }
    },
    {
      "type": "Feature",
      "id": "osm-way-102457948",
      "geometry": {
        "type": "LineString",
        "coordinates": [
          [
            80.2290969,
            13.0245613
          ],
          [
            80.2285918,
            13.0242865
          ],
          [
            80.2283273,
            13.0240778
          ],
          [
            80.2278287,
            13.0236798
          ],
          [
            80.2274567,
            13.0232757
          ],
          [
            80.2267296,
            13.0224454
          ],
          [
            80.2266432,
            13.0223423
          ],
          [
            80.2261912,
            13.0218028
          ],
          [
            80.2257563,
            13.0211986
          ],
          [
            80.2254189,
            13.0207299
          ],
          [
            80.2253934,
            13.0206945
          ],
          [
            80.225136,
            13.0203745
          ],
          [
            80.224913,
            13.0200841
          ],
          [
            80.2247609,
            13.0198719
          ],
          [
            80.2247137,
            13.0198054
          ],
          [
            80.2246772,
            13.0197518
          ],
          [
            80.2246044,
            13.0196117
          ],
          [
            80.2245557,
            13.0194991
          ],
          [
            80.2245208,
            13.019373
          ],
          [
            80.2244954,
            13.0192375
          ],
          [
            80.2244853,
            13.019132
          ],
          [
            80.2244857,
            13.0190746
          ],
          [
            80.224489,
            13.0190318
          ],
          [
            80.2244972,
            13.0189569
          ],
          [
            80.2245094,
            13.0188908
          ],
          [
            80.2245228,
            13.0188451
          ],
          [
            80.2245501,
            13.0187755
          ]
        ]
      },
      "properties": {
        "id": "osm-way-102457948",
        "kind": "route",
        "name": "Anna Salai (Mount Road)",
        "description": "OpenStreetMap primary road segment",
        "class": "primary",
        "osm_type": "way",
        "osm_id": "102457948",
        "highway": "primary",
        "bridge": null,
        "tunnel": null,
        "layer": null,
        "surface": "asphalt",
        "source": "OpenStreetMap",
        "source_url": "https://www.openstreetmap.org/way/102457948",
        "attribution": "© OpenStreetMap contributors",
        "licence": "Open Data Commons Open Database License (ODbL) 1.0",
        "is_simulated": false
      }
    },
    {
      "type": "Feature",
      "id": "osm-way-102457954",
      "geometry": {
        "type": "LineString",
        "coordinates": [
          [
            80.2353917,
            13.0280247
          ],
          [
            80.235676,
            13.0282831
          ],
          [
            80.2363591,
            13.0289038
          ],
          [
            80.2368471,
            13.029344
          ],
          [
            80.2368665,
            13.0293598
          ],
          [
            80.2373179,
            13.0297955
          ],
          [
            80.2377393,
            13.0300698
          ],
          [
            80.2378092,
            13.0301063
          ],
          [
            80.2384307,
            13.0304527
          ],
          [
            80.2389274,
            13.0307464
          ],
          [
            80.2394565,
            13.0310506
          ],
          [
            80.2396609,
            13.0311611
          ],
          [
            80.2397529,
            13.0311984
          ],
          [
            80.2416837,
            13.0321214
          ],
          [
            80.2418451,
            13.0322025
          ],
          [
            80.2421107,
            13.0323214
          ],
          [
            80.2422291,
            13.0324006
          ],
          [
            80.2425259,
            13.0326014
          ],
          [
            80.2427632,
            13.0327582
          ],
          [
            80.2433794,
            13.0331969
          ],
          [
            80.2434405,
            13.0332484
          ],
          [
            80.2434621,
            13.0332649
          ],
          [
            80.2435249,
            13.0333127
          ],
          [
            80.2436194,
            13.0333814
          ],
          [
            80.2438031,
            13.0335297
          ],
          [
            80.2439104,
            13.0336119
          ],
          [
            80.2443206,
            13.0339083
          ],
          [
            80.2444602,
            13.034002
          ],
          [
            80.24451,
            13.034031
          ],
          [
            80.2450586,
            13.0344711
          ],
          [
            80.2452322,
            13.0345982
          ],
          [
            80.2455454,
            13.0348343
          ],
          [
            80.2455632,
            13.0348454
          ],
          [
            80.2456456,
            13.0349265
          ],
          [
            80.2457052,
            13.034983
          ],
          [
            80.2458564,
            13.0351515
          ],
          [
            80.2459469,
            13.035345
          ],
          [
            80.2459911,
            13.0355957
          ]
        ]
      },
      "properties": {
        "id": "osm-way-102457954",
        "kind": "route",
        "name": "Anna Salai (Mount Road)",
        "description": "OpenStreetMap primary road segment",
        "class": "primary",
        "osm_type": "way",
        "osm_id": "102457954",
        "highway": "primary",
        "bridge": null,
        "tunnel": null,
        "layer": null,
        "surface": null,
        "source": "OpenStreetMap",
        "source_url": "https://www.openstreetmap.org/way/102457954",
        "attribution": "© OpenStreetMap contributors",
        "licence": "Open Data Commons Open Database License (ODbL) 1.0",
        "is_simulated": false
      }
    },
    {
      "type": "Feature",
      "id": "osm-way-102469913",
      "geometry": {
        "type": "LineString",
        "coordinates": [
          [
            80.2478282,
            13.0067698
          ],
          [
            80.2480767,
            13.0067649
          ]
        ]
      },
      "properties": {
        "id": "osm-way-102469913",
        "kind": "route",
        "name": "Sardar Patel Road",
        "description": "OpenStreetMap primary road segment",
        "class": "primary",
        "osm_type": "way",
        "osm_id": "102469913",
        "highway": "primary",
        "bridge": "yes",
        "tunnel": null,
        "layer": "1",
        "surface": null,
        "source": "OpenStreetMap",
        "source_url": "https://www.openstreetmap.org/way/102469913",
        "attribution": "© OpenStreetMap contributors",
        "licence": "Open Data Commons Open Database License (ODbL) 1.0",
        "is_simulated": false
      }
    },
    {
      "type": "Feature",
      "id": "osm-way-102469927",
      "geometry": {
        "type": "LineString",
        "coordinates": [
          [
            80.2480458,
            13.0066601
          ],
          [
            80.2478217,
            13.0066594
          ]
        ]
      },
      "properties": {
        "id": "osm-way-102469927",
        "kind": "route",
        "name": "Sardar Patel Road",
        "description": "OpenStreetMap primary road segment",
        "class": "primary",
        "osm_type": "way",
        "osm_id": "102469927",
        "highway": "primary",
        "bridge": "yes",
        "tunnel": null,
        "layer": "1",
        "surface": null,
        "source": "OpenStreetMap",
        "source_url": "https://www.openstreetmap.org/way/102469927",
        "attribution": "© OpenStreetMap contributors",
        "licence": "Open Data Commons Open Database License (ODbL) 1.0",
        "is_simulated": false
      }
    },
    {
      "type": "Feature",
      "id": "osm-way-102469929",
      "geometry": {
        "type": "LineString",
        "coordinates": [
          [
            80.2480767,
            13.0067649
          ],
          [
            80.2483802,
            13.0067672
          ],
          [
            80.2489177,
            13.0067886
          ],
          [
            80.2490148,
            13.0067933
          ],
          [
            80.2496828,
            13.0068255
          ],
          [
            80.2500356,
            13.0068365
          ],
          [
            80.2504419,
            13.0068491
          ],
          [
            80.2513157,
            13.006825
          ],
          [
            80.2516348,
            13.0067735
          ],
          [
            80.2524608,
            13.0066017
          ],
          [
            80.2526015,
            13.0065875
          ],
          [
            80.2528749,
            13.0065753
          ],
          [
            80.254046,
            13.0065819
          ],
          [
            80.2542666,
            13.0065868
          ],
          [
            80.2544176,
            13.0066002
          ],
          [
            80.2547028,
            13.0066215
          ],
          [
            80.2548313,
            13.0066287
          ],
          [
            80.25582,
            13.0066297
          ],
          [
            80.2564584,
            13.0066304
          ],
          [
            80.2570122,
            13.0066511
          ],
          [
            80.2572722,
            13.0066762
          ],
          [
            80.2574993,
            13.0067416
          ],
          [
            80.2575987,
            13.0067779
          ],
          [
            80.2577211,
            13.0068228
          ],
          [
            80.2579513,
            13.0069255
          ],
          [
            80.2579796,
            13.0069422
          ],
          [
            80.2581677,
            13.0070527
          ],
          [
            80.2584271,
            13.0072651
          ],
          [
            80.258616,
            13.0075262
          ]
        ]
      },
      "properties": {
        "id": "osm-way-102469929",
        "kind": "route",
        "name": "Sardar Patel Road",
        "description": "OpenStreetMap primary road segment",
        "class": "primary",
        "osm_type": "way",
        "osm_id": "102469929",
        "highway": "primary",
        "bridge": null,
        "tunnel": null,
        "layer": null,
        "surface": "asphalt",
        "source": "OpenStreetMap",
        "source_url": "https://www.openstreetmap.org/way/102469929",
        "attribution": "© OpenStreetMap contributors",
        "licence": "Open Data Commons Open Database License (ODbL) 1.0",
        "is_simulated": false
      }
    },
    {
      "type": "Feature",
      "id": "osm-way-102469935",
      "geometry": {
        "type": "LineString",
        "coordinates": [
          [
            80.2478217,
            13.0066594
          ],
          [
            80.2476619,
            13.0066597
          ]
        ]
      },
      "properties": {
        "id": "osm-way-102469935",
        "kind": "route",
        "name": "Sardar Patel Road",
        "description": "OpenStreetMap primary road segment",
        "class": "primary",
        "osm_type": "way",
        "osm_id": "102469935",
        "highway": "primary",
        "bridge": null,
        "tunnel": null,
        "layer": null,
        "surface": "asphalt",
        "source": "OpenStreetMap",
        "source_url": "https://www.openstreetmap.org/way/102469935",
        "attribution": "© OpenStreetMap contributors",
        "licence": "Open Data Commons Open Database License (ODbL) 1.0",
        "is_simulated": false
      }
    },
    {
      "type": "Feature",
      "id": "osm-way-102470559",
      "geometry": {
        "type": "LineString",
        "coordinates": [
          [
            80.2305511,
            12.923431
          ],
          [
            80.2306836,
            12.9243653
          ]
        ]
      },
      "properties": {
        "id": "osm-way-102470559",
        "kind": "route",
        "name": "Rajiv Gandhi Salai",
        "description": "OpenStreetMap primary road segment",
        "class": "primary",
        "osm_type": "way",
        "osm_id": "102470559",
        "highway": "primary",
        "bridge": "yes",
        "tunnel": null,
        "layer": "1",
        "surface": null,
        "source": "OpenStreetMap",
        "source_url": "https://www.openstreetmap.org/way/102470559",
        "attribution": "© OpenStreetMap contributors",
        "licence": "Open Data Commons Open Database License (ODbL) 1.0",
        "is_simulated": false
      }
    },
    {
      "type": "Feature",
      "id": "osm-way-102470560",
      "geometry": {
        "type": "LineString",
        "coordinates": [
          [
            80.2306836,
            12.9243653
          ],
          [
            80.2307024,
            12.9245173
          ],
          [
            80.2309228,
            12.926303
          ],
          [
            80.2311287,
            12.9277193
          ],
          [
            80.231157,
            12.9279404
          ],
          [
            80.2312941,
            12.9290109
          ],
          [
            80.2314016,
            12.9294669
          ],
          [
            80.2315378,
            12.930045
          ],
          [
            80.2315761,
            12.9301858
          ],
          [
            80.2316817,
            12.9305731
          ],
          [
            80.231704,
            12.9306552
          ],
          [
            80.2317253,
            12.9307333
          ],
          [
            80.2317499,
            12.9308087
          ],
          [
            80.2320342,
            12.9316788
          ],
          [
            80.2320817,
            12.9318242
          ],
          [
            80.2322608,
            12.9323861
          ],
          [
            80.2323974,
            12.9327484
          ],
          [
            80.2325744,
            12.9332116
          ],
          [
            80.2326504,
            12.9333862
          ],
          [
            80.2327599,
            12.933665
          ],
          [
            80.2327904,
            12.9337427
          ],
          [
            80.2330841,
            12.9343566
          ],
          [
            80.2332642,
            12.934733
          ],
          [
            80.2336217,
            12.9354866
          ],
          [
            80.233681,
            12.9356116
          ],
          [
            80.233683,
            12.9356158
          ],
          [
            80.2337727,
            12.9358085
          ],
          [
            80.2338274,
            12.9359261
          ],
          [
            80.2338671,
            12.9360115
          ],
          [
            80.2342246,
            12.936746
          ],
          [
            80.2347919,
            12.9379381
          ],
          [
            80.2354395,
            12.9392373
          ],
          [
            80.2356568,
            12.9396738
          ],
          [
            80.2358341,
            12.940102
          ],
          [
            80.2359706,
            12.9405693
          ],
          [
            80.2362166,
            12.941499
          ],
          [
            80.2362378,
            12.9415995
          ],
          [
            80.2363147,
            12.9418609
          ],
          [
            80.2364494,
            12.9423729
          ],
          [
            80.2365762,
            12.9426784
          ],
          [
            80.2366305,
            12.9428093
          ],
          [
            80.2368948,
            12.943178
          ],
          [
            80.2371303,
            12.9434423
          ],
          [
            80.2373511,
            12.9436561
          ],
          [
            80.2375487,
            12.9438418
          ]
        ]
      },
      "properties": {
        "id": "osm-way-102470560",
        "kind": "route",
        "name": "Rajiv Gandhi Salai",
        "description": "OpenStreetMap primary road segment",
        "class": "primary",
        "osm_type": "way",
        "osm_id": "102470560",
        "highway": "primary",
        "bridge": null,
        "tunnel": null,
        "layer": null,
        "surface": null,
        "source": "OpenStreetMap",
        "source_url": "https://www.openstreetmap.org/way/102470560",
        "attribution": "© OpenStreetMap contributors",
        "licence": "Open Data Commons Open Database License (ODbL) 1.0",
        "is_simulated": false
      }
    },
    {
      "type": "Feature",
      "id": "osm-way-102472717",
      "geometry": {
        "type": "LineString",
        "coordinates": [
          [
            80.2522717,
            12.980078
          ],
          [
            80.2523878,
            12.980107
          ],
          [
            80.2524971,
            12.9801852
          ],
          [
            80.2525388,
            12.9802775
          ],
          [
            80.2526333,
            12.9804711
          ]
        ]
      },
      "properties": {
        "id": "osm-way-102472717",
        "kind": "route",
        "name": "Taramani Link Road",
        "description": "OpenStreetMap primary link road segment",
        "class": "primary",
        "osm_type": "way",
        "osm_id": "102472717",
        "highway": "primary_link",
        "bridge": null,
        "tunnel": null,
        "layer": null,
        "surface": null,
        "source": "OpenStreetMap",
        "source_url": "https://www.openstreetmap.org/way/102472717",
        "attribution": "© OpenStreetMap contributors",
        "licence": "Open Data Commons Open Database License (ODbL) 1.0",
        "is_simulated": false
      }
    },
    {
      "type": "Feature",
      "id": "osm-way-131425280",
      "geometry": {
        "type": "LineString",
        "coordinates": [
          [
            80.2466445,
            12.9635751
          ],
          [
            80.2468236,
            12.9639993
          ],
          [
            80.247205,
            12.9650424
          ],
          [
            80.2474344,
            12.9657167
          ],
          [
            80.2476014,
            12.9661164
          ],
          [
            80.2478886,
            12.9667407
          ],
          [
            80.2481425,
            12.9672773
          ],
          [
            80.2483046,
            12.9676492
          ],
          [
            80.2484505,
            12.9680032
          ],
          [
            80.2486642,
            12.9685631
          ],
          [
            80.2489452,
            12.9692583
          ],
          [
            80.249108,
            12.9696505
          ],
          [
            80.249301,
            12.9701528
          ],
          [
            80.2494569,
            12.9705684
          ],
          [
            80.2495059,
            12.9707182
          ],
          [
            80.2496297,
            12.9710963
          ],
          [
            80.2498835,
            12.9720648
          ],
          [
            80.24998,
            12.9724256
          ],
          [
            80.2500168,
            12.9725635
          ],
          [
            80.2500622,
            12.9727504
          ],
          [
            80.2502116,
            12.9733663
          ],
          [
            80.2503056,
            12.9736865
          ],
          [
            80.2503429,
            12.9738162
          ],
          [
            80.2506659,
            12.9749391
          ],
          [
            80.2508136,
            12.9754527
          ],
          [
            80.2510989,
            12.9764448
          ],
          [
            80.2512578,
            12.976934
          ],
          [
            80.2513625,
            12.977216
          ],
          [
            80.2514902,
            12.9774481
          ],
          [
            80.2515426,
            12.9775267
          ],
          [
            80.2516443,
            12.9776546
          ],
          [
            80.2517468,
            12.9777831
          ],
          [
            80.2518245,
            12.9778666
          ]
        ]
      },
      "properties": {
        "id": "osm-way-131425280",
        "kind": "route",
        "name": "Rajiv Gandhi Salai",
        "description": "OpenStreetMap primary road segment",
        "class": "primary",
        "osm_type": "way",
        "osm_id": "131425280",
        "highway": "primary",
        "bridge": null,
        "tunnel": null,
        "layer": null,
        "surface": null,
        "source": "OpenStreetMap",
        "source_url": "https://www.openstreetmap.org/way/131425280",
        "attribution": "© OpenStreetMap contributors",
        "licence": "Open Data Commons Open Database License (ODbL) 1.0",
        "is_simulated": false
      }
    },
    {
      "type": "Feature",
      "id": "osm-way-131945991",
      "geometry": {
        "type": "LineString",
        "coordinates": [
          [
            80.2210838,
            13.012363
          ],
          [
            80.2214073,
            13.0125375
          ],
          [
            80.2217111,
            13.0127667
          ],
          [
            80.2222984,
            13.0132316
          ],
          [
            80.2225801,
            13.0134197
          ],
          [
            80.2227546,
            13.0135593
          ],
          [
            80.2229474,
            13.0137136
          ],
          [
            80.2230238,
            13.0137747
          ],
          [
            80.2231962,
            13.0139125
          ],
          [
            80.2232656,
            13.0139131
          ]
        ]
      },
      "properties": {
        "id": "osm-way-131945991",
        "kind": "route",
        "name": "Anna Salai (Mount Road)",
        "description": "OpenStreetMap primary road segment",
        "class": "primary",
        "osm_type": "way",
        "osm_id": "131945991",
        "highway": "primary",
        "bridge": null,
        "tunnel": null,
        "layer": null,
        "surface": "asphalt",
        "source": "OpenStreetMap",
        "source_url": "https://www.openstreetmap.org/way/131945991",
        "attribution": "© OpenStreetMap contributors",
        "licence": "Open Data Commons Open Database License (ODbL) 1.0",
        "is_simulated": false
      }
    },
    {
      "type": "Feature",
      "id": "osm-way-131945992",
      "geometry": {
        "type": "LineString",
        "coordinates": [
          [
            80.24615,
            13.0066442
          ],
          [
            80.2453744,
            13.0066331
          ],
          [
            80.2449488,
            13.006627
          ],
          [
            80.2449289,
            13.0066267
          ],
          [
            80.244523,
            13.0066106
          ],
          [
            80.2442533,
            13.0066126
          ],
          [
            80.2440014,
            13.0066145
          ],
          [
            80.2436375,
            13.0066045
          ]
        ]
      },
      "properties": {
        "id": "osm-way-131945992",
        "kind": "route",
        "name": "Sardar Patel Road",
        "description": "OpenStreetMap primary road segment",
        "class": "primary",
        "osm_type": "way",
        "osm_id": "131945992",
        "highway": "primary",
        "bridge": null,
        "tunnel": null,
        "layer": null,
        "surface": "asphalt",
        "source": "OpenStreetMap",
        "source_url": "https://www.openstreetmap.org/way/131945992",
        "attribution": "© OpenStreetMap contributors",
        "licence": "Open Data Commons Open Database License (ODbL) 1.0",
        "is_simulated": false
      }
    },
    {
      "type": "Feature",
      "id": "osm-way-131945993",
      "geometry": {
        "type": "LineString",
        "coordinates": [
          [
            80.2215754,
            13.0120189
          ],
          [
            80.2214388,
            13.0121592
          ],
          [
            80.2214204,
            13.0122634
          ],
          [
            80.221437,
            13.0123569
          ],
          [
            80.2214766,
            13.012414
          ],
          [
            80.2214953,
            13.0124371
          ]
        ]
      },
      "properties": {
        "id": "osm-way-131945993",
        "kind": "route",
        "name": "Sardar Patel Road",
        "description": "OpenStreetMap primary road segment",
        "class": "primary",
        "osm_type": "way",
        "osm_id": "131945993",
        "highway": "primary",
        "bridge": null,
        "tunnel": null,
        "layer": null,
        "surface": null,
        "source": "OpenStreetMap",
        "source_url": "https://www.openstreetmap.org/way/131945993",
        "attribution": "© OpenStreetMap contributors",
        "licence": "Open Data Commons Open Database License (ODbL) 1.0",
        "is_simulated": false
      }
    },
    {
      "type": "Feature",
      "id": "osm-way-132191984",
      "geometry": {
        "type": "LineString",
        "coordinates": [
          [
            80.2432743,
            12.9812969
          ],
          [
            80.2432873,
            12.9811211
          ],
          [
            80.2433001,
            12.9801247
          ],
          [
            80.2433276,
            12.9789954
          ],
          [
            80.2433432,
            12.9786434
          ],
          [
            80.2433461,
            12.9785643
          ],
          [
            80.2434103,
            12.9782598
          ],
          [
            80.2435707,
            12.9775114
          ],
          [
            80.243739,
            12.9767779
          ],
          [
            80.2439694,
            12.9756886
          ],
          [
            80.2442121,
            12.9745509
          ],
          [
            80.2443923,
            12.9737564
          ],
          [
            80.2444242,
            12.9736277
          ],
          [
            80.2445076,
            12.9732915
          ],
          [
            80.2445683,
            12.9730112
          ],
          [
            80.2446232,
            12.9727636
          ],
          [
            80.2447395,
            12.972305
          ],
          [
            80.2450198,
            12.9711527
          ],
          [
            80.2450768,
            12.9709158
          ],
          [
            80.245241,
            12.9701873
          ],
          [
            80.2454099,
            12.9694382
          ],
          [
            80.2454277,
            12.9693514
          ],
          [
            80.2455446,
            12.9688725
          ],
          [
            80.2457496,
            12.9680736
          ],
          [
            80.245764,
            12.9679901
          ],
          [
            80.2458854,
            12.9673587
          ],
          [
            80.2461101,
            12.9660097
          ],
          [
            80.2462266,
            12.9653839
          ],
          [
            80.2464835,
            12.9640017
          ]
        ]
      },
      "properties": {
        "id": "osm-way-132191984",
        "kind": "route",
        "name": "Dr MGR Main Road",
        "description": "OpenStreetMap secondary road segment",
        "class": "secondary",
        "osm_type": "way",
        "osm_id": "132191984",
        "highway": "secondary",
        "bridge": null,
        "tunnel": null,
        "layer": null,
        "surface": null,
        "source": "OpenStreetMap",
        "source_url": "https://www.openstreetmap.org/way/132191984",
        "attribution": "© OpenStreetMap contributors",
        "licence": "Open Data Commons Open Database License (ODbL) 1.0",
        "is_simulated": false
      }
    },
    {
      "type": "Feature",
      "id": "osm-way-132192799",
      "geometry": {
        "type": "LineString",
        "coordinates": [
          [
            80.2429146,
            12.981299
          ],
          [
            80.2427155,
            12.9812981
          ],
          [
            80.2425907,
            12.9812945
          ],
          [
            80.2423558,
            12.9812999
          ],
          [
            80.242107,
            12.9813042
          ],
          [
            80.2418322,
            12.9813069
          ],
          [
            80.2415757,
            12.9813142
          ],
          [
            80.2412606,
            12.9813114
          ],
          [
            80.2409781,
            12.9813062
          ],
          [
            80.2407077,
            12.9812897
          ],
          [
            80.2404333,
            12.9812866
          ],
          [
            80.2401484,
            12.9812803
          ]
        ]
      },
      "properties": {
        "id": "osm-way-132192799",
        "kind": "route",
        "name": "Taramani Link Road",
        "description": "OpenStreetMap primary road segment",
        "class": "primary",
        "osm_type": "way",
        "osm_id": "132192799",
        "highway": "primary",
        "bridge": null,
        "tunnel": null,
        "layer": null,
        "surface": null,
        "source": "OpenStreetMap",
        "source_url": "https://www.openstreetmap.org/way/132192799",
        "attribution": "© OpenStreetMap contributors",
        "licence": "Open Data Commons Open Database License (ODbL) 1.0",
        "is_simulated": false
      }
    },
    {
      "type": "Feature",
      "id": "osm-way-132192800",
      "geometry": {
        "type": "LineString",
        "coordinates": [
          [
            80.2432785,
            12.9813924
          ],
          [
            80.243438,
            12.9813839
          ]
        ]
      },
      "properties": {
        "id": "osm-way-132192800",
        "kind": "route",
        "name": "Taramani Link Road",
        "description": "OpenStreetMap primary road segment",
        "class": "primary",
        "osm_type": "way",
        "osm_id": "132192800",
        "highway": "primary",
        "bridge": null,
        "tunnel": null,
        "layer": null,
        "surface": null,
        "source": "OpenStreetMap",
        "source_url": "https://www.openstreetmap.org/way/132192800",
        "attribution": "© OpenStreetMap contributors",
        "licence": "Open Data Commons Open Database License (ODbL) 1.0",
        "is_simulated": false
      }
    },
    {
      "type": "Feature",
      "id": "osm-way-133593218",
      "geometry": {
        "type": "LineString",
        "coordinates": [
          [
            80.1917391,
            12.9171369
          ],
          [
            80.1916786,
            12.9171392
          ],
          [
            80.1912313,
            12.9171744
          ],
          [
            80.1908821,
            12.9172057
          ],
          [
            80.1904158,
            12.9172545
          ],
          [
            80.1899262,
            12.9173392
          ],
          [
            80.1896291,
            12.9174348
          ],
          [
            80.1893287,
            12.9175345
          ],
          [
            80.1891178,
            12.9176592
          ]
        ]
      },
      "properties": {
        "id": "osm-way-133593218",
        "kind": "route",
        "name": "Velachery Mudhanmai Salai",
        "description": "OpenStreetMap primary road segment",
        "class": "primary",
        "osm_type": "way",
        "osm_id": "133593218",
        "highway": "primary",
        "bridge": null,
        "tunnel": null,
        "layer": null,
        "surface": "asphalt",
        "source": "OpenStreetMap",
        "source_url": "https://www.openstreetmap.org/way/133593218",
        "attribution": "© OpenStreetMap contributors",
        "licence": "Open Data Commons Open Database License (ODbL) 1.0",
        "is_simulated": false
      }
    },
    {
      "type": "Feature",
      "id": "osm-way-157989475",
      "geometry": {
        "type": "LineString",
        "coordinates": [
          [
            80.23986,
            13.0310314
          ],
          [
            80.2395029,
            13.0308227
          ],
          [
            80.2393946,
            13.0307688
          ],
          [
            80.2391433,
            13.0306346
          ],
          [
            80.237702,
            13.0298236
          ],
          [
            80.2374186,
            13.0296174
          ],
          [
            80.2358247,
            13.0281971
          ],
          [
            80.2357827,
            13.0281596
          ],
          [
            80.2356197,
            13.0279854
          ],
          [
            80.2355115,
            13.0278957
          ],
          [
            80.2345079,
            13.0273612
          ],
          [
            80.2330731,
            13.0264963
          ]
        ]
      },
      "properties": {
        "id": "osm-way-157989475",
        "kind": "route",
        "name": "Anna Salai (Mount Road)",
        "description": "OpenStreetMap primary road segment",
        "class": "primary",
        "osm_type": "way",
        "osm_id": "157989475",
        "highway": "primary",
        "bridge": null,
        "tunnel": null,
        "layer": null,
        "surface": "asphalt",
        "source": "OpenStreetMap",
        "source_url": "https://www.openstreetmap.org/way/157989475",
        "attribution": "© OpenStreetMap contributors",
        "licence": "Open Data Commons Open Database License (ODbL) 1.0",
        "is_simulated": false
      }
    },
    {
      "type": "Feature",
      "id": "osm-way-175844953",
      "geometry": {
        "type": "LineString",
        "coordinates": [
          [
            80.2163283,
            13.0104614
          ],
          [
            80.2161068,
            13.0103628
          ],
          [
            80.2157351,
            13.0102073
          ]
        ]
      },
      "properties": {
        "id": "osm-way-175844953",
        "kind": "route",
        "name": "Anna Salai (Mount Road)",
        "description": "OpenStreetMap primary road segment",
        "class": "primary",
        "osm_type": "way",
        "osm_id": "175844953",
        "highway": "primary",
        "bridge": null,
        "tunnel": null,
        "layer": null,
        "surface": null,
        "source": "OpenStreetMap",
        "source_url": "https://www.openstreetmap.org/way/175844953",
        "attribution": "© OpenStreetMap contributors",
        "licence": "Open Data Commons Open Database License (ODbL) 1.0",
        "is_simulated": false
      }
    },
    {
      "type": "Feature",
      "id": "osm-way-175844955",
      "geometry": {
        "type": "LineString",
        "coordinates": [
          [
            80.2183624,
            13.0112821
          ],
          [
            80.2183001,
            13.0112603
          ],
          [
            80.2178498,
            13.0111041
          ],
          [
            80.2177687,
            13.011076
          ],
          [
            80.2175107,
            13.0109838
          ],
          [
            80.2170709,
            13.010795
          ],
          [
            80.21688,
            13.010708
          ],
          [
            80.2168423,
            13.0106908
          ]
        ]
      },
      "properties": {
        "id": "osm-way-175844955",
        "kind": "route",
        "name": "Anna Salai (Mount Road)",
        "description": "OpenStreetMap primary road segment",
        "class": "primary",
        "osm_type": "way",
        "osm_id": "175844955",
        "highway": "primary",
        "bridge": null,
        "tunnel": null,
        "layer": null,
        "surface": "paved",
        "source": "OpenStreetMap",
        "source_url": "https://www.openstreetmap.org/way/175844955",
        "attribution": "© OpenStreetMap contributors",
        "licence": "Open Data Commons Open Database License (ODbL) 1.0",
        "is_simulated": false
      }
    },
    {
      "type": "Feature",
      "id": "osm-way-179259179",
      "geometry": {
        "type": "LineString",
        "coordinates": [
          [
            80.2090282,
            12.9457651
          ],
          [
            80.2084538,
            12.9443713
          ],
          [
            80.2083807,
            12.9441649
          ],
          [
            80.2083492,
            12.9440759
          ],
          [
            80.2082911,
            12.9439343
          ],
          [
            80.2082527,
            12.9438407
          ],
          [
            80.2081387,
            12.9435819
          ],
          [
            80.2080759,
            12.9434269
          ],
          [
            80.208021,
            12.9433216
          ],
          [
            80.2079268,
            12.9432028
          ],
          [
            80.20787,
            12.9431474
          ]
        ]
      },
      "properties": {
        "id": "osm-way-179259179",
        "kind": "route",
        "name": "Velachery Mudhanmai Salai",
        "description": "OpenStreetMap primary road segment",
        "class": "primary",
        "osm_type": "way",
        "osm_id": "179259179",
        "highway": "primary",
        "bridge": null,
        "tunnel": null,
        "layer": null,
        "surface": "asphalt",
        "source": "OpenStreetMap",
        "source_url": "https://www.openstreetmap.org/way/179259179",
        "attribution": "© OpenStreetMap contributors",
        "licence": "Open Data Commons Open Database License (ODbL) 1.0",
        "is_simulated": false
      }
    },
    {
      "type": "Feature",
      "id": "osm-way-179259180",
      "geometry": {
        "type": "LineString",
        "coordinates": [
          [
            80.2077917,
            12.9432528
          ],
          [
            80.2079265,
            12.9434364
          ],
          [
            80.2079988,
            12.9435818
          ],
          [
            80.2080555,
            12.9437506
          ],
          [
            80.2081361,
            12.9439905
          ],
          [
            80.208169,
            12.9440883
          ],
          [
            80.2082282,
            12.9442277
          ],
          [
            80.208265,
            12.9443297
          ],
          [
            80.2087023,
            12.9454726
          ]
        ]
      },
      "properties": {
        "id": "osm-way-179259180",
        "kind": "route",
        "name": "Velachery Mudhanmai Salai",
        "description": "OpenStreetMap primary road segment",
        "class": "primary",
        "osm_type": "way",
        "osm_id": "179259180",
        "highway": "primary",
        "bridge": null,
        "tunnel": null,
        "layer": null,
        "surface": "asphalt",
        "source": "OpenStreetMap",
        "source_url": "https://www.openstreetmap.org/way/179259180",
        "attribution": "© OpenStreetMap contributors",
        "licence": "Open Data Commons Open Database License (ODbL) 1.0",
        "is_simulated": false
      }
    },
    {
      "type": "Feature",
      "id": "osm-way-179259795",
      "geometry": {
        "type": "LineString",
        "coordinates": [
          [
            80.1993251,
            12.9281653
          ],
          [
            80.1992413,
            12.9281325
          ],
          [
            80.1987597,
            12.9279008
          ],
          [
            80.1983437,
            12.9276461
          ],
          [
            80.1983007,
            12.9276196
          ],
          [
            80.1980856,
            12.9273735
          ],
          [
            80.197904,
            12.927097
          ],
          [
            80.197817,
            12.9269339
          ],
          [
            80.197779,
            12.9268455
          ],
          [
            80.1976841,
            12.9266236
          ],
          [
            80.1976821,
            12.9266104
          ],
          [
            80.1976338,
            12.9262893
          ],
          [
            80.1975962,
            12.9260985
          ],
          [
            80.1975802,
            12.9259076
          ],
          [
            80.197574,
            12.9255701
          ],
          [
            80.197569,
            12.9254205
          ],
          [
            80.1975305,
            12.9246996
          ],
          [
            80.1975239,
            12.9240486
          ],
          [
            80.1975276,
            12.9237476
          ],
          [
            80.197513,
            12.9233034
          ],
          [
            80.1974347,
            12.9227996
          ],
          [
            80.197348,
            12.9221767
          ],
          [
            80.197303,
            12.9220068
          ],
          [
            80.1972197,
            12.921738
          ],
          [
            80.1969636,
            12.9210413
          ],
          [
            80.1968873,
            12.9208469
          ]
        ]
      },
      "properties": {
        "id": "osm-way-179259795",
        "kind": "route",
        "name": "Velachery Mudhanmai Salai",
        "description": "OpenStreetMap primary road segment",
        "class": "primary",
        "osm_type": "way",
        "osm_id": "179259795",
        "highway": "primary",
        "bridge": null,
        "tunnel": null,
        "layer": null,
        "surface": "asphalt",
        "source": "OpenStreetMap",
        "source_url": "https://www.openstreetmap.org/way/179259795",
        "attribution": "© OpenStreetMap contributors",
        "licence": "Open Data Commons Open Database License (ODbL) 1.0",
        "is_simulated": false
      }
    },
    {
      "type": "Feature",
      "id": "osm-way-179259799",
      "geometry": {
        "type": "LineString",
        "coordinates": [
          [
            80.196799,
            12.9209727
          ],
          [
            80.1968464,
            12.9210947
          ],
          [
            80.196887,
            12.9212048
          ],
          [
            80.1970751,
            12.9217348
          ],
          [
            80.19709,
            12.9217768
          ],
          [
            80.197156,
            12.9220179
          ],
          [
            80.1972218,
            12.9222138
          ],
          [
            80.1972581,
            12.9223797
          ],
          [
            80.1973076,
            12.9226685
          ],
          [
            80.1973234,
            12.922788
          ],
          [
            80.19734,
            12.9228858
          ],
          [
            80.1973615,
            12.9231217
          ],
          [
            80.1973907,
            12.9233266
          ],
          [
            80.1974207,
            12.9237979
          ],
          [
            80.1974451,
            12.9247314
          ],
          [
            80.1974549,
            12.9251058
          ],
          [
            80.1974638,
            12.9254207
          ],
          [
            80.1974678,
            12.9255984
          ],
          [
            80.1974686,
            12.9256296
          ],
          [
            80.197477,
            12.9259488
          ],
          [
            80.1974863,
            12.9260488
          ],
          [
            80.1974919,
            12.9261096
          ],
          [
            80.1975038,
            12.9262372
          ],
          [
            80.1975344,
            12.9263509
          ],
          [
            80.1976103,
            12.9266334
          ],
          [
            80.1977119,
            12.9268683
          ],
          [
            80.1977139,
            12.9268729
          ],
          [
            80.1977342,
            12.9269199
          ],
          [
            80.1978303,
            12.9270844
          ],
          [
            80.1978533,
            12.9271238
          ],
          [
            80.1980628,
            12.9274421
          ],
          [
            80.1982492,
            12.927661
          ],
          [
            80.1983042,
            12.9277089
          ],
          [
            80.1983929,
            12.9277899
          ],
          [
            80.1987174,
            12.9279807
          ],
          [
            80.1992284,
            12.9281977
          ],
          [
            80.199338,
            12.9282434
          ],
          [
            80.1996568,
            12.9283765
          ],
          [
            80.2000383,
            12.9284751
          ],
          [
            80.2012306,
            12.928595
          ],
          [
            80.2017188,
            12.9286264
          ],
          [
            80.201865,
            12.9286353
          ],
          [
            80.2018905,
            12.9286369
          ],
          [
            80.2021614,
            12.9286526
          ],
          [
            80.202333,
            12.9286761
          ],
          [
            80.2024484,
            12.9287284
          ],
          [
            80.2025181,
            12.9287807
          ],
          [
            80.2025557,
            12.9288643
          ],
          [
            80.2025986,
            12.9290185
          ],
          [
            80.2027354,
            12.9300695
          ],
          [
            80.2028051,
            12.9304198
          ],
          [
            80.2028587,
            12.9306969
          ],
          [
            80.2029151,
            12.9309557
          ],
          [
            80.2030317,
            12.9312702
          ],
          [
            80.2031595,
            12.9316149
          ],
          [
            80.2032392,
            12.9318444
          ],
          [
            80.203369,
            12.9322186
          ],
          [
            80.2034231,
            12.9323817
          ],
          [
            80.2035075,
            12.932636
          ],
          [
            80.2035159,
            12.9326612
          ],
          [
            80.2036641,
            12.933128
          ],
          [
            80.2037662,
            12.9334061
          ],
          [
            80.2037908,
            12.9334911
          ],
          [
            80.2038226,
            12.9336154
          ],
          [
            80.2038352,
            12.9336841
          ],
          [
            80.2038601,
            12.9339202
          ],
          [
            80.2038908,
            12.9343485
          ],
          [
            80.2039301,
            12.9347738
          ],
          [
            80.203966,
            12.9349316
          ],
          [
            80.2040015,
            12.9350611
          ],
          [
            80.2040338,
            12.9351551
          ],
          [
            80.2040773,
            12.935241
          ],
          [
            80.2043316,
            12.9357917
          ],
          [
            80.2043685,
            12.9358929
          ],
          [
            80.2044341,
            12.9361198
          ],
          [
            80.204754,
            12.9371616
          ],
          [
            80.2047687,
            12.9372194
          ],
          [
            80.2050023,
            12.9380914
          ],
          [
            80.2050821,
            12.9383895
          ],
          [
            80.2054382,
            12.9395836
          ],
          [
            80.2055521,
            12.9399973
          ],
          [
            80.2055692,
            12.9400505
          ],
          [
            80.2055864,
            12.9401019
          ],
          [
            80.2056812,
            12.9404262
          ],
          [
            80.2057745,
            12.940721
          ],
          [
            80.2058594,
            12.9409608
          ],
          [
            80.2059708,
            12.9412149
          ],
          [
            80.206163,
            12.9415461
          ],
          [
            80.206254,
            12.9416721
          ],
          [
            80.2063839,
            12.9418588
          ]
        ]
      },
      "properties": {
        "id": "osm-way-179259799",
        "kind": "route",
        "name": "Velachery Mudhanmai Salai",
        "description": "OpenStreetMap primary road segment",
        "class": "primary",
        "osm_type": "way",
        "osm_id": "179259799",
        "highway": "primary",
        "bridge": null,
        "tunnel": null,
        "layer": null,
        "surface": "asphalt",
        "source": "OpenStreetMap",
        "source_url": "https://www.openstreetmap.org/way/179259799",
        "attribution": "© OpenStreetMap contributors",
        "licence": "Open Data Commons Open Database License (ODbL) 1.0",
        "is_simulated": false
      }
    },
    {
      "type": "Feature",
      "id": "osm-way-183386138",
      "geometry": {
        "type": "LineString",
        "coordinates": [
          [
            80.1522439,
            12.9228468
          ],
          [
            80.1529112,
            12.9230188
          ],
          [
            80.1531445,
            12.9230789
          ],
          [
            80.1535227,
            12.9231756
          ],
          [
            80.1545734,
            12.9234344
          ],
          [
            80.1549907,
            12.9235378
          ],
          [
            80.1553649,
            12.9236175
          ],
          [
            80.1559469,
            12.9237561
          ],
          [
            80.1560716,
            12.9237692
          ],
          [
            80.1570054,
            12.9236826
          ],
          [
            80.158149,
            12.9235784
          ],
          [
            80.1581948,
            12.9235742
          ],
          [
            80.1588325,
            12.9235158
          ],
          [
            80.1589683,
            12.9235136
          ],
          [
            80.1591155,
            12.9235089
          ],
          [
            80.1591914,
            12.9235086
          ],
          [
            80.1593117,
            12.9235081
          ],
          [
            80.1594024,
            12.9235001
          ],
          [
            80.1594472,
            12.9234962
          ],
          [
            80.1595964,
            12.9234831
          ],
          [
            80.159666,
            12.923477
          ],
          [
            80.1599139,
            12.9234607
          ],
          [
            80.1600141,
            12.9234465
          ],
          [
            80.1601338,
            12.9234202
          ],
          [
            80.1605205,
            12.9232894
          ],
          [
            80.1611535,
            12.9230948
          ],
          [
            80.1611906,
            12.9230834
          ],
          [
            80.1626705,
            12.9226226
          ],
          [
            80.1630051,
            12.9225159
          ],
          [
            80.1632697,
            12.9224315
          ],
          [
            80.1636622,
            12.9223063
          ],
          [
            80.1640622,
            12.9221673
          ],
          [
            80.1642883,
            12.9220903
          ],
          [
            80.1645623,
            12.9220015
          ],
          [
            80.1650749,
            12.9218353
          ],
          [
            80.1652814,
            12.9217684
          ],
          [
            80.1653577,
            12.9217445
          ],
          [
            80.1656673,
            12.9216478
          ],
          [
            80.1670441,
            12.9212174
          ],
          [
            80.1679029,
            12.9209499
          ],
          [
            80.1679701,
            12.920928
          ],
          [
            80.1695246,
            12.9204203
          ],
          [
            80.1709299,
            12.9199655
          ],
          [
            80.1714412,
            12.9198
          ],
          [
            80.1724318,
            12.9195366
          ],
          [
            80.1740506,
            12.9191003
          ],
          [
            80.1754493,
            12.9187759
          ],
          [
            80.175755,
            12.9187053
          ],
          [
            80.1759669,
            12.918636
          ],
          [
            80.1761493,
            12.9185863
          ],
          [
            80.1763049,
            12.9185536
          ],
          [
            80.1766026,
            12.9184844
          ],
          [
            80.176761,
            12.9184602
          ],
          [
            80.1770639,
            12.9184138
          ],
          [
            80.1771364,
            12.9184007
          ],
          [
            80.1772155,
            12.9183837
          ],
          [
            80.1776755,
            12.9183157
          ],
          [
            80.1777881,
            12.9182974
          ],
          [
            80.177878,
            12.9182974
          ],
          [
            80.1779772,
            12.9183223
          ],
          [
            80.1781301,
            12.9183981
          ],
          [
            80.1782736,
            12.9184804
          ],
          [
            80.1788987,
            12.9189317
          ],
          [
            80.1792862,
            12.9191727
          ]
        ]
      },
      "properties": {
        "id": "osm-way-183386138",
        "kind": "route",
        "name": "Velachery Mudhanmai Salai",
        "description": "OpenStreetMap primary road segment",
        "class": "primary",
        "osm_type": "way",
        "osm_id": "183386138",
        "highway": "primary",
        "bridge": null,
        "tunnel": null,
        "layer": null,
        "surface": "asphalt",
        "source": "OpenStreetMap",
        "source_url": "https://www.openstreetmap.org/way/183386138",
        "attribution": "© OpenStreetMap contributors",
        "licence": "Open Data Commons Open Database License (ODbL) 1.0",
        "is_simulated": false
      }
    },
    {
      "type": "Feature",
      "id": "osm-way-183979519",
      "geometry": {
        "type": "LineString",
        "coordinates": [
          [
            80.2428276,
            12.9549082
          ],
          [
            80.2430609,
            12.9555488
          ],
          [
            80.2430764,
            12.9555799
          ],
          [
            80.2430871,
            12.9556013
          ],
          [
            80.243094,
            12.9556198
          ],
          [
            80.243372,
            12.9563625
          ],
          [
            80.2434461,
            12.9565447
          ]
        ]
      },
      "properties": {
        "id": "osm-way-183979519",
        "kind": "route",
        "name": "Rajiv Gandhi Salai",
        "description": "OpenStreetMap primary road segment",
        "class": "primary",
        "osm_type": "way",
        "osm_id": "183979519",
        "highway": "primary",
        "bridge": null,
        "tunnel": null,
        "layer": null,
        "surface": null,
        "source": "OpenStreetMap",
        "source_url": "https://www.openstreetmap.org/way/183979519",
        "attribution": "© OpenStreetMap contributors",
        "licence": "Open Data Commons Open Database License (ODbL) 1.0",
        "is_simulated": false
      }
    },
    {
      "type": "Feature",
      "id": "osm-way-184110366",
      "geometry": {
        "type": "LineString",
        "coordinates": [
          [
            80.2307923,
            12.9243266
          ],
          [
            80.2306728,
            12.9234084
          ]
        ]
      },
      "properties": {
        "id": "osm-way-184110366",
        "kind": "route",
        "name": "Rajiv Gandhi Salai",
        "description": "OpenStreetMap primary road segment",
        "class": "primary",
        "osm_type": "way",
        "osm_id": "184110366",
        "highway": "primary",
        "bridge": "yes",
        "tunnel": null,
        "layer": "1",
        "surface": null,
        "source": "OpenStreetMap",
        "source_url": "https://www.openstreetmap.org/way/184110366",
        "attribution": "© OpenStreetMap contributors",
        "licence": "Open Data Commons Open Database License (ODbL) 1.0",
        "is_simulated": false
      }
    },
    {
      "type": "Feature",
      "id": "osm-way-184110807",
      "geometry": {
        "type": "LineString",
        "coordinates": [
          [
            80.2376395,
            12.9438098
          ],
          [
            80.2373735,
            12.9435399
          ],
          [
            80.2373035,
            12.9434753
          ],
          [
            80.2372821,
            12.9434548
          ],
          [
            80.2371344,
            12.9432961
          ],
          [
            80.2370551,
            12.9432136
          ],
          [
            80.2369405,
            12.9430823
          ],
          [
            80.2368744,
            12.942988
          ],
          [
            80.236818,
            12.9429181
          ],
          [
            80.236732,
            12.942795
          ],
          [
            80.2365806,
            12.9424749
          ],
          [
            80.2364993,
            12.9422303
          ],
          [
            80.2364417,
            12.9419871
          ],
          [
            80.2364168,
            12.941845
          ],
          [
            80.2363559,
            12.9416368
          ],
          [
            80.2363314,
            12.9415274
          ],
          [
            80.2362671,
            12.9413044
          ],
          [
            80.2362359,
            12.9411933
          ],
          [
            80.2361208,
            12.9407339
          ],
          [
            80.2359598,
            12.9401507
          ],
          [
            80.2356758,
            12.9394938
          ],
          [
            80.2354905,
            12.9390987
          ],
          [
            80.2353097,
            12.9387266
          ],
          [
            80.2348887,
            12.9378814
          ],
          [
            80.2347193,
            12.9375408
          ],
          [
            80.234455,
            12.9369994
          ],
          [
            80.2342023,
            12.9364816
          ],
          [
            80.2339585,
            12.935971
          ],
          [
            80.2338629,
            12.9357689
          ],
          [
            80.2337722,
            12.9355775
          ],
          [
            80.2331331,
            12.9342106
          ],
          [
            80.2329518,
            12.9338444
          ],
          [
            80.2328964,
            12.9336989
          ],
          [
            80.232513,
            12.9327518
          ],
          [
            80.2323845,
            12.9324092
          ],
          [
            80.2322533,
            12.9320775
          ],
          [
            80.2321703,
            12.93181
          ],
          [
            80.2320224,
            12.9313662
          ],
          [
            80.2317864,
            12.9305425
          ],
          [
            80.2316469,
            12.9300525
          ],
          [
            80.2316384,
            12.9300198
          ],
          [
            80.2315759,
            12.9297803
          ],
          [
            80.231533,
            12.9295697
          ],
          [
            80.2314976,
            12.9294407
          ],
          [
            80.2314376,
            12.9292226
          ],
          [
            80.2313918,
            12.928989
          ],
          [
            80.2313791,
            12.928909
          ],
          [
            80.2312988,
            12.928273
          ],
          [
            80.2312448,
            12.9278072
          ],
          [
            80.2312294,
            12.9276597
          ],
          [
            80.2310675,
            12.9265679
          ],
          [
            80.231035,
            12.9263437
          ],
          [
            80.2308832,
            12.9250833
          ],
          [
            80.2308151,
            12.9245176
          ],
          [
            80.2307923,
            12.9243266
          ]
        ]
      },
      "properties": {
        "id": "osm-way-184110807",
        "kind": "route",
        "name": "Rajiv Gandhi Salai",
        "description": "OpenStreetMap primary road segment",
        "class": "primary",
        "osm_type": "way",
        "osm_id": "184110807",
        "highway": "primary",
        "bridge": null,
        "tunnel": null,
        "layer": null,
        "surface": null,
        "source": "OpenStreetMap",
        "source_url": "https://www.openstreetmap.org/way/184110807",
        "attribution": "© OpenStreetMap contributors",
        "licence": "Open Data Commons Open Database License (ODbL) 1.0",
        "is_simulated": false
      }
    },
    {
      "type": "Feature",
      "id": "osm-way-184110853",
      "geometry": {
        "type": "LineString",
        "coordinates": [
          [
            80.243553,
            12.9562914
          ],
          [
            80.2432235,
            12.9555709
          ],
          [
            80.2432053,
            12.9555311
          ],
          [
            80.2431497,
            12.9553991
          ],
          [
            80.242998,
            12.9550389
          ],
          [
            80.2429785,
            12.9549935
          ],
          [
            80.24296,
            12.9549503
          ],
          [
            80.2428995,
            12.9548092
          ],
          [
            80.2428613,
            12.9547199
          ],
          [
            80.2427885,
            12.9545498
          ],
          [
            80.2427865,
            12.9545451
          ],
          [
            80.2427405,
            12.9544377
          ],
          [
            80.2425278,
            12.953924
          ],
          [
            80.2422362,
            12.9532196
          ],
          [
            80.2420507,
            12.9527189
          ],
          [
            80.2419892,
            12.9525529
          ],
          [
            80.2416786,
            12.9517144
          ],
          [
            80.2416182,
            12.9515257
          ]
        ]
      },
      "properties": {
        "id": "osm-way-184110853",
        "kind": "route",
        "name": "Rajiv Gandhi Salai",
        "description": "OpenStreetMap primary road segment",
        "class": "primary",
        "osm_type": "way",
        "osm_id": "184110853",
        "highway": "primary",
        "bridge": null,
        "tunnel": null,
        "layer": null,
        "surface": null,
        "source": "OpenStreetMap",
        "source_url": "https://www.openstreetmap.org/way/184110853",
        "attribution": "© OpenStreetMap contributors",
        "licence": "Open Data Commons Open Database License (ODbL) 1.0",
        "is_simulated": false
      }
    },
    {
      "type": "Feature",
      "id": "osm-way-186477184",
      "geometry": {
        "type": "LineString",
        "coordinates": [
          [
            80.2350579,
            13.0078132
          ],
          [
            80.2286761,
            13.0090654
          ],
          [
            80.228425,
            13.009127
          ],
          [
            80.2283395,
            13.0091482
          ]
        ]
      },
      "properties": {
        "id": "osm-way-186477184",
        "kind": "route",
        "name": "Sardar Patel Road",
        "description": "OpenStreetMap primary road segment",
        "class": "primary",
        "osm_type": "way",
        "osm_id": "186477184",
        "highway": "primary",
        "bridge": null,
        "tunnel": null,
        "layer": null,
        "surface": "asphalt",
        "source": "OpenStreetMap",
        "source_url": "https://www.openstreetmap.org/way/186477184",
        "attribution": "© OpenStreetMap contributors",
        "licence": "Open Data Commons Open Database License (ODbL) 1.0",
        "is_simulated": false
      }
    },
    {
      "type": "Feature",
      "id": "osm-way-203214151",
      "geometry": {
        "type": "LineString",
        "coordinates": [
          [
            80.2181963,
            12.9874685
          ],
          [
            80.2182739,
            12.9878446
          ],
          [
            80.2183668,
            12.9882927
          ],
          [
            80.21844,
            12.9885708
          ],
          [
            80.2184557,
            12.9886446
          ],
          [
            80.2185157,
            12.9888501
          ],
          [
            80.2185287,
            12.9888945
          ],
          [
            80.2185873,
            12.9890953
          ],
          [
            80.2187643,
            12.9895845
          ],
          [
            80.2189513,
            12.9900955
          ],
          [
            80.2191244,
            12.990597
          ],
          [
            80.219285,
            12.9910672
          ],
          [
            80.2193951,
            12.991406
          ]
        ]
      },
      "properties": {
        "id": "osm-way-203214151",
        "kind": "route",
        "name": "Velachery Bypass Road",
        "description": "OpenStreetMap primary road segment",
        "class": "primary",
        "osm_type": "way",
        "osm_id": "203214151",
        "highway": "primary",
        "bridge": null,
        "tunnel": null,
        "layer": null,
        "surface": "asphalt",
        "source": "OpenStreetMap",
        "source_url": "https://www.openstreetmap.org/way/203214151",
        "attribution": "© OpenStreetMap contributors",
        "licence": "Open Data Commons Open Database License (ODbL) 1.0",
        "is_simulated": false
      }
    },
    {
      "type": "Feature",
      "id": "osm-way-204209805",
      "geometry": {
        "type": "LineString",
        "coordinates": [
          [
            80.2093905,
            13.0080754
          ],
          [
            80.2087018,
            13.0079581
          ],
          [
            80.2083788,
            13.0079103
          ],
          [
            80.2079749,
            13.0078499
          ],
          [
            80.2079139,
            13.0078415
          ],
          [
            80.2070545,
            13.0077142
          ]
        ]
      },
      "properties": {
        "id": "osm-way-204209805",
        "kind": "route",
        "name": "Anna Salai (Mount Road)",
        "description": "OpenStreetMap primary road segment",
        "class": "primary",
        "osm_type": "way",
        "osm_id": "204209805",
        "highway": "primary",
        "bridge": null,
        "tunnel": null,
        "layer": null,
        "surface": null,
        "source": "OpenStreetMap",
        "source_url": "https://www.openstreetmap.org/way/204209805",
        "attribution": "© OpenStreetMap contributors",
        "licence": "Open Data Commons Open Database License (ODbL) 1.0",
        "is_simulated": false
      }
    },
    {
      "type": "Feature",
      "id": "osm-way-204242709",
      "geometry": {
        "type": "LineString",
        "coordinates": [
          [
            80.2195415,
            12.9916407
          ],
          [
            80.2195803,
            12.9915827
          ]
        ]
      },
      "properties": {
        "id": "osm-way-204242709",
        "kind": "route",
        "name": "Velachery Main Road",
        "description": "OpenStreetMap secondary road segment",
        "class": "secondary",
        "osm_type": "way",
        "osm_id": "204242709",
        "highway": "secondary",
        "bridge": null,
        "tunnel": null,
        "layer": null,
        "surface": "paved",
        "source": "OpenStreetMap",
        "source_url": "https://www.openstreetmap.org/way/204242709",
        "attribution": "© OpenStreetMap contributors",
        "licence": "Open Data Commons Open Database License (ODbL) 1.0",
        "is_simulated": false
      }
    },
    {
      "type": "Feature",
      "id": "osm-way-204242711",
      "geometry": {
        "type": "LineString",
        "coordinates": [
          [
            80.2200604,
            12.9908509
          ],
          [
            80.2199724,
            12.990958
          ],
          [
            80.2199522,
            12.9909826
          ],
          [
            80.219817,
            12.9911401
          ],
          [
            80.2196439,
            12.9913628
          ],
          [
            80.2195754,
            12.9914347
          ]
        ]
      },
      "properties": {
        "id": "osm-way-204242711",
        "kind": "route",
        "name": "Velachery Main Road",
        "description": "OpenStreetMap secondary road segment",
        "class": "secondary",
        "osm_type": "way",
        "osm_id": "204242711",
        "highway": "secondary",
        "bridge": null,
        "tunnel": null,
        "layer": null,
        "surface": "asphalt",
        "source": "OpenStreetMap",
        "source_url": "https://www.openstreetmap.org/way/204242711",
        "attribution": "© OpenStreetMap contributors",
        "licence": "Open Data Commons Open Database License (ODbL) 1.0",
        "is_simulated": false
      }
    },
    {
      "type": "Feature",
      "id": "osm-way-205773150",
      "geometry": {
        "type": "LineString",
        "coordinates": [
          [
            80.2171837,
            12.9948066
          ],
          [
            80.2170866,
            12.9949281
          ],
          [
            80.216889,
            12.9952305
          ],
          [
            80.216772,
            12.9954753
          ],
          [
            80.2166763,
            12.9957898
          ],
          [
            80.216596,
            12.9961312
          ],
          [
            80.2165551,
            12.996395
          ],
          [
            80.2165233,
            12.9967108
          ],
          [
            80.2164954,
            12.9969698
          ],
          [
            80.216481,
            12.9971957
          ]
        ]
      },
      "properties": {
        "id": "osm-way-205773150",
        "kind": "route",
        "name": "Velachery Main Road",
        "description": "OpenStreetMap secondary road segment",
        "class": "secondary",
        "osm_type": "way",
        "osm_id": "205773150",
        "highway": "secondary",
        "bridge": null,
        "tunnel": null,
        "layer": null,
        "surface": "asphalt",
        "source": "OpenStreetMap",
        "source_url": "https://www.openstreetmap.org/way/205773150",
        "attribution": "© OpenStreetMap contributors",
        "licence": "Open Data Commons Open Database License (ODbL) 1.0",
        "is_simulated": false
      }
    },
    {
      "type": "Feature",
      "id": "osm-way-205773352",
      "geometry": {
        "type": "LineString",
        "coordinates": [
          [
            80.2195142,
            12.9915156
          ],
          [
            80.2194729,
            12.9915806
          ]
        ]
      },
      "properties": {
        "id": "osm-way-205773352",
        "kind": "route",
        "name": "Velachery Main Road",
        "description": "OpenStreetMap secondary road segment",
        "class": "secondary",
        "osm_type": "way",
        "osm_id": "205773352",
        "highway": "secondary",
        "bridge": null,
        "tunnel": null,
        "layer": null,
        "surface": "paved",
        "source": "OpenStreetMap",
        "source_url": "https://www.openstreetmap.org/way/205773352",
        "attribution": "© OpenStreetMap contributors",
        "licence": "Open Data Commons Open Database License (ODbL) 1.0",
        "is_simulated": false
      }
    },
    {
      "type": "Feature",
      "id": "osm-way-205781317",
      "geometry": {
        "type": "LineString",
        "coordinates": [
          [
            80.216481,
            12.9971957
          ],
          [
            80.2164696,
            12.9972779
          ],
          [
            80.2164502,
            12.9974127
          ],
          [
            80.2164543,
            12.9975628
          ],
          [
            80.2164842,
            12.997884
          ],
          [
            80.2166055,
            12.9983616
          ],
          [
            80.2168763,
            12.9989999
          ],
          [
            80.2171846,
            12.9994867
          ],
          [
            80.2172803,
            12.9996379
          ],
          [
            80.2177247,
            13.0003399
          ],
          [
            80.2181298,
            13.0010053
          ],
          [
            80.2185305,
            13.0015861
          ],
          [
            80.2187738,
            13.0018314
          ],
          [
            80.2191719,
            13.002203
          ],
          [
            80.2195235,
            13.0025487
          ],
          [
            80.2196333,
            13.0027205
          ],
          [
            80.219754,
            13.0029505
          ],
          [
            80.2198614,
            13.0032469
          ],
          [
            80.2202225,
            13.0048514
          ],
          [
            80.2203412,
            13.0053644
          ],
          [
            80.2206349,
            13.0067055
          ],
          [
            80.2207179,
            13.0068794
          ],
          [
            80.2209244,
            13.0072994
          ],
          [
            80.2216254,
            13.0085847
          ],
          [
            80.221904,
            13.0091239
          ],
          [
            80.2219427,
            13.0091952
          ],
          [
            80.2219935,
            13.0092835
          ],
          [
            80.2220619,
            13.0094026
          ],
          [
            80.2221748,
            13.0095903
          ],
          [
            80.2223523,
            13.0098728
          ],
          [
            80.2229968,
            13.0110585
          ],
          [
            80.2230702,
            13.0112009
          ]
        ]
      },
      "properties": {
        "id": "osm-way-205781317",
        "kind": "route",
        "name": "Velachery Main Road",
        "description": "OpenStreetMap secondary road segment",
        "class": "secondary",
        "osm_type": "way",
        "osm_id": "205781317",
        "highway": "secondary",
        "bridge": null,
        "tunnel": null,
        "layer": null,
        "surface": "asphalt",
        "source": "OpenStreetMap",
        "source_url": "https://www.openstreetmap.org/way/205781317",
        "attribution": "© OpenStreetMap contributors",
        "licence": "Open Data Commons Open Database License (ODbL) 1.0",
        "is_simulated": false
      }
    },
    {
      "type": "Feature",
      "id": "osm-way-205781579",
      "geometry": {
        "type": "LineString",
        "coordinates": [
          [
            80.2177732,
            12.9939784
          ],
          [
            80.2177442,
            12.9940178
          ],
          [
            80.2171837,
            12.9948066
          ]
        ]
      },
      "properties": {
        "id": "osm-way-205781579",
        "kind": "route",
        "name": "Velachery Main Road",
        "description": "OpenStreetMap secondary road segment",
        "class": "secondary",
        "osm_type": "way",
        "osm_id": "205781579",
        "highway": "secondary",
        "bridge": null,
        "tunnel": null,
        "layer": null,
        "surface": "asphalt",
        "source": "OpenStreetMap",
        "source_url": "https://www.openstreetmap.org/way/205781579",
        "attribution": "© OpenStreetMap contributors",
        "licence": "Open Data Commons Open Database License (ODbL) 1.0",
        "is_simulated": false
      }
    },
    {
      "type": "Feature",
      "id": "osm-way-209549882",
      "geometry": {
        "type": "LineString",
        "coordinates": [
          [
            80.2192164,
            12.971874
          ],
          [
            80.2193013,
            12.9721056
          ],
          [
            80.2193384,
            12.9722123
          ],
          [
            80.2193657,
            12.9722934
          ],
          [
            80.219444,
            12.9725328
          ],
          [
            80.2195567,
            12.9728334
          ],
          [
            80.2196208,
            12.9730441
          ],
          [
            80.2196895,
            12.9732392
          ],
          [
            80.2197715,
            12.9734225
          ],
          [
            80.2198489,
            12.9736112
          ],
          [
            80.2199475,
            12.9738151
          ],
          [
            80.2203135,
            12.9746827
          ],
          [
            80.2203873,
            12.9748524
          ],
          [
            80.2204485,
            12.9749841
          ],
          [
            80.2204894,
            12.97508
          ],
          [
            80.2205268,
            12.9751575
          ],
          [
            80.2205615,
            12.9752275
          ],
          [
            80.2206741,
            12.9754256
          ],
          [
            80.2207189,
            12.9754853
          ],
          [
            80.2207817,
            12.9755689
          ]
        ]
      },
      "properties": {
        "id": "osm-way-209549882",
        "kind": "route",
        "name": "Velachery Main Road",
        "description": "OpenStreetMap primary road segment",
        "class": "primary",
        "osm_type": "way",
        "osm_id": "209549882",
        "highway": "primary",
        "bridge": null,
        "tunnel": null,
        "layer": null,
        "surface": "asphalt",
        "source": "OpenStreetMap",
        "source_url": "https://www.openstreetmap.org/way/209549882",
        "attribution": "© OpenStreetMap contributors",
        "licence": "Open Data Commons Open Database License (ODbL) 1.0",
        "is_simulated": false
      }
    },
    {
      "type": "Feature",
      "id": "osm-way-214413795",
      "geometry": {
        "type": "LineString",
        "coordinates": [
          [
            80.2250894,
            13.0155164
          ],
          [
            80.2251127,
            13.0155405
          ],
          [
            80.2252647,
            13.0156971
          ],
          [
            80.2253225,
            13.0159173
          ],
          [
            80.2253448,
            13.0160829
          ],
          [
            80.2252306,
            13.0167311
          ]
        ]
      },
      "properties": {
        "id": "osm-way-214413795",
        "kind": "route",
        "name": "Anna Salai (Mount Road)",
        "description": "OpenStreetMap primary road segment",
        "class": "primary",
        "osm_type": "way",
        "osm_id": "214413795",
        "highway": "primary",
        "bridge": null,
        "tunnel": null,
        "layer": null,
        "surface": null,
        "source": "OpenStreetMap",
        "source_url": "https://www.openstreetmap.org/way/214413795",
        "attribution": "© OpenStreetMap contributors",
        "licence": "Open Data Commons Open Database License (ODbL) 1.0",
        "is_simulated": false
      }
    },
    {
      "type": "Feature",
      "id": "osm-way-214413798",
      "geometry": {
        "type": "LineString",
        "coordinates": [
          [
            80.2116525,
            13.0090089
          ],
          [
            80.2119419,
            13.0091091
          ],
          [
            80.2120715,
            13.0091513
          ],
          [
            80.2132444,
            13.009582
          ],
          [
            80.214487,
            13.010098
          ],
          [
            80.2147387,
            13.0101593
          ]
        ]
      },
      "properties": {
        "id": "osm-way-214413798",
        "kind": "route",
        "name": "Anna Salai (Mount Road)",
        "description": "OpenStreetMap primary road segment",
        "class": "primary",
        "osm_type": "way",
        "osm_id": "214413798",
        "highway": "primary",
        "bridge": null,
        "tunnel": null,
        "layer": null,
        "surface": "asphalt",
        "source": "OpenStreetMap",
        "source_url": "https://www.openstreetmap.org/way/214413798",
        "attribution": "© OpenStreetMap contributors",
        "licence": "Open Data Commons Open Database License (ODbL) 1.0",
        "is_simulated": false
      }
    },
    {
      "type": "Feature",
      "id": "osm-way-214413833",
      "geometry": {
        "type": "LineString",
        "coordinates": [
          [
            80.2472648,
            13.0067702
          ],
          [
            80.2473989,
            13.0067719
          ],
          [
            80.2476214,
            13.0067745
          ]
        ]
      },
      "properties": {
        "id": "osm-way-214413833",
        "kind": "route",
        "name": "Sardar Patel Road",
        "description": "OpenStreetMap primary road segment",
        "class": "primary",
        "osm_type": "way",
        "osm_id": "214413833",
        "highway": "primary",
        "bridge": null,
        "tunnel": null,
        "layer": null,
        "surface": "asphalt",
        "source": "OpenStreetMap",
        "source_url": "https://www.openstreetmap.org/way/214413833",
        "attribution": "© OpenStreetMap contributors",
        "licence": "Open Data Commons Open Database License (ODbL) 1.0",
        "is_simulated": false
      }
    },
    {
      "type": "Feature",
      "id": "osm-way-214413846",
      "geometry": {
        "type": "LineString",
        "coordinates": [
          [
            80.2120523,
            13.0340394
          ],
          [
            80.2120349,
            13.0338995
          ],
          [
            80.2119619,
            13.0335072
          ],
          [
            80.211898,
            13.0331227
          ],
          [
            80.2119391,
            13.0330108
          ],
          [
            80.2119074,
            13.0326886
          ],
          [
            80.2118246,
            13.0321295
          ],
          [
            80.2117894,
            13.0320337
          ]
        ]
      },
      "properties": {
        "id": "osm-way-214413846",
        "kind": "route",
        "name": "Inner Ring Road",
        "description": "OpenStreetMap primary road segment",
        "class": "primary",
        "osm_type": "way",
        "osm_id": "214413846",
        "highway": "primary",
        "bridge": null,
        "tunnel": null,
        "layer": null,
        "surface": "asphalt",
        "source": "OpenStreetMap",
        "source_url": "https://www.openstreetmap.org/way/214413846",
        "attribution": "© OpenStreetMap contributors",
        "licence": "Open Data Commons Open Database License (ODbL) 1.0",
        "is_simulated": false
      }
    },
    {
      "type": "Feature",
      "id": "osm-way-240320629",
      "geometry": {
        "type": "LineString",
        "coordinates": [
          [
            80.2283395,
            13.0091482
          ],
          [
            80.2282417,
            13.0091714
          ],
          [
            80.2279009,
            13.0092888
          ],
          [
            80.2259261,
            13.0102558
          ],
          [
            80.2258148,
            13.0103276
          ]
        ]
      },
      "properties": {
        "id": "osm-way-240320629",
        "kind": "route",
        "name": "Sardar Patel Road",
        "description": "OpenStreetMap primary road segment",
        "class": "primary",
        "osm_type": "way",
        "osm_id": "240320629",
        "highway": "primary",
        "bridge": null,
        "tunnel": null,
        "layer": null,
        "surface": "asphalt",
        "source": "OpenStreetMap",
        "source_url": "https://www.openstreetmap.org/way/240320629",
        "attribution": "© OpenStreetMap contributors",
        "licence": "Open Data Commons Open Database License (ODbL) 1.0",
        "is_simulated": false
      }
    },
    {
      "type": "Feature",
      "id": "osm-way-244466151",
      "geometry": {
        "type": "LineString",
        "coordinates": [
          [
            80.2160258,
            12.9634844
          ],
          [
            80.2159813,
            12.9634008
          ],
          [
            80.2144566,
            12.9594931
          ],
          [
            80.2143744,
            12.9592931
          ],
          [
            80.2141482,
            12.958743
          ],
          [
            80.2138236,
            12.9579196
          ],
          [
            80.2137461,
            12.9577215
          ],
          [
            80.2134352,
            12.9569703
          ],
          [
            80.2134035,
            12.9568981
          ],
          [
            80.2132359,
            12.9564855
          ],
          [
            80.2129928,
            12.9558862
          ],
          [
            80.2128748,
            12.9555916
          ],
          [
            80.2127938,
            12.9553851
          ],
          [
            80.2125134,
            12.9546534
          ],
          [
            80.2122384,
            12.9539255
          ],
          [
            80.2120008,
            12.9532999
          ],
          [
            80.2116435,
            12.9523728
          ],
          [
            80.2115986,
            12.9522568
          ],
          [
            80.2111883,
            12.9511973
          ]
        ]
      },
      "properties": {
        "id": "osm-way-244466151",
        "kind": "route",
        "name": "Velachery Main Road",
        "description": "OpenStreetMap primary road segment",
        "class": "primary",
        "osm_type": "way",
        "osm_id": "244466151",
        "highway": "primary",
        "bridge": null,
        "tunnel": null,
        "layer": null,
        "surface": "asphalt",
        "source": "OpenStreetMap",
        "source_url": "https://www.openstreetmap.org/way/244466151",
        "attribution": "© OpenStreetMap contributors",
        "licence": "Open Data Commons Open Database License (ODbL) 1.0",
        "is_simulated": false
      }
    },
    {
      "type": "Feature",
      "id": "osm-way-319828651",
      "geometry": {
        "type": "LineString",
        "coordinates": [
          [
            80.2401866,
            13.0067862
          ],
          [
            80.2399309,
            13.0068457
          ],
          [
            80.2396909,
            13.0069
          ],
          [
            80.2392598,
            13.0069681
          ],
          [
            80.2384196,
            13.0071418
          ],
          [
            80.2379909,
            13.0072353
          ],
          [
            80.2376039,
            13.0073184
          ],
          [
            80.2373079,
            13.0073755
          ],
          [
            80.2370945,
            13.0074218
          ],
          [
            80.2368543,
            13.0074713
          ]
        ]
      },
      "properties": {
        "id": "osm-way-319828651",
        "kind": "route",
        "name": "Sardar Patel Road",
        "description": "OpenStreetMap primary road segment",
        "class": "primary",
        "osm_type": "way",
        "osm_id": "319828651",
        "highway": "primary",
        "bridge": null,
        "tunnel": null,
        "layer": null,
        "surface": "asphalt",
        "source": "OpenStreetMap",
        "source_url": "https://www.openstreetmap.org/way/319828651",
        "attribution": "© OpenStreetMap contributors",
        "licence": "Open Data Commons Open Database License (ODbL) 1.0",
        "is_simulated": false
      }
    },
    {
      "type": "Feature",
      "id": "osm-way-331635349",
      "geometry": {
        "type": "LineString",
        "coordinates": [
          [
            80.2336401,
            12.9815604
          ],
          [
            80.2339849,
            12.9814013
          ],
          [
            80.2342304,
            12.9812879
          ],
          [
            80.2344382,
            12.9812447
          ],
          [
            80.2346148,
            12.9812337
          ],
          [
            80.2349625,
            12.9812278
          ],
          [
            80.2358943,
            12.9812548
          ]
        ]
      },
      "properties": {
        "id": "osm-way-331635349",
        "kind": "route",
        "name": "Taramani Link Road",
        "description": "OpenStreetMap primary road segment",
        "class": "primary",
        "osm_type": "way",
        "osm_id": "331635349",
        "highway": "primary",
        "bridge": null,
        "tunnel": null,
        "layer": null,
        "surface": "asphalt",
        "source": "OpenStreetMap",
        "source_url": "https://www.openstreetmap.org/way/331635349",
        "attribution": "© OpenStreetMap contributors",
        "licence": "Open Data Commons Open Database License (ODbL) 1.0",
        "is_simulated": false
      }
    },
    {
      "type": "Feature",
      "id": "osm-way-333394471",
      "geometry": {
        "type": "LineString",
        "coordinates": [
          [
            80.2426807,
            13.006597
          ],
          [
            80.2424149,
            13.0065938
          ],
          [
            80.2418688,
            13.0065893
          ],
          [
            80.2413518,
            13.006599
          ]
        ]
      },
      "properties": {
        "id": "osm-way-333394471",
        "kind": "route",
        "name": "Sardar Patel Road",
        "description": "OpenStreetMap primary road segment",
        "class": "primary",
        "osm_type": "way",
        "osm_id": "333394471",
        "highway": "primary",
        "bridge": null,
        "tunnel": null,
        "layer": null,
        "surface": "asphalt",
        "source": "OpenStreetMap",
        "source_url": "https://www.openstreetmap.org/way/333394471",
        "attribution": "© OpenStreetMap contributors",
        "licence": "Open Data Commons Open Database License (ODbL) 1.0",
        "is_simulated": false
      }
    },
    {
      "type": "Feature",
      "id": "osm-way-355461070",
      "geometry": {
        "type": "LineString",
        "coordinates": [
          [
            80.2289552,
            13.0247164
          ],
          [
            80.2291219,
            13.024843
          ]
        ]
      },
      "properties": {
        "id": "osm-way-355461070",
        "kind": "route",
        "name": "Anna Salai (Mount Road)",
        "description": "OpenStreetMap primary road segment",
        "class": "primary",
        "osm_type": "way",
        "osm_id": "355461070",
        "highway": "primary",
        "bridge": null,
        "tunnel": null,
        "layer": null,
        "surface": null,
        "source": "OpenStreetMap",
        "source_url": "https://www.openstreetmap.org/way/355461070",
        "attribution": "© OpenStreetMap contributors",
        "licence": "Open Data Commons Open Database License (ODbL) 1.0",
        "is_simulated": false
      }
    },
    {
      "type": "Feature",
      "id": "osm-way-422920307",
      "geometry": {
        "type": "LineString",
        "coordinates": [
          [
            80.2401484,
            12.9812803
          ],
          [
            80.2398565,
            12.9812828
          ],
          [
            80.2396681,
            12.9812629
          ],
          [
            80.239484,
            12.9812607
          ],
          [
            80.2386861,
            12.9812474
          ],
          [
            80.2379385,
            12.9812317
          ]
        ]
      },
      "properties": {
        "id": "osm-way-422920307",
        "kind": "route",
        "name": "Taramani Link Road",
        "description": "OpenStreetMap primary road segment",
        "class": "primary",
        "osm_type": "way",
        "osm_id": "422920307",
        "highway": "primary",
        "bridge": null,
        "tunnel": null,
        "layer": null,
        "surface": "asphalt",
        "source": "OpenStreetMap",
        "source_url": "https://www.openstreetmap.org/way/422920307",
        "attribution": "© OpenStreetMap contributors",
        "licence": "Open Data Commons Open Database License (ODbL) 1.0",
        "is_simulated": false
      }
    },
    {
      "type": "Feature",
      "id": "osm-way-422920308",
      "geometry": {
        "type": "LineString",
        "coordinates": [
          [
            80.2358943,
            12.9812548
          ],
          [
            80.2379488,
            12.9813239
          ],
          [
            80.2389227,
            12.9813243
          ],
          [
            80.239672,
            12.9813431
          ],
          [
            80.2399117,
            12.9813454
          ],
          [
            80.240023,
            12.9813836
          ],
          [
            80.240246,
            12.9813919
          ],
          [
            80.2413822,
            12.9814077
          ]
        ]
      },
      "properties": {
        "id": "osm-way-422920308",
        "kind": "route",
        "name": "Taramani Link Road",
        "description": "OpenStreetMap primary road segment",
        "class": "primary",
        "osm_type": "way",
        "osm_id": "422920308",
        "highway": "primary",
        "bridge": null,
        "tunnel": null,
        "layer": null,
        "surface": "asphalt",
        "source": "OpenStreetMap",
        "source_url": "https://www.openstreetmap.org/way/422920308",
        "attribution": "© OpenStreetMap contributors",
        "licence": "Open Data Commons Open Database License (ODbL) 1.0",
        "is_simulated": false
      }
    },
    {
      "type": "Feature",
      "id": "osm-way-422927236",
      "geometry": {
        "type": "LineString",
        "coordinates": [
          [
            80.2251796,
            12.978324
          ],
          [
            80.2251603,
            12.978313
          ],
          [
            80.2250367,
            12.978234
          ],
          [
            80.2249628,
            12.9781864
          ],
          [
            80.2246931,
            12.9780101
          ],
          [
            80.223619,
            12.9773685
          ],
          [
            80.2231018,
            12.9770693
          ],
          [
            80.2227896,
            12.976891
          ],
          [
            80.2224858,
            12.9767092
          ],
          [
            80.2222483,
            12.9765627
          ],
          [
            80.2221184,
            12.9764773
          ],
          [
            80.2217575,
            12.9762417
          ],
          [
            80.2214036,
            12.9759943
          ]
        ]
      },
      "properties": {
        "id": "osm-way-422927236",
        "kind": "route",
        "name": "Taramani Link Road",
        "description": "OpenStreetMap primary road segment",
        "class": "primary",
        "osm_type": "way",
        "osm_id": "422927236",
        "highway": "primary",
        "bridge": null,
        "tunnel": null,
        "layer": null,
        "surface": "asphalt",
        "source": "OpenStreetMap",
        "source_url": "https://www.openstreetmap.org/way/422927236",
        "attribution": "© OpenStreetMap contributors",
        "licence": "Open Data Commons Open Database License (ODbL) 1.0",
        "is_simulated": false
      }
    },
    {
      "type": "Feature",
      "id": "osm-way-422927582",
      "geometry": {
        "type": "LineString",
        "coordinates": [
          [
            80.233695,
            12.9814181
          ],
          [
            80.2334379,
            12.9815365
          ],
          [
            80.2332198,
            12.9816371
          ],
          [
            80.2331333,
            12.9816852
          ],
          [
            80.2330097,
            12.9817516
          ],
          [
            80.2328941,
            12.9818174
          ],
          [
            80.2325926,
            12.9819018
          ],
          [
            80.2324249,
            12.9819369
          ],
          [
            80.2322477,
            12.9819741
          ],
          [
            80.2319384,
            12.9819949
          ],
          [
            80.2316662,
            12.9819936
          ],
          [
            80.2314569,
            12.9819648
          ],
          [
            80.2313054,
            12.9819295
          ],
          [
            80.2309688,
            12.9818093
          ],
          [
            80.2307039,
            12.9816725
          ],
          [
            80.230689,
            12.9816648
          ],
          [
            80.2302983,
            12.9814264
          ],
          [
            80.2293857,
            12.9808695
          ],
          [
            80.2292641,
            12.9807953
          ],
          [
            80.2286896,
            12.9804402
          ],
          [
            80.2284118,
            12.9802684
          ]
        ]
      },
      "properties": {
        "id": "osm-way-422927582",
        "kind": "route",
        "name": "Taramani Link Road",
        "description": "OpenStreetMap primary road segment",
        "class": "primary",
        "osm_type": "way",
        "osm_id": "422927582",
        "highway": "primary",
        "bridge": null,
        "tunnel": null,
        "layer": null,
        "surface": "asphalt",
        "source": "OpenStreetMap",
        "source_url": "https://www.openstreetmap.org/way/422927582",
        "attribution": "© OpenStreetMap contributors",
        "licence": "Open Data Commons Open Database License (ODbL) 1.0",
        "is_simulated": false
      }
    },
    {
      "type": "Feature",
      "id": "osm-way-422927583",
      "geometry": {
        "type": "LineString",
        "coordinates": [
          [
            80.2322191,
            12.9820681
          ],
          [
            80.2326196,
            12.9819985
          ],
          [
            80.2329106,
            12.9819054
          ],
          [
            80.2330395,
            12.981846
          ],
          [
            80.233128,
            12.9817976
          ],
          [
            80.2334748,
            12.981636
          ],
          [
            80.2336401,
            12.9815604
          ]
        ]
      },
      "properties": {
        "id": "osm-way-422927583",
        "kind": "route",
        "name": "Taramani Link Road",
        "description": "OpenStreetMap primary road segment",
        "class": "primary",
        "osm_type": "way",
        "osm_id": "422927583",
        "highway": "primary",
        "bridge": null,
        "tunnel": null,
        "layer": null,
        "surface": "asphalt",
        "source": "OpenStreetMap",
        "source_url": "https://www.openstreetmap.org/way/422927583",
        "attribution": "© OpenStreetMap contributors",
        "licence": "Open Data Commons Open Database License (ODbL) 1.0",
        "is_simulated": false
      }
    },
    {
      "type": "Feature",
      "id": "osm-way-422927585",
      "geometry": {
        "type": "LineString",
        "coordinates": [
          [
            80.2306639,
            12.9817389
          ],
          [
            80.2309325,
            12.9818675
          ],
          [
            80.2313027,
            12.9819883
          ],
          [
            80.2314891,
            12.9820354
          ],
          [
            80.2316608,
            12.9820537
          ],
          [
            80.2319572,
            12.9820524
          ],
          [
            80.2322191,
            12.9820681
          ]
        ]
      },
      "properties": {
        "id": "osm-way-422927585",
        "kind": "route",
        "name": "Taramani Link Road",
        "description": "OpenStreetMap primary road segment",
        "class": "primary",
        "osm_type": "way",
        "osm_id": "422927585",
        "highway": "primary",
        "bridge": null,
        "tunnel": null,
        "layer": null,
        "surface": "asphalt",
        "source": "OpenStreetMap",
        "source_url": "https://www.openstreetmap.org/way/422927585",
        "attribution": "© OpenStreetMap contributors",
        "licence": "Open Data Commons Open Database License (ODbL) 1.0",
        "is_simulated": false
      }
    },
    {
      "type": "Feature",
      "id": "osm-way-428736716",
      "geometry": {
        "type": "LineString",
        "coordinates": [
          [
            80.2434347,
            12.9777527
          ],
          [
            80.2431973,
            12.9778154
          ],
          [
            80.2427181,
            12.9778072
          ],
          [
            80.2418527,
            12.9777953
          ],
          [
            80.2414571,
            12.9777716
          ],
          [
            80.2410039,
            12.9777494
          ],
          [
            80.2410012,
            12.9777493
          ],
          [
            80.240568,
            12.9777459
          ],
          [
            80.2397059,
            12.9777385
          ],
          [
            80.2395202,
            12.9777842
          ],
          [
            80.2389102,
            12.9781684
          ],
          [
            80.2387967,
            12.9782263
          ],
          [
            80.2386353,
            12.9782751
          ],
          [
            80.238513,
            12.9782951
          ],
          [
            80.2375387,
            12.9782629
          ],
          [
            80.2366569,
            12.9781879
          ],
          [
            80.2360998,
            12.9780833
          ],
          [
            80.2358204,
            12.978004
          ],
          [
            80.2355205,
            12.9778935
          ],
          [
            80.234928,
            12.977676
          ],
          [
            80.2346952,
            12.9775508
          ],
          [
            80.2343061,
            12.9773607
          ],
          [
            80.2340815,
            12.9772358
          ],
          [
            80.2338809,
            12.977102
          ],
          [
            80.2335508,
            12.9768618
          ],
          [
            80.2332236,
            12.976636
          ],
          [
            80.2331456,
            12.9766312
          ]
        ]
      },
      "properties": {
        "id": "osm-way-428736716",
        "kind": "route",
        "name": "Taramani Link Road",
        "description": "OpenStreetMap tertiary road segment",
        "class": "local",
        "osm_type": "way",
        "osm_id": "428736716",
        "highway": "tertiary",
        "bridge": null,
        "tunnel": null,
        "layer": null,
        "surface": "paved",
        "source": "OpenStreetMap",
        "source_url": "https://www.openstreetmap.org/way/428736716",
        "attribution": "© OpenStreetMap contributors",
        "licence": "Open Data Commons Open Database License (ODbL) 1.0",
        "is_simulated": false
      }
    },
    {
      "type": "Feature",
      "id": "osm-way-428736718",
      "geometry": {
        "type": "LineString",
        "coordinates": [
          [
            80.2331456,
            12.9766312
          ],
          [
            80.2331862,
            12.9766913
          ],
          [
            80.2338425,
            12.9771383
          ],
          [
            80.2342151,
            12.9773754
          ],
          [
            80.2345477,
            12.9775584
          ],
          [
            80.2348932,
            12.9777254
          ],
          [
            80.2352156,
            12.9778577
          ],
          [
            80.2355369,
            12.9779783
          ],
          [
            80.2358096,
            12.978073
          ],
          [
            80.2361852,
            12.9781687
          ],
          [
            80.2366166,
            12.9782455
          ],
          [
            80.2375259,
            12.9783457
          ],
          [
            80.2386058,
            12.9783618
          ],
          [
            80.2388099,
            12.9782934
          ],
          [
            80.2389521,
            12.9782142
          ],
          [
            80.2395537,
            12.9778352
          ],
          [
            80.2397159,
            12.9777953
          ],
          [
            80.2405673,
            12.9778026
          ],
          [
            80.2409988,
            12.977806
          ],
          [
            80.2414525,
            12.9778281
          ],
          [
            80.2418495,
            12.9778519
          ],
          [
            80.2427159,
            12.9778638
          ],
          [
            80.2431711,
            12.9778811
          ],
          [
            80.2433947,
            12.9779517
          ]
        ]
      },
      "properties": {
        "id": "osm-way-428736718",
        "kind": "route",
        "name": "Taramani Link Road",
        "description": "OpenStreetMap tertiary road segment",
        "class": "local",
        "osm_type": "way",
        "osm_id": "428736718",
        "highway": "tertiary",
        "bridge": null,
        "tunnel": null,
        "layer": null,
        "surface": "paved",
        "source": "OpenStreetMap",
        "source_url": "https://www.openstreetmap.org/way/428736718",
        "attribution": "© OpenStreetMap contributors",
        "licence": "Open Data Commons Open Database License (ODbL) 1.0",
        "is_simulated": false
      }
    },
    {
      "type": "Feature",
      "id": "osm-way-430159577",
      "geometry": {
        "type": "LineString",
        "coordinates": [
          [
            80.2342088,
            12.9811862
          ],
          [
            80.2339487,
            12.9812957
          ],
          [
            80.233695,
            12.9814181
          ]
        ]
      },
      "properties": {
        "id": "osm-way-430159577",
        "kind": "route",
        "name": "Taramani Link Road",
        "description": "OpenStreetMap primary road segment",
        "class": "primary",
        "osm_type": "way",
        "osm_id": "430159577",
        "highway": "primary",
        "bridge": null,
        "tunnel": null,
        "layer": null,
        "surface": "asphalt",
        "source": "OpenStreetMap",
        "source_url": "https://www.openstreetmap.org/way/430159577",
        "attribution": "© OpenStreetMap contributors",
        "licence": "Open Data Commons Open Database License (ODbL) 1.0",
        "is_simulated": false
      }
    },
    {
      "type": "Feature",
      "id": "osm-way-443502557",
      "geometry": {
        "type": "LineString",
        "coordinates": [
          [
            80.2294211,
            13.025082
          ],
          [
            80.2297556,
            13.0253248
          ],
          [
            80.2298378,
            13.0253817
          ],
          [
            80.2302838,
            13.0256904
          ],
          [
            80.2302949,
            13.025697
          ],
          [
            80.23066,
            13.0258632
          ],
          [
            80.2307221,
            13.0258833
          ],
          [
            80.2307774,
            13.0259011
          ],
          [
            80.2309631,
            13.0259611
          ],
          [
            80.2309738,
            13.0259646
          ],
          [
            80.2313679,
            13.0260918
          ]
        ]
      },
      "properties": {
        "id": "osm-way-443502557",
        "kind": "route",
        "name": "Anna Salai (Mount Road)",
        "description": "OpenStreetMap primary road segment",
        "class": "primary",
        "osm_type": "way",
        "osm_id": "443502557",
        "highway": "primary",
        "bridge": null,
        "tunnel": null,
        "layer": null,
        "surface": null,
        "source": "OpenStreetMap",
        "source_url": "https://www.openstreetmap.org/way/443502557",
        "attribution": "© OpenStreetMap contributors",
        "licence": "Open Data Commons Open Database License (ODbL) 1.0",
        "is_simulated": false
      }
    },
    {
      "type": "Feature",
      "id": "osm-way-443502558",
      "geometry": {
        "type": "LineString",
        "coordinates": [
          [
            80.2330731,
            13.0264963
          ],
          [
            80.2328905,
            13.0264002
          ],
          [
            80.2314274,
            13.0259592
          ],
          [
            80.2310137,
            13.0258319
          ],
          [
            80.2307955,
            13.0257581
          ],
          [
            80.2303888,
            13.0255404
          ],
          [
            80.2299386,
            13.0252425
          ],
          [
            80.2296036,
            13.0249664
          ],
          [
            80.2295596,
            13.0249301
          ]
        ]
      },
      "properties": {
        "id": "osm-way-443502558",
        "kind": "route",
        "name": "Anna Salai (Mount Road)",
        "description": "OpenStreetMap primary road segment",
        "class": "primary",
        "osm_type": "way",
        "osm_id": "443502558",
        "highway": "primary",
        "bridge": null,
        "tunnel": null,
        "layer": null,
        "surface": "asphalt",
        "source": "OpenStreetMap",
        "source_url": "https://www.openstreetmap.org/way/443502558",
        "attribution": "© OpenStreetMap contributors",
        "licence": "Open Data Commons Open Database License (ODbL) 1.0",
        "is_simulated": false
      }
    },
    {
      "type": "Feature",
      "id": "osm-way-447987614",
      "geometry": {
        "type": "LineString",
        "coordinates": [
          [
            80.2220667,
            12.9765503
          ],
          [
            80.2227628,
            12.9769934
          ]
        ]
      },
      "properties": {
        "id": "osm-way-447987614",
        "kind": "route",
        "name": "Taramani Link Road",
        "description": "OpenStreetMap primary road segment",
        "class": "primary",
        "osm_type": "way",
        "osm_id": "447987614",
        "highway": "primary",
        "bridge": null,
        "tunnel": null,
        "layer": null,
        "surface": "asphalt",
        "source": "OpenStreetMap",
        "source_url": "https://www.openstreetmap.org/way/447987614",
        "attribution": "© OpenStreetMap contributors",
        "licence": "Open Data Commons Open Database License (ODbL) 1.0",
        "is_simulated": false
      }
    },
    {
      "type": "Feature",
      "id": "osm-way-492440879",
      "geometry": {
        "type": "LineString",
        "coordinates": [
          [
            80.2436326,
            12.9564715
          ],
          [
            80.243553,
            12.9562914
          ]
        ]
      },
      "properties": {
        "id": "osm-way-492440879",
        "kind": "route",
        "name": "Rajiv Gandhi Salai",
        "description": "OpenStreetMap primary road segment",
        "class": "primary",
        "osm_type": "way",
        "osm_id": "492440879",
        "highway": "primary",
        "bridge": null,
        "tunnel": null,
        "layer": null,
        "surface": null,
        "source": "OpenStreetMap",
        "source_url": "https://www.openstreetmap.org/way/492440879",
        "attribution": "© OpenStreetMap contributors",
        "licence": "Open Data Commons Open Database License (ODbL) 1.0",
        "is_simulated": false
      }
    },
    {
      "type": "Feature",
      "id": "osm-way-566581213",
      "geometry": {
        "type": "LineString",
        "coordinates": [
          [
            80.2283547,
            12.9803508
          ],
          [
            80.2285645,
            12.9804834
          ],
          [
            80.228782,
            12.9806111
          ],
          [
            80.2293069,
            12.9809194
          ],
          [
            80.2293474,
            12.9809398
          ],
          [
            80.2294449,
            12.9809964
          ],
          [
            80.2300098,
            12.9813404
          ],
          [
            80.2300442,
            12.9813614
          ],
          [
            80.2301586,
            12.9814311
          ],
          [
            80.2302221,
            12.9814698
          ],
          [
            80.2306639,
            12.9817389
          ]
        ]
      },
      "properties": {
        "id": "osm-way-566581213",
        "kind": "route",
        "name": "Taramani Link Road",
        "description": "OpenStreetMap primary road segment",
        "class": "primary",
        "osm_type": "way",
        "osm_id": "566581213",
        "highway": "primary",
        "bridge": null,
        "tunnel": null,
        "layer": null,
        "surface": "asphalt",
        "source": "OpenStreetMap",
        "source_url": "https://www.openstreetmap.org/way/566581213",
        "attribution": "© OpenStreetMap contributors",
        "licence": "Open Data Commons Open Database License (ODbL) 1.0",
        "is_simulated": false
      }
    },
    {
      "type": "Feature",
      "id": "osm-way-566596637",
      "geometry": {
        "type": "LineString",
        "coordinates": [
          [
            80.2525381,
            12.9795568
          ],
          [
            80.2525076,
            12.979658
          ],
          [
            80.252497,
            12.979758
          ],
          [
            80.2524831,
            12.9798099
          ],
          [
            80.2524275,
            12.9798569
          ],
          [
            80.2523421,
            12.9798849
          ],
          [
            80.2522422,
            12.9799146
          ],
          [
            80.2521698,
            12.9799944
          ]
        ]
      },
      "properties": {
        "id": "osm-way-566596637",
        "kind": "route",
        "name": "Taramani Link Road",
        "description": "OpenStreetMap primary link road segment",
        "class": "primary",
        "osm_type": "way",
        "osm_id": "566596637",
        "highway": "primary_link",
        "bridge": null,
        "tunnel": null,
        "layer": null,
        "surface": null,
        "source": "OpenStreetMap",
        "source_url": "https://www.openstreetmap.org/way/566596637",
        "attribution": "© OpenStreetMap contributors",
        "licence": "Open Data Commons Open Database License (ODbL) 1.0",
        "is_simulated": false
      }
    },
    {
      "type": "Feature",
      "id": "osm-way-566849738",
      "geometry": {
        "type": "LineString",
        "coordinates": [
          [
            80.2231983,
            13.0114299
          ],
          [
            80.2230235,
            13.0114955
          ],
          [
            80.2228008,
            13.0115791
          ],
          [
            80.222419,
            13.0117224
          ],
          [
            80.2223766,
            13.0117371
          ],
          [
            80.2223309,
            13.011753
          ],
          [
            80.2219855,
            13.011873
          ]
        ]
      },
      "properties": {
        "id": "osm-way-566849738",
        "kind": "route",
        "name": "Sardar Patel Road",
        "description": "OpenStreetMap primary road segment",
        "class": "primary",
        "osm_type": "way",
        "osm_id": "566849738",
        "highway": "primary",
        "bridge": null,
        "tunnel": null,
        "layer": null,
        "surface": "asphalt",
        "source": "OpenStreetMap",
        "source_url": "https://www.openstreetmap.org/way/566849738",
        "attribution": "© OpenStreetMap contributors",
        "licence": "Open Data Commons Open Database License (ODbL) 1.0",
        "is_simulated": false
      }
    },
    {
      "type": "Feature",
      "id": "osm-way-576410437",
      "geometry": {
        "type": "LineString",
        "coordinates": [
          [
            80.2212602,
            13.012364
          ],
          [
            80.2213889,
            13.0123919
          ],
          [
            80.2214953,
            13.0124371
          ]
        ]
      },
      "properties": {
        "id": "osm-way-576410437",
        "kind": "route",
        "name": "Anna Salai (Mount Road)",
        "description": "OpenStreetMap primary road segment",
        "class": "primary",
        "osm_type": "way",
        "osm_id": "576410437",
        "highway": "primary",
        "bridge": null,
        "tunnel": null,
        "layer": null,
        "surface": null,
        "source": "OpenStreetMap",
        "source_url": "https://www.openstreetmap.org/way/576410437",
        "attribution": "© OpenStreetMap contributors",
        "licence": "Open Data Commons Open Database License (ODbL) 1.0",
        "is_simulated": false
      }
    },
    {
      "type": "Feature",
      "id": "osm-way-576410438",
      "geometry": {
        "type": "LineString",
        "coordinates": [
          [
            80.2214953,
            13.0124371
          ],
          [
            80.2217277,
            13.0126041
          ],
          [
            80.2219496,
            13.0127842
          ],
          [
            80.2220298,
            13.0128493
          ],
          [
            80.2221962,
            13.0129843
          ],
          [
            80.222307,
            13.0130742
          ],
          [
            80.2226458,
            13.0133321
          ],
          [
            80.2229062,
            13.0135482
          ],
          [
            80.2229235,
            13.0135625
          ],
          [
            80.2230163,
            13.0136395
          ],
          [
            80.2232033,
            13.013789
          ],
          [
            80.2232641,
            13.0138376
          ],
          [
            80.2232656,
            13.0139131
          ]
        ]
      },
      "properties": {
        "id": "osm-way-576410438",
        "kind": "route",
        "name": "Anna Salai (Mount Road)",
        "description": "OpenStreetMap primary road segment",
        "class": "primary",
        "osm_type": "way",
        "osm_id": "576410438",
        "highway": "primary",
        "bridge": null,
        "tunnel": null,
        "layer": null,
        "surface": "asphalt",
        "source": "OpenStreetMap",
        "source_url": "https://www.openstreetmap.org/way/576410438",
        "attribution": "© OpenStreetMap contributors",
        "licence": "Open Data Commons Open Database License (ODbL) 1.0",
        "is_simulated": false
      }
    },
    {
      "type": "Feature",
      "id": "osm-way-721922453",
      "geometry": {
        "type": "LineString",
        "coordinates": [
          [
            80.2183244,
            12.987429
          ],
          [
            80.2182983,
            12.9872854
          ]
        ]
      },
      "properties": {
        "id": "osm-way-721922453",
        "kind": "route",
        "name": "Velachery Bypass Road",
        "description": "OpenStreetMap primary road segment",
        "class": "primary",
        "osm_type": "way",
        "osm_id": "721922453",
        "highway": "primary",
        "bridge": null,
        "tunnel": null,
        "layer": null,
        "surface": "asphalt",
        "source": "OpenStreetMap",
        "source_url": "https://www.openstreetmap.org/way/721922453",
        "attribution": "© OpenStreetMap contributors",
        "licence": "Open Data Commons Open Database License (ODbL) 1.0",
        "is_simulated": false
      }
    },
    {
      "type": "Feature",
      "id": "osm-way-721922454",
      "geometry": {
        "type": "LineString",
        "coordinates": [
          [
            80.2182983,
            12.9872854
          ],
          [
            80.218147,
            12.9864574
          ],
          [
            80.2180065,
            12.9858545
          ],
          [
            80.2179596,
            12.9855999
          ],
          [
            80.2179249,
            12.984981
          ],
          [
            80.217938,
            12.9842224
          ],
          [
            80.2179426,
            12.9833477
          ],
          [
            80.217945,
            12.9825835
          ],
          [
            80.2179432,
            12.9824141
          ],
          [
            80.217943,
            12.9823974
          ],
          [
            80.2179644,
            12.9821535
          ],
          [
            80.2180099,
            12.9816967
          ],
          [
            80.2180551,
            12.9814744
          ],
          [
            80.2181956,
            12.981067
          ],
          [
            80.2184978,
            12.9801798
          ],
          [
            80.218553,
            12.9800474
          ],
          [
            80.2186458,
            12.9798253
          ],
          [
            80.2188571,
            12.9792233
          ],
          [
            80.2188657,
            12.9792023
          ],
          [
            80.2188732,
            12.9791846
          ],
          [
            80.2189747,
            12.9789466
          ],
          [
            80.2191223,
            12.9786006
          ],
          [
            80.2191661,
            12.9784912
          ]
        ]
      },
      "properties": {
        "id": "osm-way-721922454",
        "kind": "route",
        "name": "Velachery Bypass Road",
        "description": "OpenStreetMap primary road segment",
        "class": "primary",
        "osm_type": "way",
        "osm_id": "721922454",
        "highway": "primary",
        "bridge": null,
        "tunnel": null,
        "layer": null,
        "surface": "asphalt",
        "source": "OpenStreetMap",
        "source_url": "https://www.openstreetmap.org/way/721922454",
        "attribution": "© OpenStreetMap contributors",
        "licence": "Open Data Commons Open Database License (ODbL) 1.0",
        "is_simulated": false
      }
    },
    {
      "type": "Feature",
      "id": "osm-way-761215822",
      "geometry": {
        "type": "LineString",
        "coordinates": [
          [
            80.2196467,
            12.9914776
          ],
          [
            80.2197541,
            12.9913408
          ],
          [
            80.2200242,
            12.9909955
          ]
        ]
      },
      "properties": {
        "id": "osm-way-761215822",
        "kind": "route",
        "name": "Velachery Main Road",
        "description": "OpenStreetMap secondary road segment",
        "class": "secondary",
        "osm_type": "way",
        "osm_id": "761215822",
        "highway": "secondary",
        "bridge": null,
        "tunnel": null,
        "layer": null,
        "surface": "asphalt",
        "source": "OpenStreetMap",
        "source_url": "https://www.openstreetmap.org/way/761215822",
        "attribution": "© OpenStreetMap contributors",
        "licence": "Open Data Commons Open Database License (ODbL) 1.0",
        "is_simulated": false
      }
    },
    {
      "type": "Feature",
      "id": "osm-way-761215824",
      "geometry": {
        "type": "LineString",
        "coordinates": [
          [
            80.2196467,
            12.9914776
          ],
          [
            80.2195754,
            12.9914347
          ]
        ]
      },
      "properties": {
        "id": "osm-way-761215824",
        "kind": "route",
        "name": "Velachery Bypass Road",
        "description": "OpenStreetMap primary road segment",
        "class": "primary",
        "osm_type": "way",
        "osm_id": "761215824",
        "highway": "primary",
        "bridge": null,
        "tunnel": null,
        "layer": null,
        "surface": null,
        "source": "OpenStreetMap",
        "source_url": "https://www.openstreetmap.org/way/761215824",
        "attribution": "© OpenStreetMap contributors",
        "licence": "Open Data Commons Open Database License (ODbL) 1.0",
        "is_simulated": false
      }
    },
    {
      "type": "Feature",
      "id": "osm-way-793704832",
      "geometry": {
        "type": "LineString",
        "coordinates": [
          [
            80.2403241,
            13.0069116
          ],
          [
            80.2406323,
            13.0068528
          ]
        ]
      },
      "properties": {
        "id": "osm-way-793704832",
        "kind": "route",
        "name": "Sardar Patel Road",
        "description": "OpenStreetMap primary road segment",
        "class": "primary",
        "osm_type": "way",
        "osm_id": "793704832",
        "highway": "primary",
        "bridge": null,
        "tunnel": null,
        "layer": null,
        "surface": "asphalt",
        "source": "OpenStreetMap",
        "source_url": "https://www.openstreetmap.org/way/793704832",
        "attribution": "© OpenStreetMap contributors",
        "licence": "Open Data Commons Open Database License (ODbL) 1.0",
        "is_simulated": false
      }
    },
    {
      "type": "Feature",
      "id": "osm-way-793704833",
      "geometry": {
        "type": "LineString",
        "coordinates": [
          [
            80.2504278,
            12.9736532
          ],
          [
            80.2503365,
            12.9733321
          ],
          [
            80.2502408,
            12.9729954
          ],
          [
            80.2500783,
            12.9723835
          ],
          [
            80.2497822,
            12.9712364
          ],
          [
            80.2497064,
            12.9709997
          ],
          [
            80.2495644,
            12.9705247
          ],
          [
            80.2492931,
            12.9698191
          ],
          [
            80.2490429,
            12.969175
          ],
          [
            80.2487886,
            12.9685769
          ],
          [
            80.2486451,
            12.9682061
          ],
          [
            80.248549,
            12.9679525
          ],
          [
            80.2483272,
            12.9673849
          ],
          [
            80.2482002,
            12.9671249
          ],
          [
            80.2480465,
            12.9668203
          ],
          [
            80.2478882,
            12.9664883
          ],
          [
            80.2475933,
            12.9658235
          ],
          [
            80.2474277,
            12.9653769
          ],
          [
            80.2472196,
            12.9647409
          ],
          [
            80.2470763,
            12.9643732
          ],
          [
            80.2469444,
            12.9640103
          ],
          [
            80.2469087,
            12.9639028
          ],
          [
            80.2468416,
            12.9637218
          ],
          [
            80.2467479,
            12.9635279
          ]
        ]
      },
      "properties": {
        "id": "osm-way-793704833",
        "kind": "route",
        "name": "Rajiv Gandhi Salai",
        "description": "OpenStreetMap primary road segment",
        "class": "primary",
        "osm_type": "way",
        "osm_id": "793704833",
        "highway": "primary",
        "bridge": null,
        "tunnel": null,
        "layer": null,
        "surface": null,
        "source": "OpenStreetMap",
        "source_url": "https://www.openstreetmap.org/way/793704833",
        "attribution": "© OpenStreetMap contributors",
        "licence": "Open Data Commons Open Database License (ODbL) 1.0",
        "is_simulated": false
      }
    },
    {
      "type": "Feature",
      "id": "osm-way-795471462",
      "geometry": {
        "type": "LineString",
        "coordinates": [
          [
            80.2428614,
            13.0067102
          ],
          [
            80.2441123,
            13.0067335
          ],
          [
            80.2447327,
            13.0067411
          ],
          [
            80.2454226,
            13.0067495
          ],
          [
            80.2472648,
            13.0067702
          ]
        ]
      },
      "properties": {
        "id": "osm-way-795471462",
        "kind": "route",
        "name": "Sardar Patel Road",
        "description": "OpenStreetMap primary road segment",
        "class": "primary",
        "osm_type": "way",
        "osm_id": "795471462",
        "highway": "primary",
        "bridge": null,
        "tunnel": null,
        "layer": null,
        "surface": "asphalt",
        "source": "OpenStreetMap",
        "source_url": "https://www.openstreetmap.org/way/795471462",
        "attribution": "© OpenStreetMap contributors",
        "licence": "Open Data Commons Open Database License (ODbL) 1.0",
        "is_simulated": false
      }
    },
    {
      "type": "Feature",
      "id": "osm-way-837608991",
      "geometry": {
        "type": "LineString",
        "coordinates": [
          [
            80.2162355,
            12.9639803
          ],
          [
            80.2160884,
            12.963621
          ]
        ]
      },
      "properties": {
        "id": "osm-way-837608991",
        "kind": "route",
        "name": "Velachery Main Road",
        "description": "OpenStreetMap primary road segment",
        "class": "primary",
        "osm_type": "way",
        "osm_id": "837608991",
        "highway": "primary",
        "bridge": "yes",
        "tunnel": null,
        "layer": "1",
        "surface": null,
        "source": "OpenStreetMap",
        "source_url": "https://www.openstreetmap.org/way/837608991",
        "attribution": "© OpenStreetMap contributors",
        "licence": "Open Data Commons Open Database License (ODbL) 1.0",
        "is_simulated": false
      }
    },
    {
      "type": "Feature",
      "id": "osm-way-837608992",
      "geometry": {
        "type": "LineString",
        "coordinates": [
          [
            80.215942,
            12.9636715
          ],
          [
            80.2159863,
            12.9637838
          ],
          [
            80.2160234,
            12.9638777
          ],
          [
            80.2160923,
            12.9640611
          ]
        ]
      },
      "properties": {
        "id": "osm-way-837608992",
        "kind": "route",
        "name": "Velachery Main Road",
        "description": "OpenStreetMap primary road segment",
        "class": "primary",
        "osm_type": "way",
        "osm_id": "837608992",
        "highway": "primary",
        "bridge": "yes",
        "tunnel": null,
        "layer": "1",
        "surface": null,
        "source": "OpenStreetMap",
        "source_url": "https://www.openstreetmap.org/way/837608992",
        "attribution": "© OpenStreetMap contributors",
        "licence": "Open Data Commons Open Database License (ODbL) 1.0",
        "is_simulated": false
      }
    },
    {
      "type": "Feature",
      "id": "osm-way-837608993",
      "geometry": {
        "type": "LineString",
        "coordinates": [
          [
            80.2160923,
            12.9640611
          ],
          [
            80.2161609,
            12.9642301
          ]
        ]
      },
      "properties": {
        "id": "osm-way-837608993",
        "kind": "route",
        "name": "Velachery Main Road",
        "description": "OpenStreetMap primary road segment",
        "class": "primary",
        "osm_type": "way",
        "osm_id": "837608993",
        "highway": "primary",
        "bridge": null,
        "tunnel": null,
        "layer": null,
        "surface": "asphalt",
        "source": "OpenStreetMap",
        "source_url": "https://www.openstreetmap.org/way/837608993",
        "attribution": "© OpenStreetMap contributors",
        "licence": "Open Data Commons Open Database License (ODbL) 1.0",
        "is_simulated": false
      }
    },
    {
      "type": "Feature",
      "id": "osm-way-837608994",
      "geometry": {
        "type": "LineString",
        "coordinates": [
          [
            80.2163197,
            12.9641632
          ],
          [
            80.2162355,
            12.9639803
          ]
        ]
      },
      "properties": {
        "id": "osm-way-837608994",
        "kind": "route",
        "name": "Velachery Main Road",
        "description": "OpenStreetMap primary road segment",
        "class": "primary",
        "osm_type": "way",
        "osm_id": "837608994",
        "highway": "primary",
        "bridge": null,
        "tunnel": null,
        "layer": null,
        "surface": "asphalt",
        "source": "OpenStreetMap",
        "source_url": "https://www.openstreetmap.org/way/837608994",
        "attribution": "© OpenStreetMap contributors",
        "licence": "Open Data Commons Open Database License (ODbL) 1.0",
        "is_simulated": false
      }
    },
    {
      "type": "Feature",
      "id": "osm-way-921655447",
      "geometry": {
        "type": "LineString",
        "coordinates": [
          [
            80.1891269,
            12.917799
          ],
          [
            80.1890329,
            12.9178474
          ],
          [
            80.1888439,
            12.9179674
          ]
        ]
      },
      "properties": {
        "id": "osm-way-921655447",
        "kind": "route",
        "name": "Velachery Mudhanmai Salai",
        "description": "OpenStreetMap primary road segment",
        "class": "primary",
        "osm_type": "way",
        "osm_id": "921655447",
        "highway": "primary",
        "bridge": null,
        "tunnel": null,
        "layer": null,
        "surface": "asphalt",
        "source": "OpenStreetMap",
        "source_url": "https://www.openstreetmap.org/way/921655447",
        "attribution": "© OpenStreetMap contributors",
        "licence": "Open Data Commons Open Database License (ODbL) 1.0",
        "is_simulated": false
      }
    },
    {
      "type": "Feature",
      "id": "osm-way-1015894846",
      "geometry": {
        "type": "LineString",
        "coordinates": [
          [
            80.2214036,
            12.9759943
          ],
          [
            80.2213325,
            12.9760873
          ]
        ]
      },
      "properties": {
        "id": "osm-way-1015894846",
        "kind": "route",
        "name": "Velachery Main Road",
        "description": "OpenStreetMap secondary road segment",
        "class": "secondary",
        "osm_type": "way",
        "osm_id": "1015894846",
        "highway": "secondary",
        "bridge": null,
        "tunnel": null,
        "layer": null,
        "surface": "asphalt",
        "source": "OpenStreetMap",
        "source_url": "https://www.openstreetmap.org/way/1015894846",
        "attribution": "© OpenStreetMap contributors",
        "licence": "Open Data Commons Open Database License (ODbL) 1.0",
        "is_simulated": false
      }
    },
    {
      "type": "Feature",
      "id": "osm-way-1015894847",
      "geometry": {
        "type": "LineString",
        "coordinates": [
          [
            80.2213325,
            12.9760873
          ],
          [
            80.2215821,
            12.9762478
          ],
          [
            80.2219275,
            12.9764634
          ],
          [
            80.2220667,
            12.9765503
          ]
        ]
      },
      "properties": {
        "id": "osm-way-1015894847",
        "kind": "route",
        "name": "Taramani Link Road",
        "description": "OpenStreetMap primary road segment",
        "class": "primary",
        "osm_type": "way",
        "osm_id": "1015894847",
        "highway": "primary",
        "bridge": null,
        "tunnel": null,
        "layer": null,
        "surface": "asphalt",
        "source": "OpenStreetMap",
        "source_url": "https://www.openstreetmap.org/way/1015894847",
        "attribution": "© OpenStreetMap contributors",
        "licence": "Open Data Commons Open Database License (ODbL) 1.0",
        "is_simulated": false
      }
    },
    {
      "type": "Feature",
      "id": "osm-way-1015894848",
      "geometry": {
        "type": "LineString",
        "coordinates": [
          [
            80.2522717,
            12.980078
          ],
          [
            80.252609,
            12.9799864
          ]
        ]
      },
      "properties": {
        "id": "osm-way-1015894848",
        "kind": "route",
        "name": "Taramani Link Road",
        "description": "OpenStreetMap primary road segment",
        "class": "primary",
        "osm_type": "way",
        "osm_id": "1015894848",
        "highway": "primary",
        "bridge": null,
        "tunnel": null,
        "layer": null,
        "surface": null,
        "source": "OpenStreetMap",
        "source_url": "https://www.openstreetmap.org/way/1015894848",
        "attribution": "© OpenStreetMap contributors",
        "licence": "Open Data Commons Open Database License (ODbL) 1.0",
        "is_simulated": false
      }
    },
    {
      "type": "Feature",
      "id": "osm-way-1015894850",
      "geometry": {
        "type": "LineString",
        "coordinates": [
          [
            80.2165526,
            12.9971743
          ],
          [
            80.2165718,
            12.9967043
          ],
          [
            80.2166104,
            12.9963977
          ],
          [
            80.2166746,
            12.9960839
          ],
          [
            80.2167353,
            12.9958058
          ],
          [
            80.2169,
            12.9953837
          ],
          [
            80.2169662,
            12.9952475
          ],
          [
            80.2172513,
            12.9948205
          ],
          [
            80.2195415,
            12.9916407
          ]
        ]
      },
      "properties": {
        "id": "osm-way-1015894850",
        "kind": "route",
        "name": "Velachery Main Road",
        "description": "OpenStreetMap secondary road segment",
        "class": "secondary",
        "osm_type": "way",
        "osm_id": "1015894850",
        "highway": "secondary",
        "bridge": null,
        "tunnel": null,
        "layer": null,
        "surface": "asphalt",
        "source": "OpenStreetMap",
        "source_url": "https://www.openstreetmap.org/way/1015894850",
        "attribution": "© OpenStreetMap contributors",
        "licence": "Open Data Commons Open Database License (ODbL) 1.0",
        "is_simulated": false
      }
    },
    {
      "type": "Feature",
      "id": "osm-way-1015894851",
      "geometry": {
        "type": "LineString",
        "coordinates": [
          [
            80.2168423,
            13.0106908
          ],
          [
            80.2163283,
            13.0104614
          ]
        ]
      },
      "properties": {
        "id": "osm-way-1015894851",
        "kind": "route",
        "name": "Anna Salai (Mount Road)",
        "description": "OpenStreetMap primary road segment",
        "class": "primary",
        "osm_type": "way",
        "osm_id": "1015894851",
        "highway": "primary",
        "bridge": null,
        "tunnel": null,
        "layer": null,
        "surface": null,
        "source": "OpenStreetMap",
        "source_url": "https://www.openstreetmap.org/way/1015894851",
        "attribution": "© OpenStreetMap contributors",
        "licence": "Open Data Commons Open Database License (ODbL) 1.0",
        "is_simulated": false
      }
    },
    {
      "type": "Feature",
      "id": "osm-way-1015894852",
      "geometry": {
        "type": "LineString",
        "coordinates": [
          [
            80.2258148,
            13.0103276
          ],
          [
            80.2249697,
            13.0107055
          ],
          [
            80.2248574,
            13.0107557
          ],
          [
            80.2247259,
            13.0108094
          ],
          [
            80.2244598,
            13.0109179
          ],
          [
            80.2241035,
            13.0110633
          ],
          [
            80.2240151,
            13.0110994
          ],
          [
            80.2232552,
            13.0114027
          ]
        ]
      },
      "properties": {
        "id": "osm-way-1015894852",
        "kind": "route",
        "name": "Sardar Patel Road",
        "description": "OpenStreetMap primary road segment",
        "class": "primary",
        "osm_type": "way",
        "osm_id": "1015894852",
        "highway": "primary",
        "bridge": null,
        "tunnel": null,
        "layer": null,
        "surface": "asphalt",
        "source": "OpenStreetMap",
        "source_url": "https://www.openstreetmap.org/way/1015894852",
        "attribution": "© OpenStreetMap contributors",
        "licence": "Open Data Commons Open Database License (ODbL) 1.0",
        "is_simulated": false
      }
    },
    {
      "type": "Feature",
      "id": "osm-way-1019183971",
      "geometry": {
        "type": "LineString",
        "coordinates": [
          [
            80.2161609,
            12.9642301
          ],
          [
            80.2162824,
            12.964519
          ],
          [
            80.2163422,
            12.964664
          ]
        ]
      },
      "properties": {
        "id": "osm-way-1019183971",
        "kind": "route",
        "name": "Velachery Main Road",
        "description": "OpenStreetMap primary road segment",
        "class": "primary",
        "osm_type": "way",
        "osm_id": "1019183971",
        "highway": "primary",
        "bridge": null,
        "tunnel": null,
        "layer": null,
        "surface": "asphalt",
        "source": "OpenStreetMap",
        "source_url": "https://www.openstreetmap.org/way/1019183971",
        "attribution": "© OpenStreetMap contributors",
        "licence": "Open Data Commons Open Database License (ODbL) 1.0",
        "is_simulated": false
      }
    },
    {
      "type": "Feature",
      "id": "osm-way-1020558877",
      "geometry": {
        "type": "LineString",
        "coordinates": [
          [
            80.2313679,
            13.0260918
          ],
          [
            80.2315524,
            13.0261452
          ],
          [
            80.2317095,
            13.026211
          ],
          [
            80.2319003,
            13.0262609
          ],
          [
            80.2320861,
            13.0263105
          ],
          [
            80.2322719,
            13.0263731
          ],
          [
            80.2323209,
            13.0263877
          ],
          [
            80.2325211,
            13.0264641
          ],
          [
            80.2325543,
            13.0264752
          ],
          [
            80.2328021,
            13.0265804
          ],
          [
            80.2329458,
            13.0266409
          ],
          [
            80.2330185,
            13.0266853
          ]
        ]
      },
      "properties": {
        "id": "osm-way-1020558877",
        "kind": "route",
        "name": "Anna Salai (Mount Road)",
        "description": "OpenStreetMap primary road segment",
        "class": "primary",
        "osm_type": "way",
        "osm_id": "1020558877",
        "highway": "primary",
        "bridge": null,
        "tunnel": null,
        "layer": null,
        "surface": null,
        "source": "OpenStreetMap",
        "source_url": "https://www.openstreetmap.org/way/1020558877",
        "attribution": "© OpenStreetMap contributors",
        "licence": "Open Data Commons Open Database License (ODbL) 1.0",
        "is_simulated": false
      }
    },
    {
      "type": "Feature",
      "id": "osm-way-1020558879",
      "geometry": {
        "type": "LineString",
        "coordinates": [
          [
            80.1851496,
            12.9206844
          ],
          [
            80.1851967,
            12.9206911
          ],
          [
            80.1853551,
            12.9207136
          ],
          [
            80.1855277,
            12.92071
          ],
          [
            80.185656,
            12.9206764
          ],
          [
            80.1857813,
            12.920635
          ],
          [
            80.1858076,
            12.9206231
          ],
          [
            80.1859184,
            12.9205732
          ],
          [
            80.1861011,
            12.9204579
          ],
          [
            80.1864202,
            12.9202015
          ],
          [
            80.1864724,
            12.9201589
          ],
          [
            80.1870448,
            12.9196866
          ],
          [
            80.1875647,
            12.9192677
          ],
          [
            80.1879823,
            12.9189341
          ],
          [
            80.1884214,
            12.9185825
          ],
          [
            80.188497,
            12.918522
          ],
          [
            80.1889961,
            12.9181221
          ],
          [
            80.1891957,
            12.9179762
          ],
          [
            80.1894585,
            12.9178248
          ],
          [
            80.1895009,
            12.9178027
          ],
          [
            80.1896613,
            12.9177315
          ],
          [
            80.1899989,
            12.91763
          ],
          [
            80.1903442,
            12.9175704
          ],
          [
            80.1905948,
            12.917533
          ],
          [
            80.1913315,
            12.917454
          ],
          [
            80.1917468,
            12.9174147
          ],
          [
            80.1922934,
            12.917364
          ],
          [
            80.1924093,
            12.9173533
          ],
          [
            80.1925651,
            12.9173341
          ],
          [
            80.1930811,
            12.9172831
          ],
          [
            80.1934112,
            12.9172612
          ],
          [
            80.1935321,
            12.9172532
          ],
          [
            80.1937685,
            12.917249
          ],
          [
            80.1939031,
            12.9172633
          ],
          [
            80.1940029,
            12.917292
          ]
        ]
      },
      "properties": {
        "id": "osm-way-1020558879",
        "kind": "route",
        "name": "Velachery Mudhanmai Salai",
        "description": "OpenStreetMap primary road segment",
        "class": "primary",
        "osm_type": "way",
        "osm_id": "1020558879",
        "highway": "primary",
        "bridge": null,
        "tunnel": null,
        "layer": null,
        "surface": "asphalt",
        "source": "OpenStreetMap",
        "source_url": "https://www.openstreetmap.org/way/1020558879",
        "attribution": "© OpenStreetMap contributors",
        "licence": "Open Data Commons Open Database License (ODbL) 1.0",
        "is_simulated": false
      }
    },
    {
      "type": "Feature",
      "id": "osm-way-1020558882",
      "geometry": {
        "type": "LineString",
        "coordinates": [
          [
            80.2158831,
            12.963531
          ],
          [
            80.2159214,
            12.9636175
          ],
          [
            80.215942,
            12.9636715
          ]
        ]
      },
      "properties": {
        "id": "osm-way-1020558882",
        "kind": "route",
        "name": "Velachery Main Road",
        "description": "OpenStreetMap primary road segment",
        "class": "primary",
        "osm_type": "way",
        "osm_id": "1020558882",
        "highway": "primary",
        "bridge": null,
        "tunnel": null,
        "layer": null,
        "surface": "asphalt",
        "source": "OpenStreetMap",
        "source_url": "https://www.openstreetmap.org/way/1020558882",
        "attribution": "© OpenStreetMap contributors",
        "licence": "Open Data Commons Open Database License (ODbL) 1.0",
        "is_simulated": false
      }
    },
    {
      "type": "Feature",
      "id": "osm-way-1020569416",
      "geometry": {
        "type": "LineString",
        "coordinates": [
          [
            80.225212,
            12.9784681
          ],
          [
            80.2253586,
            12.9785526
          ],
          [
            80.2266635,
            12.9793065
          ],
          [
            80.2281925,
            12.9802521
          ],
          [
            80.2283547,
            12.9803508
          ]
        ]
      },
      "properties": {
        "id": "osm-way-1020569416",
        "kind": "route",
        "name": "Taramani Link Road",
        "description": "OpenStreetMap primary road segment",
        "class": "primary",
        "osm_type": "way",
        "osm_id": "1020569416",
        "highway": "primary",
        "bridge": null,
        "tunnel": null,
        "layer": null,
        "surface": "asphalt",
        "source": "OpenStreetMap",
        "source_url": "https://www.openstreetmap.org/way/1020569416",
        "attribution": "© OpenStreetMap contributors",
        "licence": "Open Data Commons Open Database License (ODbL) 1.0",
        "is_simulated": false
      }
    },
    {
      "type": "Feature",
      "id": "osm-way-1020569417",
      "geometry": {
        "type": "LineString",
        "coordinates": [
          [
            80.2213325,
            12.9760873
          ],
          [
            80.2212565,
            12.9761756
          ],
          [
            80.2212424,
            12.9762165
          ],
          [
            80.2212166,
            12.9763056
          ],
          [
            80.2212122,
            12.9764607
          ],
          [
            80.2212169,
            12.9767901
          ],
          [
            80.2212104,
            12.9770381
          ],
          [
            80.221206,
            12.9775013
          ]
        ]
      },
      "properties": {
        "id": "osm-way-1020569417",
        "kind": "route",
        "name": "Velachery Main Road",
        "description": "OpenStreetMap secondary road segment",
        "class": "secondary",
        "osm_type": "way",
        "osm_id": "1020569417",
        "highway": "secondary",
        "bridge": null,
        "tunnel": null,
        "layer": null,
        "surface": "asphalt",
        "source": "OpenStreetMap",
        "source_url": "https://www.openstreetmap.org/way/1020569417",
        "attribution": "© OpenStreetMap contributors",
        "licence": "Open Data Commons Open Database License (ODbL) 1.0",
        "is_simulated": false
      }
    },
    {
      "type": "Feature",
      "id": "osm-way-1021024228",
      "geometry": {
        "type": "LineString",
        "coordinates": [
          [
            80.2160884,
            12.963621
          ],
          [
            80.2160713,
            12.9635863
          ],
          [
            80.2160258,
            12.9634844
          ]
        ]
      },
      "properties": {
        "id": "osm-way-1021024228",
        "kind": "route",
        "name": "Velachery Main Road",
        "description": "OpenStreetMap primary road segment",
        "class": "primary",
        "osm_type": "way",
        "osm_id": "1021024228",
        "highway": "primary",
        "bridge": null,
        "tunnel": null,
        "layer": null,
        "surface": "asphalt",
        "source": "OpenStreetMap",
        "source_url": "https://www.openstreetmap.org/way/1021024228",
        "attribution": "© OpenStreetMap contributors",
        "licence": "Open Data Commons Open Database License (ODbL) 1.0",
        "is_simulated": false
      }
    },
    {
      "type": "Feature",
      "id": "osm-way-1021024229",
      "geometry": {
        "type": "LineString",
        "coordinates": [
          [
            80.2282523,
            12.9801764
          ],
          [
            80.2274089,
            12.9796622
          ],
          [
            80.2268928,
            12.9793422
          ],
          [
            80.2260724,
            12.9788536
          ],
          [
            80.2253294,
            12.9784111
          ],
          [
            80.2252635,
            12.9783717
          ]
        ]
      },
      "properties": {
        "id": "osm-way-1021024229",
        "kind": "route",
        "name": "Taramani Link Road",
        "description": "OpenStreetMap primary road segment",
        "class": "primary",
        "osm_type": "way",
        "osm_id": "1021024229",
        "highway": "primary",
        "bridge": null,
        "tunnel": null,
        "layer": null,
        "surface": "asphalt",
        "source": "OpenStreetMap",
        "source_url": "https://www.openstreetmap.org/way/1021024229",
        "attribution": "© OpenStreetMap contributors",
        "licence": "Open Data Commons Open Database License (ODbL) 1.0",
        "is_simulated": false
      }
    },
    {
      "type": "Feature",
      "id": "osm-way-1030689327",
      "geometry": {
        "type": "LineString",
        "coordinates": [
          [
            80.2194729,
            12.9915806
          ],
          [
            80.2194071,
            12.9916774
          ]
        ]
      },
      "properties": {
        "id": "osm-way-1030689327",
        "kind": "route",
        "name": "Velachery Main Road",
        "description": "OpenStreetMap secondary road segment",
        "class": "secondary",
        "osm_type": "way",
        "osm_id": "1030689327",
        "highway": "secondary",
        "bridge": null,
        "tunnel": null,
        "layer": null,
        "surface": "asphalt",
        "source": "OpenStreetMap",
        "source_url": "https://www.openstreetmap.org/way/1030689327",
        "attribution": "© OpenStreetMap contributors",
        "licence": "Open Data Commons Open Database License (ODbL) 1.0",
        "is_simulated": false
      }
    },
    {
      "type": "Feature",
      "id": "osm-way-1030689328",
      "geometry": {
        "type": "LineString",
        "coordinates": [
          [
            80.2193951,
            12.991406
          ],
          [
            80.2195142,
            12.9915156
          ]
        ]
      },
      "properties": {
        "id": "osm-way-1030689328",
        "kind": "route",
        "name": "Velachery Bypass Road",
        "description": "OpenStreetMap primary road segment",
        "class": "primary",
        "osm_type": "way",
        "osm_id": "1030689328",
        "highway": "primary",
        "bridge": null,
        "tunnel": null,
        "layer": null,
        "surface": "asphalt",
        "source": "OpenStreetMap",
        "source_url": "https://www.openstreetmap.org/way/1030689328",
        "attribution": "© OpenStreetMap contributors",
        "licence": "Open Data Commons Open Database License (ODbL) 1.0",
        "is_simulated": false
      }
    },
    {
      "type": "Feature",
      "id": "osm-way-1031127132",
      "geometry": {
        "type": "LineString",
        "coordinates": [
          [
            80.2413518,
            13.006599
          ],
          [
            80.2409766,
            13.0066517
          ],
          [
            80.2406158,
            13.0067165
          ]
        ]
      },
      "properties": {
        "id": "osm-way-1031127132",
        "kind": "route",
        "name": "Sardar Patel Road",
        "description": "OpenStreetMap primary road segment",
        "class": "primary",
        "osm_type": "way",
        "osm_id": "1031127132",
        "highway": "primary",
        "bridge": null,
        "tunnel": null,
        "layer": null,
        "surface": "asphalt",
        "source": "OpenStreetMap",
        "source_url": "https://www.openstreetmap.org/way/1031127132",
        "attribution": "© OpenStreetMap contributors",
        "licence": "Open Data Commons Open Database License (ODbL) 1.0",
        "is_simulated": false
      }
    },
    {
      "type": "Feature",
      "id": "osm-way-1032432142",
      "geometry": {
        "type": "LineString",
        "coordinates": [
          [
            80.1822475,
            12.9200046
          ],
          [
            80.1839981,
            12.9204157
          ]
        ]
      },
      "properties": {
        "id": "osm-way-1032432142",
        "kind": "route",
        "name": "Velachery Mudhanmai Salai",
        "description": "OpenStreetMap primary road segment",
        "class": "primary",
        "osm_type": "way",
        "osm_id": "1032432142",
        "highway": "primary",
        "bridge": null,
        "tunnel": null,
        "layer": null,
        "surface": "asphalt",
        "source": "OpenStreetMap",
        "source_url": "https://www.openstreetmap.org/way/1032432142",
        "attribution": "© OpenStreetMap contributors",
        "licence": "Open Data Commons Open Database License (ODbL) 1.0",
        "is_simulated": false
      }
    },
    {
      "type": "Feature",
      "id": "osm-way-1033115593",
      "geometry": {
        "type": "LineString",
        "coordinates": [
          [
            80.2482664,
            13.0454066
          ],
          [
            80.248142,
            13.0447719
          ],
          [
            80.2479761,
            13.0438628
          ],
          [
            80.2479055,
            13.0435102
          ],
          [
            80.247846,
            13.0432997
          ],
          [
            80.2478218,
            13.0432142
          ],
          [
            80.2478029,
            13.0431473
          ],
          [
            80.2477779,
            13.0430312
          ],
          [
            80.2476562,
            13.0424802
          ],
          [
            80.247631,
            13.042391
          ],
          [
            80.2475265,
            13.0419844
          ],
          [
            80.2475098,
            13.0418926
          ],
          [
            80.2474772,
            13.0417334
          ],
          [
            80.247442,
            13.0415834
          ],
          [
            80.2474409,
            13.0414388
          ],
          [
            80.2474274,
            13.0413805
          ],
          [
            80.2474235,
            13.0413602
          ],
          [
            80.2473879,
            13.0411734
          ],
          [
            80.2473813,
            13.0411388
          ],
          [
            80.247377,
            13.0411164
          ],
          [
            80.2473066,
            13.0407472
          ],
          [
            80.2472563,
            13.0404836
          ],
          [
            80.2472218,
            13.0403126
          ],
          [
            80.2471791,
            13.040093
          ],
          [
            80.2470503,
            13.0394741
          ]
        ]
      },
      "properties": {
        "id": "osm-way-1033115593",
        "kind": "route",
        "name": "Anna Salai (Mount Road)",
        "description": "OpenStreetMap primary road segment",
        "class": "primary",
        "osm_type": "way",
        "osm_id": "1033115593",
        "highway": "primary",
        "bridge": null,
        "tunnel": null,
        "layer": null,
        "surface": "asphalt",
        "source": "OpenStreetMap",
        "source_url": "https://www.openstreetmap.org/way/1033115593",
        "attribution": "© OpenStreetMap contributors",
        "licence": "Open Data Commons Open Database License (ODbL) 1.0",
        "is_simulated": false
      }
    },
    {
      "type": "Feature",
      "id": "osm-way-1037943291",
      "geometry": {
        "type": "LineString",
        "coordinates": [
          [
            80.2460083,
            13.0350717
          ],
          [
            80.245793,
            13.0348418
          ],
          [
            80.2456729,
            13.0347483
          ]
        ]
      },
      "properties": {
        "id": "osm-way-1037943291",
        "kind": "route",
        "name": "Anna Salai (Mount Road)",
        "description": "OpenStreetMap primary road segment",
        "class": "primary",
        "osm_type": "way",
        "osm_id": "1037943291",
        "highway": "primary",
        "bridge": null,
        "tunnel": null,
        "layer": null,
        "surface": "asphalt",
        "source": "OpenStreetMap",
        "source_url": "https://www.openstreetmap.org/way/1037943291",
        "attribution": "© OpenStreetMap contributors",
        "licence": "Open Data Commons Open Database License (ODbL) 1.0",
        "is_simulated": false
      }
    },
    {
      "type": "Feature",
      "id": "osm-way-1037943292",
      "geometry": {
        "type": "LineString",
        "coordinates": [
          [
            80.2481321,
            13.0456638
          ],
          [
            80.2482206,
            13.0461314
          ],
          [
            80.2482994,
            13.0465473
          ],
          [
            80.2483506,
            13.046821
          ],
          [
            80.2483969,
            13.0470538
          ],
          [
            80.2485037,
            13.0472933
          ],
          [
            80.2487322,
            13.0475627
          ],
          [
            80.2493466,
            13.0482006
          ],
          [
            80.2495092,
            13.0484155
          ],
          [
            80.2495788,
            13.0485664
          ],
          [
            80.2496299,
            13.0487361
          ],
          [
            80.2496536,
            13.0489191
          ],
          [
            80.2497085,
            13.0494117
          ]
        ]
      },
      "properties": {
        "id": "osm-way-1037943292",
        "kind": "route",
        "name": "Anna Salai (Mount Road)",
        "description": "OpenStreetMap primary road segment",
        "class": "primary",
        "osm_type": "way",
        "osm_id": "1037943292",
        "highway": "primary",
        "bridge": null,
        "tunnel": null,
        "layer": null,
        "surface": "asphalt",
        "source": "OpenStreetMap",
        "source_url": "https://www.openstreetmap.org/way/1037943292",
        "attribution": "© OpenStreetMap contributors",
        "licence": "Open Data Commons Open Database License (ODbL) 1.0",
        "is_simulated": false
      }
    },
    {
      "type": "Feature",
      "id": "osm-way-1039232677",
      "geometry": {
        "type": "LineString",
        "coordinates": [
          [
            80.2159111,
            13.0103818
          ],
          [
            80.2170576,
            13.0109201
          ]
        ]
      },
      "properties": {
        "id": "osm-way-1039232677",
        "kind": "route",
        "name": "Anna Salai (Mount Road)",
        "description": "OpenStreetMap primary road segment",
        "class": "primary",
        "osm_type": "way",
        "osm_id": "1039232677",
        "highway": "primary",
        "bridge": null,
        "tunnel": null,
        "layer": null,
        "surface": null,
        "source": "OpenStreetMap",
        "source_url": "https://www.openstreetmap.org/way/1039232677",
        "attribution": "© OpenStreetMap contributors",
        "licence": "Open Data Commons Open Database License (ODbL) 1.0",
        "is_simulated": false
      }
    },
    {
      "type": "Feature",
      "id": "osm-way-1039273588",
      "geometry": {
        "type": "LineString",
        "coordinates": [
          [
            80.1825618,
            12.9198056
          ],
          [
            80.1823805,
            12.9197652
          ]
        ]
      },
      "properties": {
        "id": "osm-way-1039273588",
        "kind": "route",
        "name": "Velachery Mudhanmai Salai",
        "description": "OpenStreetMap primary road segment",
        "class": "primary",
        "osm_type": "way",
        "osm_id": "1039273588",
        "highway": "primary",
        "bridge": null,
        "tunnel": null,
        "layer": null,
        "surface": "asphalt",
        "source": "OpenStreetMap",
        "source_url": "https://www.openstreetmap.org/way/1039273588",
        "attribution": "© OpenStreetMap contributors",
        "licence": "Open Data Commons Open Database License (ODbL) 1.0",
        "is_simulated": false
      }
    },
    {
      "type": "Feature",
      "id": "osm-way-1039273589",
      "geometry": {
        "type": "LineString",
        "coordinates": [
          [
            80.1840582,
            12.9202321
          ],
          [
            80.1831809,
            12.9199548
          ],
          [
            80.1825618,
            12.9198056
          ]
        ]
      },
      "properties": {
        "id": "osm-way-1039273589",
        "kind": "route",
        "name": "Velachery Mudhanmai Salai",
        "description": "OpenStreetMap primary road segment",
        "class": "primary",
        "osm_type": "way",
        "osm_id": "1039273589",
        "highway": "primary",
        "bridge": null,
        "tunnel": null,
        "layer": null,
        "surface": "asphalt",
        "source": "OpenStreetMap",
        "source_url": "https://www.openstreetmap.org/way/1039273589",
        "attribution": "© OpenStreetMap contributors",
        "licence": "Open Data Commons Open Database License (ODbL) 1.0",
        "is_simulated": false
      }
    },
    {
      "type": "Feature",
      "id": "osm-way-1039273590",
      "geometry": {
        "type": "LineString",
        "coordinates": [
          [
            80.1888439,
            12.9179674
          ],
          [
            80.1881724,
            12.9185178
          ],
          [
            80.1881393,
            12.9185443
          ],
          [
            80.1880879,
            12.9185838
          ],
          [
            80.1878883,
            12.9187575
          ],
          [
            80.1874374,
            12.9191343
          ],
          [
            80.1872887,
            12.9192586
          ],
          [
            80.1869951,
            12.9194878
          ],
          [
            80.1865438,
            12.9198401
          ],
          [
            80.1861556,
            12.9201433
          ],
          [
            80.1859256,
            12.9203334
          ],
          [
            80.1858657,
            12.9203832
          ],
          [
            80.1857443,
            12.9204499
          ],
          [
            80.1855892,
            12.9204845
          ],
          [
            80.1853752,
            12.9204952
          ],
          [
            80.1851818,
            12.9204873
          ],
          [
            80.184929,
            12.9204695
          ],
          [
            80.1846287,
            12.9204035
          ]
        ]
      },
      "properties": {
        "id": "osm-way-1039273590",
        "kind": "route",
        "name": "Velachery Mudhanmai Salai",
        "description": "OpenStreetMap primary road segment",
        "class": "primary",
        "osm_type": "way",
        "osm_id": "1039273590",
        "highway": "primary",
        "bridge": null,
        "tunnel": null,
        "layer": null,
        "surface": "asphalt",
        "source": "OpenStreetMap",
        "source_url": "https://www.openstreetmap.org/way/1039273590",
        "attribution": "© OpenStreetMap contributors",
        "licence": "Open Data Commons Open Database License (ODbL) 1.0",
        "is_simulated": false
      }
    },
    {
      "type": "Feature",
      "id": "osm-way-1039298141",
      "geometry": {
        "type": "LineString",
        "coordinates": [
          [
            80.2591237,
            13.0073191
          ],
          [
            80.2587818,
            13.007234
          ],
          [
            80.2585655,
            13.0071346
          ],
          [
            80.2583614,
            13.0070054
          ],
          [
            80.2580777,
            13.0068187
          ],
          [
            80.2580383,
            13.006796
          ],
          [
            80.2577917,
            13.0066539
          ]
        ]
      },
      "properties": {
        "id": "osm-way-1039298141",
        "kind": "route",
        "name": "Sardar Patel Road",
        "description": "OpenStreetMap primary road segment",
        "class": "primary",
        "osm_type": "way",
        "osm_id": "1039298141",
        "highway": "primary",
        "bridge": null,
        "tunnel": null,
        "layer": null,
        "surface": null,
        "source": "OpenStreetMap",
        "source_url": "https://www.openstreetmap.org/way/1039298141",
        "attribution": "© OpenStreetMap contributors",
        "licence": "Open Data Commons Open Database License (ODbL) 1.0",
        "is_simulated": false
      }
    },
    {
      "type": "Feature",
      "id": "osm-way-1040004963",
      "geometry": {
        "type": "LineString",
        "coordinates": [
          [
            80.2215754,
            13.0120189
          ],
          [
            80.2214799,
            13.0120576
          ],
          [
            80.2213069,
            13.012113
          ],
          [
            80.2210646,
            13.0121486
          ]
        ]
      },
      "properties": {
        "id": "osm-way-1040004963",
        "kind": "route",
        "name": "Anna Salai (Mount Road)",
        "description": "OpenStreetMap primary road segment",
        "class": "primary",
        "osm_type": "way",
        "osm_id": "1040004963",
        "highway": "primary",
        "bridge": null,
        "tunnel": null,
        "layer": null,
        "surface": "asphalt",
        "source": "OpenStreetMap",
        "source_url": "https://www.openstreetmap.org/way/1040004963",
        "attribution": "© OpenStreetMap contributors",
        "licence": "Open Data Commons Open Database License (ODbL) 1.0",
        "is_simulated": false
      }
    },
    {
      "type": "Feature",
      "id": "osm-way-1068188846",
      "geometry": {
        "type": "LineString",
        "coordinates": [
          [
            80.1941101,
            12.9173229
          ],
          [
            80.1941765,
            12.9173539
          ],
          [
            80.1942904,
            12.9174179
          ],
          [
            80.194338,
            12.9174561
          ],
          [
            80.194456,
            12.9175506
          ],
          [
            80.1954781,
            12.9186424
          ],
          [
            80.1955779,
            12.9187491
          ],
          [
            80.1956881,
            12.9188711
          ],
          [
            80.1957944,
            12.9189909
          ],
          [
            80.1958979,
            12.9191095
          ],
          [
            80.1960154,
            12.9192558
          ],
          [
            80.1961156,
            12.9193927
          ],
          [
            80.1961571,
            12.9194545
          ],
          [
            80.1962173,
            12.9195529
          ],
          [
            80.196262,
            12.919637
          ],
          [
            80.1962981,
            12.9197054
          ],
          [
            80.1963361,
            12.9197898
          ],
          [
            80.1963792,
            12.9198903
          ],
          [
            80.1964346,
            12.9200338
          ],
          [
            80.1964708,
            12.9201576
          ],
          [
            80.1965217,
            12.9203148
          ],
          [
            80.1965859,
            12.9205584
          ],
          [
            80.1967052,
            12.9206351
          ]
        ]
      },
      "properties": {
        "id": "osm-way-1068188846",
        "kind": "route",
        "name": "Velachery Mudhanmai Salai",
        "description": "OpenStreetMap primary road segment",
        "class": "primary",
        "osm_type": "way",
        "osm_id": "1068188846",
        "highway": "primary",
        "bridge": null,
        "tunnel": null,
        "layer": null,
        "surface": "asphalt",
        "source": "OpenStreetMap",
        "source_url": "https://www.openstreetmap.org/way/1068188846",
        "attribution": "© OpenStreetMap contributors",
        "licence": "Open Data Commons Open Database License (ODbL) 1.0",
        "is_simulated": false
      }
    },
    {
      "type": "Feature",
      "id": "osm-way-1068188849",
      "geometry": {
        "type": "LineString",
        "coordinates": [
          [
            80.1967052,
            12.9206351
          ],
          [
            80.196736,
            12.9207382
          ],
          [
            80.196799,
            12.9209727
          ]
        ]
      },
      "properties": {
        "id": "osm-way-1068188849",
        "kind": "route",
        "name": "Velachery Main Road",
        "description": "OpenStreetMap primary road segment",
        "class": "primary",
        "osm_type": "way",
        "osm_id": "1068188849",
        "highway": "primary",
        "bridge": null,
        "tunnel": null,
        "layer": null,
        "surface": null,
        "source": "OpenStreetMap",
        "source_url": "https://www.openstreetmap.org/way/1068188849",
        "attribution": "© OpenStreetMap contributors",
        "licence": "Open Data Commons Open Database License (ODbL) 1.0",
        "is_simulated": false
      }
    },
    {
      "type": "Feature",
      "id": "osm-way-1068188850",
      "geometry": {
        "type": "LineString",
        "coordinates": [
          [
            80.1808258,
            12.9195904
          ],
          [
            80.1809016,
            12.9196783
          ],
          [
            80.1819693,
            12.919935
          ]
        ]
      },
      "properties": {
        "id": "osm-way-1068188850",
        "kind": "route",
        "name": "Velachery Mudhanmai Salai",
        "description": "OpenStreetMap primary road segment",
        "class": "primary",
        "osm_type": "way",
        "osm_id": "1068188850",
        "highway": "primary",
        "bridge": null,
        "tunnel": null,
        "layer": null,
        "surface": "asphalt",
        "source": "OpenStreetMap",
        "source_url": "https://www.openstreetmap.org/way/1068188850",
        "attribution": "© OpenStreetMap contributors",
        "licence": "Open Data Commons Open Database License (ODbL) 1.0",
        "is_simulated": false
      }
    },
    {
      "type": "Feature",
      "id": "osm-way-1068188851",
      "geometry": {
        "type": "LineString",
        "coordinates": [
          [
            80.1819693,
            12.919935
          ],
          [
            80.1822475,
            12.9200046
          ]
        ]
      },
      "properties": {
        "id": "osm-way-1068188851",
        "kind": "route",
        "name": "Velachery Mudhanmai Salai",
        "description": "OpenStreetMap primary road segment",
        "class": "primary",
        "osm_type": "way",
        "osm_id": "1068188851",
        "highway": "primary",
        "bridge": null,
        "tunnel": null,
        "layer": null,
        "surface": "asphalt",
        "source": "OpenStreetMap",
        "source_url": "https://www.openstreetmap.org/way/1068188851",
        "attribution": "© OpenStreetMap contributors",
        "licence": "Open Data Commons Open Database License (ODbL) 1.0",
        "is_simulated": false
      }
    },
    {
      "type": "Feature",
      "id": "osm-way-1078273881",
      "geometry": {
        "type": "LineString",
        "coordinates": [
          [
            80.224045,
            13.0145452
          ],
          [
            80.2241392,
            13.0145533
          ],
          [
            80.2241635,
            13.014574
          ],
          [
            80.2248824,
            13.0151863
          ]
        ]
      },
      "properties": {
        "id": "osm-way-1078273881",
        "kind": "route",
        "name": "Anna Salai (Mount Road)",
        "description": "OpenStreetMap primary road segment",
        "class": "primary",
        "osm_type": "way",
        "osm_id": "1078273881",
        "highway": "primary",
        "bridge": null,
        "tunnel": null,
        "layer": null,
        "surface": "asphalt",
        "source": "OpenStreetMap",
        "source_url": "https://www.openstreetmap.org/way/1078273881",
        "attribution": "© OpenStreetMap contributors",
        "licence": "Open Data Commons Open Database License (ODbL) 1.0",
        "is_simulated": false
      }
    },
    {
      "type": "Feature",
      "id": "osm-way-1078273882",
      "geometry": {
        "type": "LineString",
        "coordinates": [
          [
            80.224045,
            13.0145452
          ],
          [
            80.2240833,
            13.0146215
          ],
          [
            80.2241047,
            13.0146395
          ],
          [
            80.2243944,
            13.0148829
          ],
          [
            80.2248301,
            13.015249
          ]
        ]
      },
      "properties": {
        "id": "osm-way-1078273882",
        "kind": "route",
        "name": "Anna Salai (Mount Road)",
        "description": "OpenStreetMap primary road segment",
        "class": "primary",
        "osm_type": "way",
        "osm_id": "1078273882",
        "highway": "primary",
        "bridge": null,
        "tunnel": null,
        "layer": null,
        "surface": "asphalt",
        "source": "OpenStreetMap",
        "source_url": "https://www.openstreetmap.org/way/1078273882",
        "attribution": "© OpenStreetMap contributors",
        "licence": "Open Data Commons Open Database License (ODbL) 1.0",
        "is_simulated": false
      }
    },
    {
      "type": "Feature",
      "id": "osm-way-1078273883",
      "geometry": {
        "type": "LineString",
        "coordinates": [
          [
            80.2232656,
            13.0139131
          ],
          [
            80.2232825,
            13.0139268
          ],
          [
            80.2235426,
            13.0141378
          ],
          [
            80.2237236,
            13.0142852
          ],
          [
            80.2238278,
            13.0143701
          ],
          [
            80.224045,
            13.0145452
          ]
        ]
      },
      "properties": {
        "id": "osm-way-1078273883",
        "kind": "route",
        "name": "Anna Salai (Mount Road)",
        "description": "OpenStreetMap primary road segment",
        "class": "primary",
        "osm_type": "way",
        "osm_id": "1078273883",
        "highway": "primary",
        "bridge": null,
        "tunnel": null,
        "layer": null,
        "surface": "asphalt",
        "source": "OpenStreetMap",
        "source_url": "https://www.openstreetmap.org/way/1078273883",
        "attribution": "© OpenStreetMap contributors",
        "licence": "Open Data Commons Open Database License (ODbL) 1.0",
        "is_simulated": false
      }
    },
    {
      "type": "Feature",
      "id": "osm-way-1082485658",
      "geometry": {
        "type": "LineString",
        "coordinates": [
          [
            80.2097415,
            13.008165
          ],
          [
            80.2093905,
            13.0080754
          ]
        ]
      },
      "properties": {
        "id": "osm-way-1082485658",
        "kind": "route",
        "name": "Anna Salai (Mount Road)",
        "description": "OpenStreetMap primary road segment",
        "class": "primary",
        "osm_type": "way",
        "osm_id": "1082485658",
        "highway": "primary",
        "bridge": null,
        "tunnel": null,
        "layer": null,
        "surface": null,
        "source": "OpenStreetMap",
        "source_url": "https://www.openstreetmap.org/way/1082485658",
        "attribution": "© OpenStreetMap contributors",
        "licence": "Open Data Commons Open Database License (ODbL) 1.0",
        "is_simulated": false
      }
    },
    {
      "type": "Feature",
      "id": "osm-way-1082485659",
      "geometry": {
        "type": "LineString",
        "coordinates": [
          [
            80.2219855,
            13.011873
          ],
          [
            80.2219069,
            13.0119094
          ],
          [
            80.2218358,
            13.0119423
          ],
          [
            80.2217983,
            13.0119596
          ],
          [
            80.2217473,
            13.0119762
          ],
          [
            80.2215754,
            13.0120189
          ]
        ]
      },
      "properties": {
        "id": "osm-way-1082485659",
        "kind": "route",
        "name": "Sardar Patel Road",
        "description": "OpenStreetMap primary road segment",
        "class": "primary",
        "osm_type": "way",
        "osm_id": "1082485659",
        "highway": "primary",
        "bridge": null,
        "tunnel": null,
        "layer": null,
        "surface": null,
        "source": "OpenStreetMap",
        "source_url": "https://www.openstreetmap.org/way/1082485659",
        "attribution": "© OpenStreetMap contributors",
        "licence": "Open Data Commons Open Database License (ODbL) 1.0",
        "is_simulated": false
      }
    },
    {
      "type": "Feature",
      "id": "osm-way-1082485667",
      "geometry": {
        "type": "LineString",
        "coordinates": [
          [
            80.226294,
            13.0221111
          ],
          [
            80.2265569,
            13.0224113
          ],
          [
            80.226563,
            13.0224416
          ],
          [
            80.2267105,
            13.0226662
          ],
          [
            80.2274963,
            13.0235682
          ],
          [
            80.2276579,
            13.0237236
          ],
          [
            80.2277999,
            13.0238688
          ],
          [
            80.2279945,
            13.0240432
          ],
          [
            80.2281587,
            13.0241876
          ],
          [
            80.2284818,
            13.0244507
          ],
          [
            80.2289552,
            13.0247164
          ]
        ]
      },
      "properties": {
        "id": "osm-way-1082485667",
        "kind": "route",
        "name": "Anna Salai (Mount Road)",
        "description": "OpenStreetMap primary road segment",
        "class": "primary",
        "osm_type": "way",
        "osm_id": "1082485667",
        "highway": "primary",
        "bridge": null,
        "tunnel": null,
        "layer": null,
        "surface": null,
        "source": "OpenStreetMap",
        "source_url": "https://www.openstreetmap.org/way/1082485667",
        "attribution": "© OpenStreetMap contributors",
        "licence": "Open Data Commons Open Database License (ODbL) 1.0",
        "is_simulated": false
      }
    },
    {
      "type": "Feature",
      "id": "osm-way-1082485668",
      "geometry": {
        "type": "LineString",
        "coordinates": [
          [
            80.2248301,
            13.015249
          ],
          [
            80.2250894,
            13.0155164
          ]
        ]
      },
      "properties": {
        "id": "osm-way-1082485668",
        "kind": "route",
        "name": "Anna Salai (Mount Road)",
        "description": "OpenStreetMap primary road segment",
        "class": "primary",
        "osm_type": "way",
        "osm_id": "1082485668",
        "highway": "primary",
        "bridge": null,
        "tunnel": null,
        "layer": null,
        "surface": null,
        "source": "OpenStreetMap",
        "source_url": "https://www.openstreetmap.org/way/1082485668",
        "attribution": "© OpenStreetMap contributors",
        "licence": "Open Data Commons Open Database License (ODbL) 1.0",
        "is_simulated": false
      }
    },
    {
      "type": "Feature",
      "id": "osm-way-1082485669",
      "geometry": {
        "type": "LineString",
        "coordinates": [
          [
            80.2103263,
            13.0085663
          ],
          [
            80.2112087,
            13.0088683
          ],
          [
            80.2116047,
            13.0089924
          ],
          [
            80.2116525,
            13.0090089
          ]
        ]
      },
      "properties": {
        "id": "osm-way-1082485669",
        "kind": "route",
        "name": "Anna Salai (Mount Road)",
        "description": "OpenStreetMap primary road segment",
        "class": "primary",
        "osm_type": "way",
        "osm_id": "1082485669",
        "highway": "primary",
        "bridge": null,
        "tunnel": null,
        "layer": null,
        "surface": null,
        "source": "OpenStreetMap",
        "source_url": "https://www.openstreetmap.org/way/1082485669",
        "attribution": "© OpenStreetMap contributors",
        "licence": "Open Data Commons Open Database License (ODbL) 1.0",
        "is_simulated": false
      }
    },
    {
      "type": "Feature",
      "id": "osm-way-1082485670",
      "geometry": {
        "type": "LineString",
        "coordinates": [
          [
            80.2065299,
            13.0078414
          ],
          [
            80.2070512,
            13.0079177
          ],
          [
            80.2072355,
            13.0079447
          ],
          [
            80.2086623,
            13.0081478
          ],
          [
            80.2093351,
            13.0082622
          ],
          [
            80.2099739,
            13.008448
          ],
          [
            80.2103263,
            13.0085663
          ]
        ]
      },
      "properties": {
        "id": "osm-way-1082485670",
        "kind": "route",
        "name": "Anna Salai (Mount Road)",
        "description": "OpenStreetMap primary road segment",
        "class": "primary",
        "osm_type": "way",
        "osm_id": "1082485670",
        "highway": "primary",
        "bridge": null,
        "tunnel": null,
        "layer": null,
        "surface": null,
        "source": "OpenStreetMap",
        "source_url": "https://www.openstreetmap.org/way/1082485670",
        "attribution": "© OpenStreetMap contributors",
        "licence": "Open Data Commons Open Database License (ODbL) 1.0",
        "is_simulated": false
      }
    },
    {
      "type": "Feature",
      "id": "osm-way-1105956373",
      "geometry": {
        "type": "LineString",
        "coordinates": [
          [
            80.2193279,
            12.9781365
          ],
          [
            80.2194198,
            12.9780888
          ],
          [
            80.2194824,
            12.9779563
          ],
          [
            80.2195108,
            12.9778859
          ],
          [
            80.2195174,
            12.9778732
          ],
          [
            80.219544,
            12.9778115
          ],
          [
            80.2197972,
            12.9771638
          ],
          [
            80.2199529,
            12.9767862
          ],
          [
            80.2200871,
            12.9764609
          ],
          [
            80.2201404,
            12.9763325
          ],
          [
            80.2201547,
            12.9762902
          ],
          [
            80.220161,
            12.9762715
          ],
          [
            80.2202098,
            12.9761446
          ],
          [
            80.2202782,
            12.9760035
          ],
          [
            80.2203358,
            12.9758819
          ],
          [
            80.2203908,
            12.9757761
          ],
          [
            80.2204375,
            12.9757042
          ],
          [
            80.2204643,
            12.975663
          ],
          [
            80.2205292,
            12.9755867
          ],
          [
            80.2205653,
            12.9755564
          ],
          [
            80.2205889,
            12.9755367
          ],
          [
            80.2206372,
            12.9755129
          ],
          [
            80.2207189,
            12.9754853
          ]
        ]
      },
      "properties": {
        "id": "osm-way-1105956373",
        "kind": "route",
        "name": "100 Feet Road",
        "description": "OpenStreetMap primary road segment",
        "class": "primary",
        "osm_type": "way",
        "osm_id": "1105956373",
        "highway": "primary",
        "bridge": null,
        "tunnel": null,
        "layer": null,
        "surface": null,
        "source": "OpenStreetMap",
        "source_url": "https://www.openstreetmap.org/way/1105956373",
        "attribution": "© OpenStreetMap contributors",
        "licence": "Open Data Commons Open Database License (ODbL) 1.0",
        "is_simulated": false
      }
    },
    {
      "type": "Feature",
      "id": "osm-way-1105956375",
      "geometry": {
        "type": "LineString",
        "coordinates": [
          [
            80.2204894,
            12.97508
          ],
          [
            80.2204915,
            12.9751107
          ],
          [
            80.2204977,
            12.9751555
          ],
          [
            80.2204976,
            12.9752006
          ],
          [
            80.2204829,
            12.9752686
          ],
          [
            80.2204507,
            12.975347
          ],
          [
            80.2204051,
            12.9754306
          ],
          [
            80.2203582,
            12.9755011
          ],
          [
            80.2203367,
            12.975526
          ],
          [
            80.2203066,
            12.97556
          ],
          [
            80.2202861,
            12.9755849
          ],
          [
            80.2202557,
            12.9756216
          ],
          [
            80.2202426,
            12.9756375
          ],
          [
            80.2201784,
            12.9757079
          ],
          [
            80.2201133,
            12.9757798
          ],
          [
            80.2200678,
            12.9758377
          ],
          [
            80.2200294,
            12.9758988
          ],
          [
            80.2199624,
            12.9760139
          ],
          [
            80.2198996,
            12.9761508
          ],
          [
            80.2198209,
            12.9763456
          ],
          [
            80.2197633,
            12.976488
          ],
          [
            80.2196751,
            12.976714
          ],
          [
            80.2194814,
            12.9772203
          ],
          [
            80.2191825,
            12.9779737
          ],
          [
            80.2191448,
            12.9780536
          ]
        ]
      },
      "properties": {
        "id": "osm-way-1105956375",
        "kind": "route",
        "name": "100 Feet Road",
        "description": "OpenStreetMap primary road segment",
        "class": "primary",
        "osm_type": "way",
        "osm_id": "1105956375",
        "highway": "primary",
        "bridge": null,
        "tunnel": null,
        "layer": null,
        "surface": "asphalt",
        "source": "OpenStreetMap",
        "source_url": "https://www.openstreetmap.org/way/1105956375",
        "attribution": "© OpenStreetMap contributors",
        "licence": "Open Data Commons Open Database License (ODbL) 1.0",
        "is_simulated": false
      }
    },
    {
      "type": "Feature",
      "id": "osm-way-1105956379",
      "geometry": {
        "type": "LineString",
        "coordinates": [
          [
            80.2187689,
            12.9707573
          ],
          [
            80.218843,
            12.9709191
          ],
          [
            80.2190042,
            12.9713022
          ],
          [
            80.2190447,
            12.9714014
          ]
        ]
      },
      "properties": {
        "id": "osm-way-1105956379",
        "kind": "route",
        "name": "Velachery Main Road",
        "description": "OpenStreetMap primary road segment",
        "class": "primary",
        "osm_type": "way",
        "osm_id": "1105956379",
        "highway": "primary",
        "bridge": null,
        "tunnel": null,
        "layer": null,
        "surface": "asphalt",
        "source": "OpenStreetMap",
        "source_url": "https://www.openstreetmap.org/way/1105956379",
        "attribution": "© OpenStreetMap contributors",
        "licence": "Open Data Commons Open Database License (ODbL) 1.0",
        "is_simulated": false
      }
    },
    {
      "type": "Feature",
      "id": "osm-way-1105956380",
      "geometry": {
        "type": "LineString",
        "coordinates": [
          [
            80.2190447,
            12.9714014
          ],
          [
            80.219175,
            12.9717386
          ],
          [
            80.2192008,
            12.9718053
          ],
          [
            80.2192164,
            12.971874
          ]
        ]
      },
      "properties": {
        "id": "osm-way-1105956380",
        "kind": "route",
        "name": "Velachery Main Road",
        "description": "OpenStreetMap primary road segment",
        "class": "primary",
        "osm_type": "way",
        "osm_id": "1105956380",
        "highway": "primary",
        "bridge": null,
        "tunnel": null,
        "layer": null,
        "surface": "asphalt",
        "source": "OpenStreetMap",
        "source_url": "https://www.openstreetmap.org/way/1105956380",
        "attribution": "© OpenStreetMap contributors",
        "licence": "Open Data Commons Open Database License (ODbL) 1.0",
        "is_simulated": false
      }
    },
    {
      "type": "Feature",
      "id": "osm-way-1105956381",
      "geometry": {
        "type": "LineString",
        "coordinates": [
          [
            80.2191661,
            12.9784912
          ],
          [
            80.2192141,
            12.9784301
          ],
          [
            80.2192714,
            12.9782778
          ],
          [
            80.2193279,
            12.9781365
          ]
        ]
      },
      "properties": {
        "id": "osm-way-1105956381",
        "kind": "route",
        "name": "100 Feet Road",
        "description": "OpenStreetMap primary road segment",
        "class": "primary",
        "osm_type": "way",
        "osm_id": "1105956381",
        "highway": "primary",
        "bridge": null,
        "tunnel": null,
        "layer": null,
        "surface": null,
        "source": "OpenStreetMap",
        "source_url": "https://www.openstreetmap.org/way/1105956381",
        "attribution": "© OpenStreetMap contributors",
        "licence": "Open Data Commons Open Database License (ODbL) 1.0",
        "is_simulated": false
      }
    },
    {
      "type": "Feature",
      "id": "osm-way-1105956383",
      "geometry": {
        "type": "LineString",
        "coordinates": [
          [
            80.219131,
            12.9712759
          ],
          [
            80.2189424,
            12.9707377
          ],
          [
            80.2188898,
            12.9705875
          ]
        ]
      },
      "properties": {
        "id": "osm-way-1105956383",
        "kind": "route",
        "name": "Velachery Main Road",
        "description": "OpenStreetMap primary road segment",
        "class": "primary",
        "osm_type": "way",
        "osm_id": "1105956383",
        "highway": "primary",
        "bridge": null,
        "tunnel": null,
        "layer": null,
        "surface": "asphalt",
        "source": "OpenStreetMap",
        "source_url": "https://www.openstreetmap.org/way/1105956383",
        "attribution": "© OpenStreetMap contributors",
        "licence": "Open Data Commons Open Database License (ODbL) 1.0",
        "is_simulated": false
      }
    },
    {
      "type": "Feature",
      "id": "osm-way-1105956833",
      "geometry": {
        "type": "LineString",
        "coordinates": [
          [
            80.2191448,
            12.9780536
          ],
          [
            80.2191203,
            12.9781166
          ],
          [
            80.219098,
            12.9781639
          ],
          [
            80.2188756,
            12.9787329
          ],
          [
            80.2188666,
            12.9787559
          ],
          [
            80.2188374,
            12.9788292
          ],
          [
            80.2188116,
            12.978894
          ],
          [
            80.218732,
            12.9791283
          ],
          [
            80.2186351,
            12.9794109
          ],
          [
            80.2186029,
            12.9795109
          ],
          [
            80.2185724,
            12.9795876
          ],
          [
            80.2185054,
            12.9797564
          ],
          [
            80.2184192,
            12.9800194
          ]
        ]
      },
      "properties": {
        "id": "osm-way-1105956833",
        "kind": "route",
        "name": "Velachery Bypass Road",
        "description": "OpenStreetMap primary road segment",
        "class": "primary",
        "osm_type": "way",
        "osm_id": "1105956833",
        "highway": "primary",
        "bridge": null,
        "tunnel": null,
        "layer": null,
        "surface": "asphalt",
        "source": "OpenStreetMap",
        "source_url": "https://www.openstreetmap.org/way/1105956833",
        "attribution": "© OpenStreetMap contributors",
        "licence": "Open Data Commons Open Database License (ODbL) 1.0",
        "is_simulated": false
      }
    },
    {
      "type": "Feature",
      "id": "osm-way-1115994190",
      "geometry": {
        "type": "LineString",
        "coordinates": [
          [
            80.2440923,
            12.9579758
          ],
          [
            80.2444442,
            12.9589172
          ],
          [
            80.2446393,
            12.9593559
          ],
          [
            80.2450445,
            12.9602668
          ],
          [
            80.2453426,
            12.9609039
          ],
          [
            80.2457245,
            12.9617202
          ],
          [
            80.2460678,
            12.9624136
          ],
          [
            80.2461631,
            12.9625853
          ],
          [
            80.2464205,
            12.9630989
          ]
        ]
      },
      "properties": {
        "id": "osm-way-1115994190",
        "kind": "route",
        "name": "Rajiv Gandhi Salai",
        "description": "OpenStreetMap primary road segment",
        "class": "primary",
        "osm_type": "way",
        "osm_id": "1115994190",
        "highway": "primary",
        "bridge": null,
        "tunnel": null,
        "layer": null,
        "surface": null,
        "source": "OpenStreetMap",
        "source_url": "https://www.openstreetmap.org/way/1115994190",
        "attribution": "© OpenStreetMap contributors",
        "licence": "Open Data Commons Open Database License (ODbL) 1.0",
        "is_simulated": false
      }
    },
    {
      "type": "Feature",
      "id": "osm-way-1122574994",
      "geometry": {
        "type": "LineString",
        "coordinates": [
          [
            80.2279903,
            12.9009007
          ],
          [
            80.2279796,
            12.90077
          ],
          [
            80.2279756,
            12.9006819
          ],
          [
            80.2279682,
            12.9005561
          ],
          [
            80.2279611,
            12.9004356
          ],
          [
            80.2279176,
            12.8997116
          ],
          [
            80.2278329,
            12.8982671
          ],
          [
            80.2278081,
            12.8979192
          ],
          [
            80.227793,
            12.8976726
          ],
          [
            80.2277421,
            12.8967468
          ],
          [
            80.2277351,
            12.8966196
          ],
          [
            80.2276903,
            12.8958042
          ],
          [
            80.2276238,
            12.8945747
          ],
          [
            80.2275867,
            12.8938896
          ],
          [
            80.2274301,
            12.8925969
          ],
          [
            80.2274215,
            12.8925259
          ],
          [
            80.2274202,
            12.8924408
          ],
          [
            80.2274105,
            12.8917886
          ],
          [
            80.2273779,
            12.889593
          ],
          [
            80.227364,
            12.8882554
          ],
          [
            80.2272812,
            12.8875616
          ],
          [
            80.2272348,
            12.8871731
          ],
          [
            80.2268321,
            12.8856814
          ],
          [
            80.226753,
            12.88532
          ],
          [
            80.2267467,
            12.8850528
          ],
          [
            80.2267388,
            12.8847211
          ],
          [
            80.2267204,
            12.8841975
          ],
          [
            80.2267405,
            12.8836518
          ],
          [
            80.2267488,
            12.8824708
          ],
          [
            80.2267681,
            12.880753
          ],
          [
            80.2267778,
            12.8802023
          ],
          [
            80.2267956,
            12.879197
          ],
          [
            80.2268151,
            12.8789317
          ],
          [
            80.2268363,
            12.8786424
          ],
          [
            80.2268599,
            12.8784362
          ],
          [
            80.226884,
            12.8782259
          ],
          [
            80.2269332,
            12.8777962
          ],
          [
            80.2269545,
            12.8773504
          ],
          [
            80.2269808,
            12.8769831
          ],
          [
            80.2269967,
            12.8767207
          ],
          [
            80.2270065,
            12.87656
          ]
        ]
      },
      "properties": {
        "id": "osm-way-1122574994",
        "kind": "route",
        "name": "Rajiv Gandhi Salai",
        "description": "OpenStreetMap primary road segment",
        "class": "primary",
        "osm_type": "way",
        "osm_id": "1122574994",
        "highway": "primary",
        "bridge": null,
        "tunnel": null,
        "layer": null,
        "surface": null,
        "source": "OpenStreetMap",
        "source_url": "https://www.openstreetmap.org/way/1122574994",
        "attribution": "© OpenStreetMap contributors",
        "licence": "Open Data Commons Open Database License (ODbL) 1.0",
        "is_simulated": false
      }
    },
    {
      "type": "Feature",
      "id": "osm-way-1124055503",
      "geometry": {
        "type": "LineString",
        "coordinates": [
          [
            80.2473989,
            13.0067719
          ],
          [
            80.2474001,
            13.0067114
          ],
          [
            80.2473998,
            13.0066491
          ]
        ]
      },
      "properties": {
        "id": "osm-way-1124055503",
        "kind": "route",
        "name": "Rajiv Gandhi Salai",
        "description": "OpenStreetMap primary road segment",
        "class": "primary",
        "osm_type": "way",
        "osm_id": "1124055503",
        "highway": "primary",
        "bridge": null,
        "tunnel": null,
        "layer": null,
        "surface": "asphalt",
        "source": "OpenStreetMap",
        "source_url": "https://www.openstreetmap.org/way/1124055503",
        "attribution": "© OpenStreetMap contributors",
        "licence": "Open Data Commons Open Database License (ODbL) 1.0",
        "is_simulated": false
      }
    },
    {
      "type": "Feature",
      "id": "osm-way-1124055504",
      "geometry": {
        "type": "LineString",
        "coordinates": [
          [
            80.2476619,
            13.0066597
          ],
          [
            80.2473998,
            13.0066491
          ]
        ]
      },
      "properties": {
        "id": "osm-way-1124055504",
        "kind": "route",
        "name": "Sardar Patel Road",
        "description": "OpenStreetMap primary road segment",
        "class": "primary",
        "osm_type": "way",
        "osm_id": "1124055504",
        "highway": "primary",
        "bridge": null,
        "tunnel": null,
        "layer": null,
        "surface": "asphalt",
        "source": "OpenStreetMap",
        "source_url": "https://www.openstreetmap.org/way/1124055504",
        "attribution": "© OpenStreetMap contributors",
        "licence": "Open Data Commons Open Database License (ODbL) 1.0",
        "is_simulated": false
      }
    },
    {
      "type": "Feature",
      "id": "osm-way-1124055508",
      "geometry": {
        "type": "LineString",
        "coordinates": [
          [
            80.2476214,
            13.0067745
          ],
          [
            80.2478282,
            13.0067698
          ]
        ]
      },
      "properties": {
        "id": "osm-way-1124055508",
        "kind": "route",
        "name": "Sardar Patel Road",
        "description": "OpenStreetMap primary road segment",
        "class": "primary",
        "osm_type": "way",
        "osm_id": "1124055508",
        "highway": "primary",
        "bridge": null,
        "tunnel": null,
        "layer": null,
        "surface": "asphalt",
        "source": "OpenStreetMap",
        "source_url": "https://www.openstreetmap.org/way/1124055508",
        "attribution": "© OpenStreetMap contributors",
        "licence": "Open Data Commons Open Database License (ODbL) 1.0",
        "is_simulated": false
      }
    },
    {
      "type": "Feature",
      "id": "osm-way-1132671555",
      "geometry": {
        "type": "LineString",
        "coordinates": [
          [
            80.2064785,
            13.0212029
          ],
          [
            80.2064669,
            13.0207272
          ],
          [
            80.2065097,
            13.0200679
          ],
          [
            80.2064842,
            13.0196425
          ],
          [
            80.2063609,
            13.0191024
          ],
          [
            80.2061785,
            13.018522
          ],
          [
            80.205848,
            13.0176509
          ]
        ]
      },
      "properties": {
        "id": "osm-way-1132671555",
        "kind": "route",
        "name": "Inner Ring Road",
        "description": "OpenStreetMap primary road segment",
        "class": "primary",
        "osm_type": "way",
        "osm_id": "1132671555",
        "highway": "primary",
        "bridge": null,
        "tunnel": null,
        "layer": null,
        "surface": "fine_gravel",
        "source": "OpenStreetMap",
        "source_url": "https://www.openstreetmap.org/way/1132671555",
        "attribution": "© OpenStreetMap contributors",
        "licence": "Open Data Commons Open Database License (ODbL) 1.0",
        "is_simulated": false
      }
    },
    {
      "type": "Feature",
      "id": "osm-way-1132671556",
      "geometry": {
        "type": "LineString",
        "coordinates": [
          [
            80.2064911,
            13.0217923
          ],
          [
            80.2064889,
            13.021629
          ]
        ]
      },
      "properties": {
        "id": "osm-way-1132671556",
        "kind": "route",
        "name": "Inner Ring Road",
        "description": "OpenStreetMap primary road segment",
        "class": "primary",
        "osm_type": "way",
        "osm_id": "1132671556",
        "highway": "primary",
        "bridge": null,
        "tunnel": null,
        "layer": null,
        "surface": null,
        "source": "OpenStreetMap",
        "source_url": "https://www.openstreetmap.org/way/1132671556",
        "attribution": "© OpenStreetMap contributors",
        "licence": "Open Data Commons Open Database License (ODbL) 1.0",
        "is_simulated": false
      }
    },
    {
      "type": "Feature",
      "id": "osm-way-1132671558",
      "geometry": {
        "type": "LineString",
        "coordinates": [
          [
            80.2063264,
            13.0222375
          ],
          [
            80.2063754,
            13.0225319
          ],
          [
            80.2064482,
            13.0229689
          ],
          [
            80.2065402,
            13.0235652
          ],
          [
            80.2065764,
            13.0236739
          ],
          [
            80.2065898,
            13.0237238
          ],
          [
            80.2066834,
            13.0240736
          ],
          [
            80.2067601,
            13.02436
          ],
          [
            80.2068255,
            13.0246044
          ],
          [
            80.2068674,
            13.0247613
          ],
          [
            80.2068778,
            13.0248
          ],
          [
            80.2069983,
            13.0254279
          ],
          [
            80.2070696,
            13.0256568
          ]
        ]
      },
      "properties": {
        "id": "osm-way-1132671558",
        "kind": "route",
        "name": "Inner Ring Road",
        "description": "OpenStreetMap primary road segment",
        "class": "primary",
        "osm_type": "way",
        "osm_id": "1132671558",
        "highway": "primary",
        "bridge": null,
        "tunnel": null,
        "layer": null,
        "surface": "asphalt",
        "source": "OpenStreetMap",
        "source_url": "https://www.openstreetmap.org/way/1132671558",
        "attribution": "© OpenStreetMap contributors",
        "licence": "Open Data Commons Open Database License (ODbL) 1.0",
        "is_simulated": false
      }
    },
    {
      "type": "Feature",
      "id": "osm-way-1148733672",
      "geometry": {
        "type": "LineString",
        "coordinates": [
          [
            80.1823805,
            12.9197652
          ],
          [
            80.1819888,
            12.9196823
          ],
          [
            80.1818836,
            12.9196638
          ],
          [
            80.1813039,
            12.9195497
          ],
          [
            80.1812263,
            12.9195344
          ],
          [
            80.1809466,
            12.9194794
          ],
          [
            80.1802135,
            12.9193296
          ],
          [
            80.1799094,
            12.919253
          ],
          [
            80.1796702,
            12.9191874
          ],
          [
            80.1795038,
            12.9191229
          ],
          [
            80.1793441,
            12.9190655
          ],
          [
            80.1789583,
            12.9188242
          ],
          [
            80.1787318,
            12.918658
          ],
          [
            80.1784046,
            12.9184185
          ],
          [
            80.1782706,
            12.9183334
          ],
          [
            80.1782423,
            12.9183154
          ],
          [
            80.1782011,
            12.9182887
          ],
          [
            80.1781357,
            12.9182464
          ],
          [
            80.1779337,
            12.918189
          ],
          [
            80.1778022,
            12.9181737
          ],
          [
            80.1776388,
            12.9181751
          ],
          [
            80.1772821,
            12.9182366
          ],
          [
            80.1765831,
            12.9183656
          ],
          [
            80.1760495,
            12.9184728
          ],
          [
            80.1756091,
            12.9186086
          ],
          [
            80.1753689,
            12.9186648
          ],
          [
            80.1746317,
            12.9188374
          ],
          [
            80.1746174,
            12.9188409
          ],
          [
            80.1730626,
            12.9192217
          ],
          [
            80.1726825,
            12.9193081
          ],
          [
            80.1723489,
            12.9194058
          ],
          [
            80.1721254,
            12.9194761
          ],
          [
            80.1714143,
            12.9196996
          ],
          [
            80.1711521,
            12.9197846
          ],
          [
            80.1706285,
            12.9199545
          ],
          [
            80.1702246,
            12.9200855
          ],
          [
            80.1698192,
            12.920217
          ],
          [
            80.1685534,
            12.9206275
          ],
          [
            80.1682314,
            12.9207319
          ],
          [
            80.1679131,
            12.9208351
          ],
          [
            80.1678688,
            12.920849
          ],
          [
            80.1677123,
            12.9208982
          ],
          [
            80.1672583,
            12.9210408
          ],
          [
            80.1666514,
            12.9212315
          ],
          [
            80.1662876,
            12.9213328
          ],
          [
            80.1662556,
            12.9213431
          ],
          [
            80.1660669,
            12.9214037
          ],
          [
            80.1658866,
            12.9214632
          ],
          [
            80.1655909,
            12.9215638
          ],
          [
            80.1655356,
            12.9215813
          ],
          [
            80.1654867,
            12.9215968
          ],
          [
            80.1654392,
            12.9216119
          ],
          [
            80.1653815,
            12.9216302
          ],
          [
            80.1652489,
            12.9216722
          ],
          [
            80.1651121,
            12.9217171
          ],
          [
            80.1647773,
            12.9218271
          ],
          [
            80.1645755,
            12.9218934
          ],
          [
            80.1642588,
            12.9219975
          ],
          [
            80.1642117,
            12.922013
          ],
          [
            80.1638264,
            12.9221395
          ],
          [
            80.163461,
            12.9222596
          ],
          [
            80.1629683,
            12.9224215
          ],
          [
            80.1626717,
            12.9225189
          ],
          [
            80.1623766,
            12.9226101
          ],
          [
            80.1609191,
            12.9230605
          ],
          [
            80.1604903,
            12.9231856
          ],
          [
            80.1601338,
            12.9233012
          ],
          [
            80.1600038,
            12.9233326
          ],
          [
            80.1598951,
            12.9233548
          ],
          [
            80.1588109,
            12.9234304
          ],
          [
            80.1583851,
            12.9234664
          ],
          [
            80.1581716,
            12.9234841
          ],
          [
            80.1569945,
            12.923592
          ],
          [
            80.1563784,
            12.9236636
          ],
          [
            80.1560099,
            12.9236816
          ],
          [
            80.1559308,
            12.923679
          ],
          [
            80.1558663,
            12.9236755
          ],
          [
            80.1555227,
            12.9235756
          ],
          [
            80.1553702,
            12.9235286
          ],
          [
            80.1549867,
            12.9234293
          ],
          [
            80.1549683,
            12.9234258
          ],
          [
            80.1546876,
            12.9233717
          ],
          [
            80.1538887,
            12.9231659
          ],
          [
            80.1528405,
            12.9228958
          ],
          [
            80.152494,
            12.9228065
          ]
        ]
      },
      "properties": {
        "id": "osm-way-1148733672",
        "kind": "route",
        "name": "Velachery Mudhanmai Salai",
        "description": "OpenStreetMap primary road segment",
        "class": "primary",
        "osm_type": "way",
        "osm_id": "1148733672",
        "highway": "primary",
        "bridge": null,
        "tunnel": null,
        "layer": null,
        "surface": "asphalt",
        "source": "OpenStreetMap",
        "source_url": "https://www.openstreetmap.org/way/1148733672",
        "attribution": "© OpenStreetMap contributors",
        "licence": "Open Data Commons Open Database License (ODbL) 1.0",
        "is_simulated": false
      }
    },
    {
      "type": "Feature",
      "id": "osm-way-1148738734",
      "geometry": {
        "type": "LineString",
        "coordinates": [
          [
            80.2464205,
            12.9630989
          ],
          [
            80.24656,
            12.9633959
          ],
          [
            80.2466063,
            12.9634896
          ]
        ]
      },
      "properties": {
        "id": "osm-way-1148738734",
        "kind": "route",
        "name": "Rajiv Gandhi Salai",
        "description": "OpenStreetMap primary road segment",
        "class": "primary",
        "osm_type": "way",
        "osm_id": "1148738734",
        "highway": "primary",
        "bridge": null,
        "tunnel": null,
        "layer": null,
        "surface": null,
        "source": "OpenStreetMap",
        "source_url": "https://www.openstreetmap.org/way/1148738734",
        "attribution": "© OpenStreetMap contributors",
        "licence": "Open Data Commons Open Database License (ODbL) 1.0",
        "is_simulated": false
      }
    },
    {
      "type": "Feature",
      "id": "osm-way-1148738735",
      "geometry": {
        "type": "LineString",
        "coordinates": [
          [
            80.2465046,
            12.9630201
          ],
          [
            80.2462689,
            12.9625455
          ],
          [
            80.2459712,
            12.9619476
          ],
          [
            80.2456925,
            12.9613069
          ],
          [
            80.2455079,
            12.9609199
          ],
          [
            80.2454737,
            12.9608441
          ],
          [
            80.2453447,
            12.9605579
          ],
          [
            80.245325,
            12.9605141
          ],
          [
            80.245305,
            12.9604698
          ],
          [
            80.2451575,
            12.9601186
          ],
          [
            80.2450347,
            12.9598317
          ],
          [
            80.2446059,
            12.9589116
          ],
          [
            80.2442018,
            12.9579337
          ],
          [
            80.2441703,
            12.95785
          ],
          [
            80.244146,
            12.9577877
          ],
          [
            80.2438978,
            12.9571503
          ],
          [
            80.2438351,
            12.9569892
          ],
          [
            80.2436326,
            12.9564715
          ]
        ]
      },
      "properties": {
        "id": "osm-way-1148738735",
        "kind": "route",
        "name": "Rajiv Gandhi Salai",
        "description": "OpenStreetMap primary road segment",
        "class": "primary",
        "osm_type": "way",
        "osm_id": "1148738735",
        "highway": "primary",
        "bridge": null,
        "tunnel": null,
        "layer": null,
        "surface": null,
        "source": "OpenStreetMap",
        "source_url": "https://www.openstreetmap.org/way/1148738735",
        "attribution": "© OpenStreetMap contributors",
        "licence": "Open Data Commons Open Database License (ODbL) 1.0",
        "is_simulated": false
      }
    },
    {
      "type": "Feature",
      "id": "osm-way-1148738736",
      "geometry": {
        "type": "LineString",
        "coordinates": [
          [
            80.2467116,
            12.9634407
          ],
          [
            80.2466202,
            12.9632636
          ],
          [
            80.2465046,
            12.9630201
          ]
        ]
      },
      "properties": {
        "id": "osm-way-1148738736",
        "kind": "route",
        "name": "Rajiv Gandhi Salai",
        "description": "OpenStreetMap primary road segment",
        "class": "primary",
        "osm_type": "way",
        "osm_id": "1148738736",
        "highway": "primary",
        "bridge": null,
        "tunnel": null,
        "layer": null,
        "surface": null,
        "source": "OpenStreetMap",
        "source_url": "https://www.openstreetmap.org/way/1148738736",
        "attribution": "© OpenStreetMap contributors",
        "licence": "Open Data Commons Open Database License (ODbL) 1.0",
        "is_simulated": false
      }
    },
    {
      "type": "Feature",
      "id": "osm-way-1148768995",
      "geometry": {
        "type": "LineString",
        "coordinates": [
          [
            80.2043941,
            13.0137243
          ],
          [
            80.2043658,
            13.0136521
          ],
          [
            80.2042843,
            13.0134377
          ],
          [
            80.2042744,
            13.0134126
          ],
          [
            80.2041674,
            13.0131241
          ],
          [
            80.2040544,
            13.0127185
          ]
        ]
      },
      "properties": {
        "id": "osm-way-1148768995",
        "kind": "route",
        "name": "Inner Ring Road",
        "description": "OpenStreetMap primary road segment",
        "class": "primary",
        "osm_type": "way",
        "osm_id": "1148768995",
        "highway": "primary",
        "bridge": null,
        "tunnel": null,
        "layer": null,
        "surface": "asphalt",
        "source": "OpenStreetMap",
        "source_url": "https://www.openstreetmap.org/way/1148768995",
        "attribution": "© OpenStreetMap contributors",
        "licence": "Open Data Commons Open Database License (ODbL) 1.0",
        "is_simulated": false
      }
    },
    {
      "type": "Feature",
      "id": "osm-way-1148768996",
      "geometry": {
        "type": "LineString",
        "coordinates": [
          [
            80.2046766,
            13.0144662
          ],
          [
            80.2045404,
            13.0141061
          ],
          [
            80.2043941,
            13.0137243
          ]
        ]
      },
      "properties": {
        "id": "osm-way-1148768996",
        "kind": "route",
        "name": "Inner Ring Road",
        "description": "OpenStreetMap primary road segment",
        "class": "primary",
        "osm_type": "way",
        "osm_id": "1148768996",
        "highway": "primary",
        "bridge": null,
        "tunnel": null,
        "layer": null,
        "surface": "asphalt",
        "source": "OpenStreetMap",
        "source_url": "https://www.openstreetmap.org/way/1148768996",
        "attribution": "© OpenStreetMap contributors",
        "licence": "Open Data Commons Open Database License (ODbL) 1.0",
        "is_simulated": false
      }
    },
    {
      "type": "Feature",
      "id": "osm-way-1148768997",
      "geometry": {
        "type": "LineString",
        "coordinates": [
          [
            80.2039554,
            13.0127638
          ],
          [
            80.2042241,
            13.0136894
          ],
          [
            80.2042473,
            13.0137705
          ]
        ]
      },
      "properties": {
        "id": "osm-way-1148768997",
        "kind": "route",
        "name": "Inner Ring Road",
        "description": "OpenStreetMap primary road segment",
        "class": "primary",
        "osm_type": "way",
        "osm_id": "1148768997",
        "highway": "primary",
        "bridge": null,
        "tunnel": null,
        "layer": null,
        "surface": "asphalt",
        "source": "OpenStreetMap",
        "source_url": "https://www.openstreetmap.org/way/1148768997",
        "attribution": "© OpenStreetMap contributors",
        "licence": "Open Data Commons Open Database License (ODbL) 1.0",
        "is_simulated": false
      }
    },
    {
      "type": "Feature",
      "id": "osm-way-1148768998",
      "geometry": {
        "type": "LineString",
        "coordinates": [
          [
            80.2042473,
            13.0137705
          ],
          [
            80.2045441,
            13.0145723
          ],
          [
            80.20455,
            13.0145882
          ]
        ]
      },
      "properties": {
        "id": "osm-way-1148768998",
        "kind": "route",
        "name": "Inner Ring Road",
        "description": "OpenStreetMap primary road segment",
        "class": "primary",
        "osm_type": "way",
        "osm_id": "1148768998",
        "highway": "primary",
        "bridge": null,
        "tunnel": null,
        "layer": null,
        "surface": "asphalt",
        "source": "OpenStreetMap",
        "source_url": "https://www.openstreetmap.org/way/1148768998",
        "attribution": "© OpenStreetMap contributors",
        "licence": "Open Data Commons Open Database License (ODbL) 1.0",
        "is_simulated": false
      }
    },
    {
      "type": "Feature",
      "id": "osm-way-1148771264",
      "geometry": {
        "type": "LineString",
        "coordinates": [
          [
            80.2062933,
            13.0216456
          ],
          [
            80.2063264,
            13.0222375
          ]
        ]
      },
      "properties": {
        "id": "osm-way-1148771264",
        "kind": "route",
        "name": "Inner Ring Road",
        "description": "OpenStreetMap primary road segment",
        "class": "primary",
        "osm_type": "way",
        "osm_id": "1148771264",
        "highway": "primary",
        "bridge": null,
        "tunnel": null,
        "layer": null,
        "surface": "asphalt",
        "source": "OpenStreetMap",
        "source_url": "https://www.openstreetmap.org/way/1148771264",
        "attribution": "© OpenStreetMap contributors",
        "licence": "Open Data Commons Open Database License (ODbL) 1.0",
        "is_simulated": false
      }
    },
    {
      "type": "Feature",
      "id": "osm-way-1154888757",
      "geometry": {
        "type": "LineString",
        "coordinates": [
          [
            80.2284118,
            12.9802684
          ],
          [
            80.2282523,
            12.9801764
          ]
        ]
      },
      "properties": {
        "id": "osm-way-1154888757",
        "kind": "route",
        "name": "Taramani Link Road",
        "description": "OpenStreetMap primary road segment",
        "class": "primary",
        "osm_type": "way",
        "osm_id": "1154888757",
        "highway": "primary",
        "bridge": null,
        "tunnel": null,
        "layer": null,
        "surface": "asphalt",
        "source": "OpenStreetMap",
        "source_url": "https://www.openstreetmap.org/way/1154888757",
        "attribution": "© OpenStreetMap contributors",
        "licence": "Open Data Commons Open Database License (ODbL) 1.0",
        "is_simulated": false
      }
    },
    {
      "type": "Feature",
      "id": "osm-way-1155017519",
      "geometry": {
        "type": "LineString",
        "coordinates": [
          [
            80.2434461,
            12.9565447
          ],
          [
            80.2436523,
            12.957016
          ],
          [
            80.243759,
            12.9572405
          ],
          [
            80.2438866,
            12.9574961
          ]
        ]
      },
      "properties": {
        "id": "osm-way-1155017519",
        "kind": "route",
        "name": "Rajiv Gandhi Salai",
        "description": "OpenStreetMap primary road segment",
        "class": "primary",
        "osm_type": "way",
        "osm_id": "1155017519",
        "highway": "primary",
        "bridge": null,
        "tunnel": null,
        "layer": null,
        "surface": null,
        "source": "OpenStreetMap",
        "source_url": "https://www.openstreetmap.org/way/1155017519",
        "attribution": "© OpenStreetMap contributors",
        "licence": "Open Data Commons Open Database License (ODbL) 1.0",
        "is_simulated": false
      }
    },
    {
      "type": "Feature",
      "id": "osm-way-1177309293",
      "geometry": {
        "type": "LineString",
        "coordinates": [
          [
            80.1967752,
            12.9205184
          ],
          [
            80.1967964,
            12.9204125
          ],
          [
            80.196779,
            12.9202929
          ],
          [
            80.1967271,
            12.9201148
          ],
          [
            80.1966751,
            12.9199221
          ],
          [
            80.1966339,
            12.9197971
          ],
          [
            80.1965992,
            12.9196908
          ],
          [
            80.1965443,
            12.9195787
          ],
          [
            80.1964913,
            12.9194698
          ],
          [
            80.1964353,
            12.9193767
          ],
          [
            80.1963151,
            12.9192034
          ],
          [
            80.1962152,
            12.9190765
          ],
          [
            80.1961256,
            12.9189639
          ],
          [
            80.196029,
            12.9188476
          ],
          [
            80.1959023,
            12.9187048
          ],
          [
            80.1957007,
            12.9184843
          ],
          [
            80.1946787,
            12.9173475
          ],
          [
            80.1945826,
            12.917239
          ],
          [
            80.1945324,
            12.9171823
          ],
          [
            80.1944166,
            12.9170786
          ],
          [
            80.1942384,
            12.9169937
          ]
        ]
      },
      "properties": {
        "id": "osm-way-1177309293",
        "kind": "route",
        "name": "Velachery Mudhanmai Salai",
        "description": "OpenStreetMap primary road segment",
        "class": "primary",
        "osm_type": "way",
        "osm_id": "1177309293",
        "highway": "primary",
        "bridge": null,
        "tunnel": null,
        "layer": null,
        "surface": "asphalt",
        "source": "OpenStreetMap",
        "source_url": "https://www.openstreetmap.org/way/1177309293",
        "attribution": "© OpenStreetMap contributors",
        "licence": "Open Data Commons Open Database License (ODbL) 1.0",
        "is_simulated": false
      }
    },
    {
      "type": "Feature",
      "id": "osm-way-1177309299",
      "geometry": {
        "type": "LineString",
        "coordinates": [
          [
            80.1891178,
            12.9176592
          ],
          [
            80.1891213,
            12.917753
          ],
          [
            80.1891269,
            12.917799
          ]
        ]
      },
      "properties": {
        "id": "osm-way-1177309299",
        "kind": "route",
        "name": "Velachery Mudhanmai Salai",
        "description": "OpenStreetMap primary road segment",
        "class": "primary",
        "osm_type": "way",
        "osm_id": "1177309299",
        "highway": "primary",
        "bridge": null,
        "tunnel": null,
        "layer": null,
        "surface": "asphalt",
        "source": "OpenStreetMap",
        "source_url": "https://www.openstreetmap.org/way/1177309299",
        "attribution": "© OpenStreetMap contributors",
        "licence": "Open Data Commons Open Database License (ODbL) 1.0",
        "is_simulated": false
      }
    },
    {
      "type": "Feature",
      "id": "osm-way-1189143275",
      "geometry": {
        "type": "LineString",
        "coordinates": [
          [
            80.20787,
            12.9431474
          ],
          [
            80.2075545,
            12.9428979
          ],
          [
            80.2073856,
            12.9427386
          ],
          [
            80.2073542,
            12.9427145
          ]
        ]
      },
      "properties": {
        "id": "osm-way-1189143275",
        "kind": "route",
        "name": "Velachery Mudhanmai Salai",
        "description": "OpenStreetMap primary road segment",
        "class": "primary",
        "osm_type": "way",
        "osm_id": "1189143275",
        "highway": "primary",
        "bridge": null,
        "tunnel": null,
        "layer": null,
        "surface": "asphalt",
        "source": "OpenStreetMap",
        "source_url": "https://www.openstreetmap.org/way/1189143275",
        "attribution": "© OpenStreetMap contributors",
        "licence": "Open Data Commons Open Database License (ODbL) 1.0",
        "is_simulated": false
      }
    },
    {
      "type": "Feature",
      "id": "osm-way-1192529791",
      "geometry": {
        "type": "LineString",
        "coordinates": [
          [
            80.2521698,
            12.9799944
          ],
          [
            80.2516589,
            12.9801498
          ],
          [
            80.2514209,
            12.9802174
          ],
          [
            80.251105,
            12.9803054
          ]
        ]
      },
      "properties": {
        "id": "osm-way-1192529791",
        "kind": "route",
        "name": "Taramani Link Road",
        "description": "OpenStreetMap primary road segment",
        "class": "primary",
        "osm_type": "way",
        "osm_id": "1192529791",
        "highway": "primary",
        "bridge": null,
        "tunnel": null,
        "layer": null,
        "surface": null,
        "source": "OpenStreetMap",
        "source_url": "https://www.openstreetmap.org/way/1192529791",
        "attribution": "© OpenStreetMap contributors",
        "licence": "Open Data Commons Open Database License (ODbL) 1.0",
        "is_simulated": false
      }
    },
    {
      "type": "Feature",
      "id": "osm-way-1193975087",
      "geometry": {
        "type": "LineString",
        "coordinates": [
          [
            80.246323,
            13.0360676
          ],
          [
            80.2462679,
            13.0357998
          ]
        ]
      },
      "properties": {
        "id": "osm-way-1193975087",
        "kind": "route",
        "name": "Anna Salai (Mount Road)",
        "description": "OpenStreetMap primary road segment",
        "class": "primary",
        "osm_type": "way",
        "osm_id": "1193975087",
        "highway": "primary",
        "bridge": null,
        "tunnel": null,
        "layer": null,
        "surface": "asphalt",
        "source": "OpenStreetMap",
        "source_url": "https://www.openstreetmap.org/way/1193975087",
        "attribution": "© OpenStreetMap contributors",
        "licence": "Open Data Commons Open Database License (ODbL) 1.0",
        "is_simulated": false
      }
    },
    {
      "type": "Feature",
      "id": "osm-way-1195527180",
      "geometry": {
        "type": "LineString",
        "coordinates": [
          [
            80.2459911,
            13.0355957
          ],
          [
            80.246031,
            13.0357748
          ]
        ]
      },
      "properties": {
        "id": "osm-way-1195527180",
        "kind": "route",
        "name": "Anna Salai (Mount Road)",
        "description": "OpenStreetMap primary road segment",
        "class": "primary",
        "osm_type": "way",
        "osm_id": "1195527180",
        "highway": "primary",
        "bridge": null,
        "tunnel": null,
        "layer": null,
        "surface": "asphalt",
        "source": "OpenStreetMap",
        "source_url": "https://www.openstreetmap.org/way/1195527180",
        "attribution": "© OpenStreetMap contributors",
        "licence": "Open Data Commons Open Database License (ODbL) 1.0",
        "is_simulated": false
      }
    },
    {
      "type": "Feature",
      "id": "osm-way-1198741667",
      "geometry": {
        "type": "LineString",
        "coordinates": [
          [
            80.1942384,
            12.9169937
          ],
          [
            80.1941316,
            12.9169738
          ],
          [
            80.1939435,
            12.9169387
          ],
          [
            80.1937592,
            12.9169389
          ],
          [
            80.1933772,
            12.9169683
          ],
          [
            80.1929351,
            12.9170032
          ],
          [
            80.1924073,
            12.917066
          ]
        ]
      },
      "properties": {
        "id": "osm-way-1198741667",
        "kind": "route",
        "name": "Velachery Mudhanmai Salai",
        "description": "OpenStreetMap primary road segment",
        "class": "primary",
        "osm_type": "way",
        "osm_id": "1198741667",
        "highway": "primary",
        "bridge": null,
        "tunnel": null,
        "layer": null,
        "surface": "asphalt",
        "source": "OpenStreetMap",
        "source_url": "https://www.openstreetmap.org/way/1198741667",
        "attribution": "© OpenStreetMap contributors",
        "licence": "Open Data Commons Open Database License (ODbL) 1.0",
        "is_simulated": false
      }
    },
    {
      "type": "Feature",
      "id": "osm-way-1198741669",
      "geometry": {
        "type": "LineString",
        "coordinates": [
          [
            80.1922722,
            12.9170818
          ],
          [
            80.19212,
            12.9170983
          ],
          [
            80.1917391,
            12.9171369
          ]
        ]
      },
      "properties": {
        "id": "osm-way-1198741669",
        "kind": "route",
        "name": "Velachery Mudhanmai Salai",
        "description": "OpenStreetMap primary road segment",
        "class": "primary",
        "osm_type": "way",
        "osm_id": "1198741669",
        "highway": "primary",
        "bridge": null,
        "tunnel": null,
        "layer": null,
        "surface": "asphalt",
        "source": "OpenStreetMap",
        "source_url": "https://www.openstreetmap.org/way/1198741669",
        "attribution": "© OpenStreetMap contributors",
        "licence": "Open Data Commons Open Database License (ODbL) 1.0",
        "is_simulated": false
      }
    },
    {
      "type": "Feature",
      "id": "osm-way-1211074461",
      "geometry": {
        "type": "LineString",
        "coordinates": [
          [
            80.2461051,
            13.0361034
          ],
          [
            80.2461847,
            13.036515
          ],
          [
            80.2463242,
            13.0371148
          ],
          [
            80.2463947,
            13.0374148
          ],
          [
            80.2464186,
            13.0375097
          ],
          [
            80.2466824,
            13.0386486
          ],
          [
            80.2468172,
            13.0391271
          ]
        ]
      },
      "properties": {
        "id": "osm-way-1211074461",
        "kind": "route",
        "name": "Anna Salai (Mount Road)",
        "description": "OpenStreetMap primary road segment",
        "class": "primary",
        "osm_type": "way",
        "osm_id": "1211074461",
        "highway": "primary",
        "bridge": null,
        "tunnel": null,
        "layer": null,
        "surface": null,
        "source": "OpenStreetMap",
        "source_url": "https://www.openstreetmap.org/way/1211074461",
        "attribution": "© OpenStreetMap contributors",
        "licence": "Open Data Commons Open Database License (ODbL) 1.0",
        "is_simulated": false
      }
    },
    {
      "type": "Feature",
      "id": "osm-way-1211074471",
      "geometry": {
        "type": "LineString",
        "coordinates": [
          [
            80.2121826,
            13.0344574
          ],
          [
            80.2121485,
            13.0343027
          ],
          [
            80.2121097,
            13.0341503
          ],
          [
            80.2120523,
            13.0340394
          ]
        ]
      },
      "properties": {
        "id": "osm-way-1211074471",
        "kind": "route",
        "name": "Inner Ring Road",
        "description": "OpenStreetMap primary road segment",
        "class": "primary",
        "osm_type": "way",
        "osm_id": "1211074471",
        "highway": "primary",
        "bridge": null,
        "tunnel": null,
        "layer": null,
        "surface": "asphalt",
        "source": "OpenStreetMap",
        "source_url": "https://www.openstreetmap.org/way/1211074471",
        "attribution": "© OpenStreetMap contributors",
        "licence": "Open Data Commons Open Database License (ODbL) 1.0",
        "is_simulated": false
      }
    },
    {
      "type": "Feature",
      "id": "osm-way-1211074481",
      "geometry": {
        "type": "LineString",
        "coordinates": [
          [
            80.2469712,
            13.0390833
          ],
          [
            80.2469486,
            13.0389789
          ],
          [
            80.246837,
            13.0384166
          ],
          [
            80.2467874,
            13.0381726
          ],
          [
            80.2466376,
            13.037483
          ],
          [
            80.2466166,
            13.0373571
          ],
          [
            80.2464213,
            13.0364876
          ],
          [
            80.2463494,
            13.0361672
          ],
          [
            80.246323,
            13.0360676
          ]
        ]
      },
      "properties": {
        "id": "osm-way-1211074481",
        "kind": "route",
        "name": "Anna Salai (Mount Road)",
        "description": "OpenStreetMap primary road segment",
        "class": "primary",
        "osm_type": "way",
        "osm_id": "1211074481",
        "highway": "primary",
        "bridge": null,
        "tunnel": null,
        "layer": null,
        "surface": "asphalt",
        "source": "OpenStreetMap",
        "source_url": "https://www.openstreetmap.org/way/1211074481",
        "attribution": "© OpenStreetMap contributors",
        "licence": "Open Data Commons Open Database License (ODbL) 1.0",
        "is_simulated": false
      }
    },
    {
      "type": "Feature",
      "id": "osm-way-1213515278",
      "geometry": {
        "type": "LineString",
        "coordinates": [
          [
            80.2118374,
            12.953368
          ],
          [
            80.2118662,
            12.953444
          ],
          [
            80.2120591,
            12.9539192
          ],
          [
            80.212366,
            12.954707
          ],
          [
            80.2126206,
            12.9553315
          ],
          [
            80.2126522,
            12.9554142
          ],
          [
            80.212751,
            12.9556768
          ]
        ]
      },
      "properties": {
        "id": "osm-way-1213515278",
        "kind": "route",
        "name": "Velachery Main Road",
        "description": "OpenStreetMap primary road segment",
        "class": "primary",
        "osm_type": "way",
        "osm_id": "1213515278",
        "highway": "primary",
        "bridge": null,
        "tunnel": null,
        "layer": null,
        "surface": "asphalt",
        "source": "OpenStreetMap",
        "source_url": "https://www.openstreetmap.org/way/1213515278",
        "attribution": "© OpenStreetMap contributors",
        "licence": "Open Data Commons Open Database License (ODbL) 1.0",
        "is_simulated": false
      }
    },
    {
      "type": "Feature",
      "id": "osm-way-1217024017",
      "geometry": {
        "type": "LineString",
        "coordinates": [
          [
            80.246546,
            12.9635281
          ],
          [
            80.2465224,
            12.9636008
          ],
          [
            80.2463933,
            12.9640055
          ]
        ]
      },
      "properties": {
        "id": "osm-way-1217024017",
        "kind": "route",
        "name": "Dr MGR Main Road",
        "description": "OpenStreetMap secondary road segment",
        "class": "secondary",
        "osm_type": "way",
        "osm_id": "1217024017",
        "highway": "secondary",
        "bridge": null,
        "tunnel": null,
        "layer": null,
        "surface": null,
        "source": "OpenStreetMap",
        "source_url": "https://www.openstreetmap.org/way/1217024017",
        "attribution": "© OpenStreetMap contributors",
        "licence": "Open Data Commons Open Database License (ODbL) 1.0",
        "is_simulated": false
      }
    },
    {
      "type": "Feature",
      "id": "osm-way-1217024018",
      "geometry": {
        "type": "LineString",
        "coordinates": [
          [
            80.2464835,
            12.9640017
          ],
          [
            80.2465887,
            12.9636635
          ],
          [
            80.2466445,
            12.9635751
          ]
        ]
      },
      "properties": {
        "id": "osm-way-1217024018",
        "kind": "route",
        "name": "Dr MGR Main Road",
        "description": "OpenStreetMap secondary road segment",
        "class": "secondary",
        "osm_type": "way",
        "osm_id": "1217024018",
        "highway": "secondary",
        "bridge": null,
        "tunnel": null,
        "layer": null,
        "surface": null,
        "source": "OpenStreetMap",
        "source_url": "https://www.openstreetmap.org/way/1217024018",
        "attribution": "© OpenStreetMap contributors",
        "licence": "Open Data Commons Open Database License (ODbL) 1.0",
        "is_simulated": false
      }
    },
    {
      "type": "Feature",
      "id": "osm-way-1228989443",
      "geometry": {
        "type": "LineString",
        "coordinates": [
          [
            80.2063839,
            12.9418588
          ],
          [
            80.2066165,
            12.9421562
          ],
          [
            80.2068427,
            12.9424282
          ],
          [
            80.2070624,
            12.9426527
          ],
          [
            80.2071748,
            12.942753
          ],
          [
            80.207253,
            12.9428113
          ],
          [
            80.2076045,
            12.9431064
          ],
          [
            80.2077917,
            12.9432528
          ]
        ]
      },
      "properties": {
        "id": "osm-way-1228989443",
        "kind": "route",
        "name": "Velachery Mudhanmai Salai",
        "description": "OpenStreetMap primary road segment",
        "class": "primary",
        "osm_type": "way",
        "osm_id": "1228989443",
        "highway": "primary",
        "bridge": null,
        "tunnel": null,
        "layer": null,
        "surface": "asphalt",
        "source": "OpenStreetMap",
        "source_url": "https://www.openstreetmap.org/way/1228989443",
        "attribution": "© OpenStreetMap contributors",
        "licence": "Open Data Commons Open Database License (ODbL) 1.0",
        "is_simulated": false
      }
    },
    {
      "type": "Feature",
      "id": "osm-way-1228989444",
      "geometry": {
        "type": "LineString",
        "coordinates": [
          [
            80.212751,
            12.9556768
          ],
          [
            80.2130794,
            12.9565214
          ]
        ]
      },
      "properties": {
        "id": "osm-way-1228989444",
        "kind": "route",
        "name": "Velachery Main Road",
        "description": "OpenStreetMap primary road segment",
        "class": "primary",
        "osm_type": "way",
        "osm_id": "1228989444",
        "highway": "primary",
        "bridge": null,
        "tunnel": null,
        "layer": null,
        "surface": "asphalt",
        "source": "OpenStreetMap",
        "source_url": "https://www.openstreetmap.org/way/1228989444",
        "attribution": "© OpenStreetMap contributors",
        "licence": "Open Data Commons Open Database License (ODbL) 1.0",
        "is_simulated": false
      }
    },
    {
      "type": "Feature",
      "id": "osm-way-1229235738",
      "geometry": {
        "type": "LineString",
        "coordinates": [
          [
            80.2438866,
            12.9574961
          ],
          [
            80.2440923,
            12.9579758
          ]
        ]
      },
      "properties": {
        "id": "osm-way-1229235738",
        "kind": "route",
        "name": "Rajiv Gandhi Salai",
        "description": "OpenStreetMap primary road segment",
        "class": "primary",
        "osm_type": "way",
        "osm_id": "1229235738",
        "highway": "primary",
        "bridge": null,
        "tunnel": null,
        "layer": null,
        "surface": null,
        "source": "OpenStreetMap",
        "source_url": "https://www.openstreetmap.org/way/1229235738",
        "attribution": "© OpenStreetMap contributors",
        "licence": "Open Data Commons Open Database License (ODbL) 1.0",
        "is_simulated": false
      }
    },
    {
      "type": "Feature",
      "id": "osm-way-1232329871",
      "geometry": {
        "type": "LineString",
        "coordinates": [
          [
            80.2073542,
            12.9427145
          ],
          [
            80.2071716,
            12.9425437
          ],
          [
            80.2071408,
            12.9425176
          ],
          [
            80.2069508,
            12.9423382
          ],
          [
            80.2067366,
            12.942091
          ],
          [
            80.2066775,
            12.9420164
          ],
          [
            80.206456,
            12.9417519
          ],
          [
            80.2062135,
            12.9413634
          ],
          [
            80.2060974,
            12.9411716
          ],
          [
            80.2058873,
            12.9406883
          ],
          [
            80.2057067,
            12.9400744
          ],
          [
            80.2051631,
            12.9383611
          ],
          [
            80.2049631,
            12.937657
          ],
          [
            80.2049243,
            12.9374803
          ],
          [
            80.2048943,
            12.9373439
          ],
          [
            80.2045773,
            12.9362637
          ],
          [
            80.2044385,
            12.9357754
          ],
          [
            80.2044192,
            12.9357358
          ],
          [
            80.2042664,
            12.9354206
          ],
          [
            80.2041497,
            12.9351938
          ],
          [
            80.2040931,
            12.9350704
          ],
          [
            80.2040432,
            12.9348994
          ],
          [
            80.204017,
            12.9347671
          ],
          [
            80.2039764,
            12.9343471
          ],
          [
            80.2039602,
            12.9340905
          ],
          [
            80.2039389,
            12.9338309
          ],
          [
            80.2039283,
            12.9336637
          ],
          [
            80.2039022,
            12.9335285
          ],
          [
            80.2038839,
            12.9334557
          ],
          [
            80.2037776,
            12.9331223
          ],
          [
            80.2037682,
            12.9331007
          ]
        ]
      },
      "properties": {
        "id": "osm-way-1232329871",
        "kind": "route",
        "name": "Velachery Mudhanmai Salai",
        "description": "OpenStreetMap primary road segment",
        "class": "primary",
        "osm_type": "way",
        "osm_id": "1232329871",
        "highway": "primary",
        "bridge": null,
        "tunnel": null,
        "layer": null,
        "surface": "asphalt",
        "source": "OpenStreetMap",
        "source_url": "https://www.openstreetmap.org/way/1232329871",
        "attribution": "© OpenStreetMap contributors",
        "licence": "Open Data Commons Open Database License (ODbL) 1.0",
        "is_simulated": false
      }
    },
    {
      "type": "Feature",
      "id": "osm-way-1232329872",
      "geometry": {
        "type": "LineString",
        "coordinates": [
          [
            80.2030198,
            12.9309422
          ],
          [
            80.2030176,
            12.9309194
          ]
        ]
      },
      "properties": {
        "id": "osm-way-1232329872",
        "kind": "route",
        "name": "Velachery Mudhanmai Salai",
        "description": "OpenStreetMap primary road segment",
        "class": "primary",
        "osm_type": "way",
        "osm_id": "1232329872",
        "highway": "primary",
        "bridge": null,
        "tunnel": null,
        "layer": null,
        "surface": "asphalt",
        "source": "OpenStreetMap",
        "source_url": "https://www.openstreetmap.org/way/1232329872",
        "attribution": "© OpenStreetMap contributors",
        "licence": "Open Data Commons Open Database License (ODbL) 1.0",
        "is_simulated": false
      }
    },
    {
      "type": "Feature",
      "id": "osm-way-1234958753",
      "geometry": {
        "type": "LineString",
        "coordinates": [
          [
            80.2424189,
            12.9539713
          ],
          [
            80.2425002,
            12.9541608
          ],
          [
            80.2427916,
            12.9548261
          ],
          [
            80.2428276,
            12.9549082
          ]
        ]
      },
      "properties": {
        "id": "osm-way-1234958753",
        "kind": "route",
        "name": "Rajiv Gandhi Salai",
        "description": "OpenStreetMap primary road segment",
        "class": "primary",
        "osm_type": "way",
        "osm_id": "1234958753",
        "highway": "primary",
        "bridge": null,
        "tunnel": null,
        "layer": null,
        "surface": null,
        "source": "OpenStreetMap",
        "source_url": "https://www.openstreetmap.org/way/1234958753",
        "attribution": "© OpenStreetMap contributors",
        "licence": "Open Data Commons Open Database License (ODbL) 1.0",
        "is_simulated": false
      }
    },
    {
      "type": "Feature",
      "id": "osm-way-1235236015",
      "geometry": {
        "type": "LineString",
        "coordinates": [
          [
            80.240571,
            12.9486826
          ],
          [
            80.2406604,
            12.9489332
          ]
        ]
      },
      "properties": {
        "id": "osm-way-1235236015",
        "kind": "route",
        "name": "Rajiv Gandhi Salai",
        "description": "OpenStreetMap primary road segment",
        "class": "primary",
        "osm_type": "way",
        "osm_id": "1235236015",
        "highway": "primary",
        "bridge": null,
        "tunnel": null,
        "layer": null,
        "surface": null,
        "source": "OpenStreetMap",
        "source_url": "https://www.openstreetmap.org/way/1235236015",
        "attribution": "© OpenStreetMap contributors",
        "licence": "Open Data Commons Open Database License (ODbL) 1.0",
        "is_simulated": false
      }
    },
    {
      "type": "Feature",
      "id": "osm-way-1235236016",
      "geometry": {
        "type": "LineString",
        "coordinates": [
          [
            80.2406972,
            12.9490503
          ],
          [
            80.2407932,
            12.9493353
          ]
        ]
      },
      "properties": {
        "id": "osm-way-1235236016",
        "kind": "route",
        "name": "Rajiv Gandhi Salai",
        "description": "OpenStreetMap primary road segment",
        "class": "primary",
        "osm_type": "way",
        "osm_id": "1235236016",
        "highway": "primary",
        "bridge": null,
        "tunnel": null,
        "layer": null,
        "surface": null,
        "source": "OpenStreetMap",
        "source_url": "https://www.openstreetmap.org/way/1235236016",
        "attribution": "© OpenStreetMap contributors",
        "licence": "Open Data Commons Open Database License (ODbL) 1.0",
        "is_simulated": false
      }
    },
    {
      "type": "Feature",
      "id": "osm-way-1236493354",
      "geometry": {
        "type": "LineString",
        "coordinates": [
          [
            80.2399589,
            13.03109
          ],
          [
            80.2402402,
            13.0312166
          ],
          [
            80.2411392,
            13.0316604
          ],
          [
            80.241754,
            13.0319595
          ],
          [
            80.2421828,
            13.032203
          ],
          [
            80.242234,
            13.0322321
          ],
          [
            80.2424697,
            13.0323881
          ],
          [
            80.2428255,
            13.0326264
          ],
          [
            80.2429221,
            13.0326951
          ],
          [
            80.2432974,
            13.032946
          ],
          [
            80.243486,
            13.033079
          ],
          [
            80.2435371,
            13.0331151
          ],
          [
            80.2435688,
            13.0331427
          ],
          [
            80.2437312,
            13.033284
          ],
          [
            80.2444669,
            13.0338678
          ],
          [
            80.24465,
            13.0339876
          ],
          [
            80.2449129,
            13.0341436
          ],
          [
            80.2456729,
            13.0347483
          ]
        ]
      },
      "properties": {
        "id": "osm-way-1236493354",
        "kind": "route",
        "name": "Anna Salai (Mount Road)",
        "description": "OpenStreetMap primary road segment",
        "class": "primary",
        "osm_type": "way",
        "osm_id": "1236493354",
        "highway": "primary",
        "bridge": null,
        "tunnel": null,
        "layer": null,
        "surface": null,
        "source": "OpenStreetMap",
        "source_url": "https://www.openstreetmap.org/way/1236493354",
        "attribution": "© OpenStreetMap contributors",
        "licence": "Open Data Commons Open Database License (ODbL) 1.0",
        "is_simulated": false
      }
    },
    {
      "type": "Feature",
      "id": "osm-way-1239082019",
      "geometry": {
        "type": "LineString",
        "coordinates": [
          [
            80.2428757,
            13.0066016
          ],
          [
            80.2426807,
            13.006597
          ]
        ]
      },
      "properties": {
        "id": "osm-way-1239082019",
        "kind": "route",
        "name": "Sardar Patel Road",
        "description": "OpenStreetMap primary road segment",
        "class": "primary",
        "osm_type": "way",
        "osm_id": "1239082019",
        "highway": "primary",
        "bridge": null,
        "tunnel": null,
        "layer": null,
        "surface": "asphalt",
        "source": "OpenStreetMap",
        "source_url": "https://www.openstreetmap.org/way/1239082019",
        "attribution": "© OpenStreetMap contributors",
        "licence": "Open Data Commons Open Database License (ODbL) 1.0",
        "is_simulated": false
      }
    },
    {
      "type": "Feature",
      "id": "osm-way-1251058799",
      "geometry": {
        "type": "LineString",
        "coordinates": [
          [
            80.2306728,
            12.9234084
          ],
          [
            80.2306133,
            12.923007
          ],
          [
            80.2304562,
            12.9219477
          ],
          [
            80.2302882,
            12.9207068
          ],
          [
            80.2300793,
            12.919051
          ],
          [
            80.2298815,
            12.9175839
          ],
          [
            80.2298244,
            12.9171515
          ],
          [
            80.2297466,
            12.9164991
          ],
          [
            80.229699,
            12.9160994
          ],
          [
            80.2296228,
            12.9156171
          ],
          [
            80.2295239,
            12.9149361
          ],
          [
            80.2294949,
            12.9147277
          ],
          [
            80.229416,
            12.9141538
          ],
          [
            80.2294092,
            12.9140884
          ],
          [
            80.2292825,
            12.9132888
          ],
          [
            80.2292646,
            12.913149
          ],
          [
            80.2292281,
            12.9128636
          ],
          [
            80.2291975,
            12.912624
          ],
          [
            80.2291954,
            12.9126103
          ],
          [
            80.2291538,
            12.9123367
          ],
          [
            80.229077,
            12.9118318
          ],
          [
            80.2289981,
            12.9113131
          ],
          [
            80.2289637,
            12.9110874
          ],
          [
            80.2289022,
            12.9106833
          ],
          [
            80.2288845,
            12.9105667
          ],
          [
            80.2286481,
            12.9090125
          ],
          [
            80.2286283,
            12.9088649
          ],
          [
            80.2285343,
            12.9082589
          ],
          [
            80.2284668,
            12.9078237
          ],
          [
            80.2284067,
            12.9074366
          ],
          [
            80.2283336,
            12.9067263
          ]
        ]
      },
      "properties": {
        "id": "osm-way-1251058799",
        "kind": "route",
        "name": "Rajiv Gandhi Salai",
        "description": "OpenStreetMap primary road segment",
        "class": "primary",
        "osm_type": "way",
        "osm_id": "1251058799",
        "highway": "primary",
        "bridge": null,
        "tunnel": null,
        "layer": null,
        "surface": null,
        "source": "OpenStreetMap",
        "source_url": "https://www.openstreetmap.org/way/1251058799",
        "attribution": "© OpenStreetMap contributors",
        "licence": "Open Data Commons Open Database License (ODbL) 1.0",
        "is_simulated": false
      }
    },
    {
      "type": "Feature",
      "id": "osm-way-1255201324",
      "geometry": {
        "type": "LineString",
        "coordinates": [
          [
            80.2278943,
            12.9010074
          ],
          [
            80.2278981,
            12.9010535
          ],
          [
            80.2279132,
            12.9014404
          ],
          [
            80.2279176,
            12.9015533
          ],
          [
            80.2279207,
            12.9016343
          ],
          [
            80.2279749,
            12.902559
          ],
          [
            80.2279881,
            12.9027889
          ],
          [
            80.2280166,
            12.9032855
          ],
          [
            80.2280454,
            12.9038382
          ],
          [
            80.2280549,
            12.9040216
          ],
          [
            80.2280568,
            12.9040582
          ],
          [
            80.2280633,
            12.9041824
          ],
          [
            80.2280683,
            12.9042671
          ],
          [
            80.2281369,
            12.9054204
          ],
          [
            80.2281515,
            12.9056665
          ],
          [
            80.2281639,
            12.9058749
          ],
          [
            80.2282098,
            12.906647
          ],
          [
            80.2282141,
            12.9067201
          ],
          [
            80.2282418,
            12.9069858
          ],
          [
            80.2283136,
            12.907558
          ],
          [
            80.228355,
            12.9078425
          ],
          [
            80.2284253,
            12.9083254
          ],
          [
            80.228545,
            12.9090283
          ],
          [
            80.2285511,
            12.9090682
          ],
          [
            80.2287806,
            12.9105774
          ],
          [
            80.2287985,
            12.9106951
          ],
          [
            80.2288469,
            12.9110133
          ],
          [
            80.228898,
            12.9113491
          ],
          [
            80.2289588,
            12.9117481
          ],
          [
            80.229094,
            12.9126378
          ],
          [
            80.2291085,
            12.9127511
          ],
          [
            80.2293533,
            12.9146658
          ],
          [
            80.2295913,
            12.9162234
          ],
          [
            80.2296303,
            12.91651
          ],
          [
            80.2297191,
            12.9171636
          ],
          [
            80.229778,
            12.9175972
          ],
          [
            80.2298277,
            12.9179653
          ],
          [
            80.2299811,
            12.9191004
          ],
          [
            80.2301846,
            12.9207197
          ],
          [
            80.2303528,
            12.9219618
          ],
          [
            80.230525,
            12.9231719
          ],
          [
            80.2305447,
            12.9233106
          ],
          [
            80.2305511,
            12.923431
          ]
        ]
      },
      "properties": {
        "id": "osm-way-1255201324",
        "kind": "route",
        "name": "Rajiv Gandhi Salai",
        "description": "OpenStreetMap primary road segment",
        "class": "primary",
        "osm_type": "way",
        "osm_id": "1255201324",
        "highway": "primary",
        "bridge": null,
        "tunnel": null,
        "layer": null,
        "surface": null,
        "source": "OpenStreetMap",
        "source_url": "https://www.openstreetmap.org/way/1255201324",
        "attribution": "© OpenStreetMap contributors",
        "licence": "Open Data Commons Open Database License (ODbL) 1.0",
        "is_simulated": false
      }
    },
    {
      "type": "Feature",
      "id": "osm-way-1262394724",
      "geometry": {
        "type": "LineString",
        "coordinates": [
          [
            80.2292563,
            13.0246862
          ],
          [
            80.2290969,
            13.0245613
          ]
        ]
      },
      "properties": {
        "id": "osm-way-1262394724",
        "kind": "route",
        "name": "Anna Salai (Mount Road)",
        "description": "OpenStreetMap primary road segment",
        "class": "primary",
        "osm_type": "way",
        "osm_id": "1262394724",
        "highway": "primary",
        "bridge": null,
        "tunnel": null,
        "layer": null,
        "surface": null,
        "source": "OpenStreetMap",
        "source_url": "https://www.openstreetmap.org/way/1262394724",
        "attribution": "© OpenStreetMap contributors",
        "licence": "Open Data Commons Open Database License (ODbL) 1.0",
        "is_simulated": false
      }
    },
    {
      "type": "Feature",
      "id": "osm-way-1267302780",
      "geometry": {
        "type": "LineString",
        "coordinates": [
          [
            80.2195803,
            12.9915827
          ],
          [
            80.2196467,
            12.9914776
          ]
        ]
      },
      "properties": {
        "id": "osm-way-1267302780",
        "kind": "route",
        "name": "Velachery Main Road",
        "description": "OpenStreetMap secondary road segment",
        "class": "secondary",
        "osm_type": "way",
        "osm_id": "1267302780",
        "highway": "secondary",
        "bridge": null,
        "tunnel": null,
        "layer": null,
        "surface": "paved",
        "source": "OpenStreetMap",
        "source_url": "https://www.openstreetmap.org/way/1267302780",
        "attribution": "© OpenStreetMap contributors",
        "licence": "Open Data Commons Open Database License (ODbL) 1.0",
        "is_simulated": false
      }
    },
    {
      "type": "Feature",
      "id": "osm-way-1267302781",
      "geometry": {
        "type": "LineString",
        "coordinates": [
          [
            80.2195142,
            12.9915156
          ],
          [
            80.2195803,
            12.9915827
          ]
        ]
      },
      "properties": {
        "id": "osm-way-1267302781",
        "kind": "route",
        "name": "Velachery Bypass Road",
        "description": "OpenStreetMap primary road segment",
        "class": "primary",
        "osm_type": "way",
        "osm_id": "1267302781",
        "highway": "primary",
        "bridge": null,
        "tunnel": null,
        "layer": null,
        "surface": "asphalt",
        "source": "OpenStreetMap",
        "source_url": "https://www.openstreetmap.org/way/1267302781",
        "attribution": "© OpenStreetMap contributors",
        "licence": "Open Data Commons Open Database License (ODbL) 1.0",
        "is_simulated": false
      }
    },
    {
      "type": "Feature",
      "id": "osm-way-1267302782",
      "geometry": {
        "type": "LineString",
        "coordinates": [
          [
            80.2195754,
            12.9914347
          ],
          [
            80.2195142,
            12.9915156
          ]
        ]
      },
      "properties": {
        "id": "osm-way-1267302782",
        "kind": "route",
        "name": "Velachery Main Road",
        "description": "OpenStreetMap secondary road segment",
        "class": "secondary",
        "osm_type": "way",
        "osm_id": "1267302782",
        "highway": "secondary",
        "bridge": null,
        "tunnel": null,
        "layer": null,
        "surface": "asphalt",
        "source": "OpenStreetMap",
        "source_url": "https://www.openstreetmap.org/way/1267302782",
        "attribution": "© OpenStreetMap contributors",
        "licence": "Open Data Commons Open Database License (ODbL) 1.0",
        "is_simulated": false
      }
    },
    {
      "type": "Feature",
      "id": "osm-way-1267304320",
      "geometry": {
        "type": "LineString",
        "coordinates": [
          [
            80.2379385,
            12.9812317
          ],
          [
            80.2366534,
            12.9811823
          ],
          [
            80.2358986,
            12.9811546
          ]
        ]
      },
      "properties": {
        "id": "osm-way-1267304320",
        "kind": "route",
        "name": "Taramani Link Road",
        "description": "OpenStreetMap primary road segment",
        "class": "primary",
        "osm_type": "way",
        "osm_id": "1267304320",
        "highway": "primary",
        "bridge": null,
        "tunnel": null,
        "layer": null,
        "surface": "asphalt",
        "source": "OpenStreetMap",
        "source_url": "https://www.openstreetmap.org/way/1267304320",
        "attribution": "© OpenStreetMap contributors",
        "licence": "Open Data Commons Open Database License (ODbL) 1.0",
        "is_simulated": false
      }
    },
    {
      "type": "Feature",
      "id": "osm-way-1267376329",
      "geometry": {
        "type": "LineString",
        "coordinates": [
          [
            80.2283336,
            12.9067263
          ],
          [
            80.2283277,
            12.9066364
          ],
          [
            80.2282778,
            12.9058703
          ],
          [
            80.2282641,
            12.9056589
          ],
          [
            80.2282542,
            12.9055075
          ],
          [
            80.2282481,
            12.9054144
          ],
          [
            80.2282464,
            12.905388
          ],
          [
            80.2281675,
            12.9041766
          ],
          [
            80.2280294,
            12.9015245
          ],
          [
            80.228023,
            12.901401
          ],
          [
            80.2280165,
            12.9012764
          ],
          [
            80.2280116,
            12.9011817
          ],
          [
            80.2280056,
            12.9010484
          ],
          [
            80.2279993,
            12.9010003
          ]
        ]
      },
      "properties": {
        "id": "osm-way-1267376329",
        "kind": "route",
        "name": "Rajiv Gandhi Salai",
        "description": "OpenStreetMap primary road segment",
        "class": "primary",
        "osm_type": "way",
        "osm_id": "1267376329",
        "highway": "primary",
        "bridge": null,
        "tunnel": null,
        "layer": null,
        "surface": null,
        "source": "OpenStreetMap",
        "source_url": "https://www.openstreetmap.org/way/1267376329",
        "attribution": "© OpenStreetMap contributors",
        "licence": "Open Data Commons Open Database License (ODbL) 1.0",
        "is_simulated": false
      }
    },
    {
      "type": "Feature",
      "id": "osm-way-1267376331",
      "geometry": {
        "type": "LineString",
        "coordinates": [
          [
            80.2279993,
            12.9010003
          ],
          [
            80.2279964,
            12.9009531
          ],
          [
            80.2279903,
            12.9009007
          ]
        ]
      },
      "properties": {
        "id": "osm-way-1267376331",
        "kind": "route",
        "name": "Rajiv Gandhi Salai",
        "description": "OpenStreetMap primary road segment",
        "class": "primary",
        "osm_type": "way",
        "osm_id": "1267376331",
        "highway": "primary",
        "bridge": null,
        "tunnel": null,
        "layer": null,
        "surface": null,
        "source": "OpenStreetMap",
        "source_url": "https://www.openstreetmap.org/way/1267376331",
        "attribution": "© OpenStreetMap contributors",
        "licence": "Open Data Commons Open Database License (ODbL) 1.0",
        "is_simulated": false
      }
    },
    {
      "type": "Feature",
      "id": "osm-way-1268105310",
      "geometry": {
        "type": "LineString",
        "coordinates": [
          [
            80.2468172,
            13.0391271
          ],
          [
            80.2468293,
            13.0392158
          ]
        ]
      },
      "properties": {
        "id": "osm-way-1268105310",
        "kind": "route",
        "name": "Anna Salai (Mount Road)",
        "description": "OpenStreetMap primary road segment",
        "class": "primary",
        "osm_type": "way",
        "osm_id": "1268105310",
        "highway": "primary",
        "bridge": null,
        "tunnel": null,
        "layer": null,
        "surface": null,
        "source": "OpenStreetMap",
        "source_url": "https://www.openstreetmap.org/way/1268105310",
        "attribution": "© OpenStreetMap contributors",
        "licence": "Open Data Commons Open Database License (ODbL) 1.0",
        "is_simulated": false
      }
    },
    {
      "type": "Feature",
      "id": "osm-way-1268105311",
      "geometry": {
        "type": "LineString",
        "coordinates": [
          [
            80.2469947,
            13.0391772
          ],
          [
            80.2469712,
            13.0390833
          ]
        ]
      },
      "properties": {
        "id": "osm-way-1268105311",
        "kind": "route",
        "name": "Anna Salai (Mount Road)",
        "description": "OpenStreetMap primary road segment",
        "class": "primary",
        "osm_type": "way",
        "osm_id": "1268105311",
        "highway": "primary",
        "bridge": null,
        "tunnel": null,
        "layer": null,
        "surface": "asphalt",
        "source": "OpenStreetMap",
        "source_url": "https://www.openstreetmap.org/way/1268105311",
        "attribution": "© OpenStreetMap contributors",
        "licence": "Open Data Commons Open Database License (ODbL) 1.0",
        "is_simulated": false
      }
    },
    {
      "type": "Feature",
      "id": "osm-way-1268105312",
      "geometry": {
        "type": "LineString",
        "coordinates": [
          [
            80.2470503,
            13.0394741
          ],
          [
            80.2469947,
            13.0391772
          ]
        ]
      },
      "properties": {
        "id": "osm-way-1268105312",
        "kind": "route",
        "name": "Anna Salai (Mount Road)",
        "description": "OpenStreetMap primary road segment",
        "class": "primary",
        "osm_type": "way",
        "osm_id": "1268105312",
        "highway": "primary",
        "bridge": null,
        "tunnel": null,
        "layer": null,
        "surface": "asphalt",
        "source": "OpenStreetMap",
        "source_url": "https://www.openstreetmap.org/way/1268105312",
        "attribution": "© OpenStreetMap contributors",
        "licence": "Open Data Commons Open Database License (ODbL) 1.0",
        "is_simulated": false
      }
    },
    {
      "type": "Feature",
      "id": "osm-way-1268132318",
      "geometry": {
        "type": "LineString",
        "coordinates": [
          [
            80.2330185,
            13.0266853
          ],
          [
            80.2343838,
            13.0275158
          ],
          [
            80.2346033,
            13.0276276
          ],
          [
            80.2353917,
            13.0280247
          ]
        ]
      },
      "properties": {
        "id": "osm-way-1268132318",
        "kind": "route",
        "name": "Anna Salai (Mount Road)",
        "description": "OpenStreetMap primary road segment",
        "class": "primary",
        "osm_type": "way",
        "osm_id": "1268132318",
        "highway": "primary",
        "bridge": null,
        "tunnel": null,
        "layer": null,
        "surface": null,
        "source": "OpenStreetMap",
        "source_url": "https://www.openstreetmap.org/way/1268132318",
        "attribution": "© OpenStreetMap contributors",
        "licence": "Open Data Commons Open Database License (ODbL) 1.0",
        "is_simulated": false
      }
    },
    {
      "type": "Feature",
      "id": "osm-way-1269011895",
      "geometry": {
        "type": "LineString",
        "coordinates": [
          [
            80.2466063,
            12.9634896
          ],
          [
            80.246546,
            12.9635281
          ]
        ]
      },
      "properties": {
        "id": "osm-way-1269011895",
        "kind": "route",
        "name": "Dr MGR Main Road",
        "description": "OpenStreetMap secondary road segment",
        "class": "secondary",
        "osm_type": "way",
        "osm_id": "1269011895",
        "highway": "secondary",
        "bridge": null,
        "tunnel": null,
        "layer": null,
        "surface": null,
        "source": "OpenStreetMap",
        "source_url": "https://www.openstreetmap.org/way/1269011895",
        "attribution": "© OpenStreetMap contributors",
        "licence": "Open Data Commons Open Database License (ODbL) 1.0",
        "is_simulated": false
      }
    },
    {
      "type": "Feature",
      "id": "osm-way-1269011896",
      "geometry": {
        "type": "LineString",
        "coordinates": [
          [
            80.2466063,
            12.9634896
          ],
          [
            80.2466445,
            12.9635751
          ]
        ]
      },
      "properties": {
        "id": "osm-way-1269011896",
        "kind": "route",
        "name": "Rajiv Gandhi Salai",
        "description": "OpenStreetMap primary road segment",
        "class": "primary",
        "osm_type": "way",
        "osm_id": "1269011896",
        "highway": "primary",
        "bridge": null,
        "tunnel": null,
        "layer": null,
        "surface": null,
        "source": "OpenStreetMap",
        "source_url": "https://www.openstreetmap.org/way/1269011896",
        "attribution": "© OpenStreetMap contributors",
        "licence": "Open Data Commons Open Database License (ODbL) 1.0",
        "is_simulated": false
      }
    },
    {
      "type": "Feature",
      "id": "osm-way-1278116988",
      "geometry": {
        "type": "LineString",
        "coordinates": [
          [
            80.252609,
            12.9799864
          ],
          [
            80.2526948,
            12.9799183
          ],
          [
            80.2527349,
            12.9798118
          ]
        ]
      },
      "properties": {
        "id": "osm-way-1278116988",
        "kind": "route",
        "name": "Taramani Link Road",
        "description": "OpenStreetMap primary road segment",
        "class": "primary",
        "osm_type": "way",
        "osm_id": "1278116988",
        "highway": "primary",
        "bridge": null,
        "tunnel": null,
        "layer": null,
        "surface": null,
        "source": "OpenStreetMap",
        "source_url": "https://www.openstreetmap.org/way/1278116988",
        "attribution": "© OpenStreetMap contributors",
        "licence": "Open Data Commons Open Database License (ODbL) 1.0",
        "is_simulated": false
      }
    },
    {
      "type": "Feature",
      "id": "osm-way-1278116990",
      "geometry": {
        "type": "LineString",
        "coordinates": [
          [
            80.2526097,
            12.9798977
          ],
          [
            80.2521698,
            12.9799944
          ]
        ]
      },
      "properties": {
        "id": "osm-way-1278116990",
        "kind": "route",
        "name": "Taramani Link Road",
        "description": "OpenStreetMap primary road segment",
        "class": "primary",
        "osm_type": "way",
        "osm_id": "1278116990",
        "highway": "primary",
        "bridge": null,
        "tunnel": null,
        "layer": null,
        "surface": null,
        "source": "OpenStreetMap",
        "source_url": "https://www.openstreetmap.org/way/1278116990",
        "attribution": "© OpenStreetMap contributors",
        "licence": "Open Data Commons Open Database License (ODbL) 1.0",
        "is_simulated": false
      }
    },
    {
      "type": "Feature",
      "id": "osm-way-1285926454",
      "geometry": {
        "type": "LineString",
        "coordinates": [
          [
            80.2406604,
            12.9489332
          ],
          [
            80.2406972,
            12.9490503
          ]
        ]
      },
      "properties": {
        "id": "osm-way-1285926454",
        "kind": "route",
        "name": "Rajiv Gandhi Salai",
        "description": "OpenStreetMap primary road segment",
        "class": "primary",
        "osm_type": "way",
        "osm_id": "1285926454",
        "highway": "primary",
        "bridge": null,
        "tunnel": null,
        "layer": null,
        "surface": null,
        "source": "OpenStreetMap",
        "source_url": "https://www.openstreetmap.org/way/1285926454",
        "attribution": "© OpenStreetMap contributors",
        "licence": "Open Data Commons Open Database License (ODbL) 1.0",
        "is_simulated": false
      }
    },
    {
      "type": "Feature",
      "id": "osm-way-1287290033",
      "geometry": {
        "type": "LineString",
        "coordinates": [
          [
            80.2200242,
            12.9909955
          ],
          [
            80.2206945,
            12.990178
          ],
          [
            80.2207226,
            12.9901027
          ]
        ]
      },
      "properties": {
        "id": "osm-way-1287290033",
        "kind": "route",
        "name": "Velachery Main Road",
        "description": "OpenStreetMap secondary road segment",
        "class": "secondary",
        "osm_type": "way",
        "osm_id": "1287290033",
        "highway": "secondary",
        "bridge": null,
        "tunnel": null,
        "layer": null,
        "surface": "asphalt",
        "source": "OpenStreetMap",
        "source_url": "https://www.openstreetmap.org/way/1287290033",
        "attribution": "© OpenStreetMap contributors",
        "licence": "Open Data Commons Open Database License (ODbL) 1.0",
        "is_simulated": false
      }
    },
    {
      "type": "Feature",
      "id": "osm-way-1287290035",
      "geometry": {
        "type": "LineString",
        "coordinates": [
          [
            80.2207226,
            12.9901027
          ],
          [
            80.2206506,
            12.9901551
          ],
          [
            80.2203598,
            12.9904916
          ],
          [
            80.2201775,
            12.99071
          ],
          [
            80.2200604,
            12.9908509
          ]
        ]
      },
      "properties": {
        "id": "osm-way-1287290035",
        "kind": "route",
        "name": "Velachery Main Road",
        "description": "OpenStreetMap secondary road segment",
        "class": "secondary",
        "osm_type": "way",
        "osm_id": "1287290035",
        "highway": "secondary",
        "bridge": null,
        "tunnel": null,
        "layer": null,
        "surface": "asphalt",
        "source": "OpenStreetMap",
        "source_url": "https://www.openstreetmap.org/way/1287290035",
        "attribution": "© OpenStreetMap contributors",
        "licence": "Open Data Commons Open Database License (ODbL) 1.0",
        "is_simulated": false
      }
    },
    {
      "type": "Feature",
      "id": "osm-way-1292375972",
      "geometry": {
        "type": "LineString",
        "coordinates": [
          [
            80.2232552,
            13.0114027
          ],
          [
            80.2231983,
            13.0114299
          ]
        ]
      },
      "properties": {
        "id": "osm-way-1292375972",
        "kind": "route",
        "name": "Sardar Patel Road",
        "description": "OpenStreetMap primary road segment",
        "class": "primary",
        "osm_type": "way",
        "osm_id": "1292375972",
        "highway": "primary",
        "bridge": null,
        "tunnel": null,
        "layer": null,
        "surface": "asphalt",
        "source": "OpenStreetMap",
        "source_url": "https://www.openstreetmap.org/way/1292375972",
        "attribution": "© OpenStreetMap contributors",
        "licence": "Open Data Commons Open Database License (ODbL) 1.0",
        "is_simulated": false
      }
    },
    {
      "type": "Feature",
      "id": "osm-way-1309829161",
      "geometry": {
        "type": "LineString",
        "coordinates": [
          [
            80.2462679,
            13.0357998
          ],
          [
            80.2462047,
            13.0355603
          ]
        ]
      },
      "properties": {
        "id": "osm-way-1309829161",
        "kind": "route",
        "name": "Anna Salai (Mount Road)",
        "description": "OpenStreetMap primary road segment",
        "class": "primary",
        "osm_type": "way",
        "osm_id": "1309829161",
        "highway": "primary",
        "bridge": null,
        "tunnel": null,
        "layer": null,
        "surface": "asphalt",
        "source": "OpenStreetMap",
        "source_url": "https://www.openstreetmap.org/way/1309829161",
        "attribution": "© OpenStreetMap contributors",
        "licence": "Open Data Commons Open Database License (ODbL) 1.0",
        "is_simulated": false
      }
    },
    {
      "type": "Feature",
      "id": "osm-way-1309829162",
      "geometry": {
        "type": "LineString",
        "coordinates": [
          [
            80.246031,
            13.0357748
          ],
          [
            80.2461051,
            13.0361034
          ]
        ]
      },
      "properties": {
        "id": "osm-way-1309829162",
        "kind": "route",
        "name": "Anna Salai (Mount Road)",
        "description": "OpenStreetMap primary road segment",
        "class": "primary",
        "osm_type": "way",
        "osm_id": "1309829162",
        "highway": "primary",
        "bridge": null,
        "tunnel": null,
        "layer": null,
        "surface": "asphalt",
        "source": "OpenStreetMap",
        "source_url": "https://www.openstreetmap.org/way/1309829162",
        "attribution": "© OpenStreetMap contributors",
        "licence": "Open Data Commons Open Database License (ODbL) 1.0",
        "is_simulated": false
      }
    },
    {
      "type": "Feature",
      "id": "osm-way-1310037651",
      "geometry": {
        "type": "LineString",
        "coordinates": [
          [
            80.2062902,
            13.0212393
          ],
          [
            80.2062933,
            13.0216456
          ]
        ]
      },
      "properties": {
        "id": "osm-way-1310037651",
        "kind": "route",
        "name": "Inner Ring Road",
        "description": "OpenStreetMap primary road segment",
        "class": "primary",
        "osm_type": "way",
        "osm_id": "1310037651",
        "highway": "primary",
        "bridge": null,
        "tunnel": null,
        "layer": null,
        "surface": "asphalt",
        "source": "OpenStreetMap",
        "source_url": "https://www.openstreetmap.org/way/1310037651",
        "attribution": "© OpenStreetMap contributors",
        "licence": "Open Data Commons Open Database License (ODbL) 1.0",
        "is_simulated": false
      }
    },
    {
      "type": "Feature",
      "id": "osm-way-1310037652",
      "geometry": {
        "type": "LineString",
        "coordinates": [
          [
            80.2064889,
            13.021629
          ],
          [
            80.2064785,
            13.0212029
          ]
        ]
      },
      "properties": {
        "id": "osm-way-1310037652",
        "kind": "route",
        "name": "Inner Ring Road",
        "description": "OpenStreetMap primary road segment",
        "class": "primary",
        "osm_type": "way",
        "osm_id": "1310037652",
        "highway": "primary",
        "bridge": null,
        "tunnel": null,
        "layer": null,
        "surface": "asphalt",
        "source": "OpenStreetMap",
        "source_url": "https://www.openstreetmap.org/way/1310037652",
        "attribution": "© OpenStreetMap contributors",
        "licence": "Open Data Commons Open Database License (ODbL) 1.0",
        "is_simulated": false
      }
    },
    {
      "type": "Feature",
      "id": "osm-way-1311796825",
      "geometry": {
        "type": "LineString",
        "coordinates": [
          [
            80.2523681,
            12.9785883
          ],
          [
            80.2524894,
            12.9788467
          ],
          [
            80.2525512,
            12.9791603
          ],
          [
            80.2525733,
            12.9793751
          ]
        ]
      },
      "properties": {
        "id": "osm-way-1311796825",
        "kind": "route",
        "name": "Rajiv Gandhi Salai",
        "description": "OpenStreetMap primary road segment",
        "class": "primary",
        "osm_type": "way",
        "osm_id": "1311796825",
        "highway": "primary",
        "bridge": null,
        "tunnel": null,
        "layer": null,
        "surface": null,
        "source": "OpenStreetMap",
        "source_url": "https://www.openstreetmap.org/way/1311796825",
        "attribution": "© OpenStreetMap contributors",
        "licence": "Open Data Commons Open Database License (ODbL) 1.0",
        "is_simulated": false
      }
    },
    {
      "type": "Feature",
      "id": "osm-way-1311796826",
      "geometry": {
        "type": "LineString",
        "coordinates": [
          [
            80.252598,
            12.9796934
          ],
          [
            80.2525992,
            12.9797148
          ],
          [
            80.2526097,
            12.9798977
          ]
        ]
      },
      "properties": {
        "id": "osm-way-1311796826",
        "kind": "route",
        "name": "Rajiv Gandhi Salai",
        "description": "OpenStreetMap primary road segment",
        "class": "primary",
        "osm_type": "way",
        "osm_id": "1311796826",
        "highway": "primary",
        "bridge": null,
        "tunnel": null,
        "layer": null,
        "surface": null,
        "source": "OpenStreetMap",
        "source_url": "https://www.openstreetmap.org/way/1311796826",
        "attribution": "© OpenStreetMap contributors",
        "licence": "Open Data Commons Open Database License (ODbL) 1.0",
        "is_simulated": false
      }
    },
    {
      "type": "Feature",
      "id": "osm-way-1311796827",
      "geometry": {
        "type": "LineString",
        "coordinates": [
          [
            80.2525787,
            12.9794593
          ],
          [
            80.2525381,
            12.9795568
          ]
        ]
      },
      "properties": {
        "id": "osm-way-1311796827",
        "kind": "route",
        "name": "Taramani Link Road",
        "description": "OpenStreetMap primary link road segment",
        "class": "primary",
        "osm_type": "way",
        "osm_id": "1311796827",
        "highway": "primary_link",
        "bridge": null,
        "tunnel": null,
        "layer": null,
        "surface": null,
        "source": "OpenStreetMap",
        "source_url": "https://www.openstreetmap.org/way/1311796827",
        "attribution": "© OpenStreetMap contributors",
        "licence": "Open Data Commons Open Database License (ODbL) 1.0",
        "is_simulated": false
      }
    },
    {
      "type": "Feature",
      "id": "osm-way-1315720307",
      "geometry": {
        "type": "LineString",
        "coordinates": [
          [
            80.2527151,
            12.9795645
          ],
          [
            80.2526546,
            12.9791733
          ],
          [
            80.2525825,
            12.9788105
          ],
          [
            80.2524917,
            12.9785686
          ],
          [
            80.2523628,
            12.9783334
          ],
          [
            80.2522002,
            12.9781245
          ],
          [
            80.2520783,
            12.9779765
          ]
        ]
      },
      "properties": {
        "id": "osm-way-1315720307",
        "kind": "route",
        "name": "Rajiv Gandhi Salai",
        "description": "OpenStreetMap primary road segment",
        "class": "primary",
        "osm_type": "way",
        "osm_id": "1315720307",
        "highway": "primary",
        "bridge": null,
        "tunnel": null,
        "layer": null,
        "surface": null,
        "source": "OpenStreetMap",
        "source_url": "https://www.openstreetmap.org/way/1315720307",
        "attribution": "© OpenStreetMap contributors",
        "licence": "Open Data Commons Open Database License (ODbL) 1.0",
        "is_simulated": false
      }
    },
    {
      "type": "Feature",
      "id": "osm-way-1315720308",
      "geometry": {
        "type": "LineString",
        "coordinates": [
          [
            80.2527419,
            12.9799018
          ],
          [
            80.2527349,
            12.9798118
          ]
        ]
      },
      "properties": {
        "id": "osm-way-1315720308",
        "kind": "route",
        "name": "Rajiv Gandhi Salai",
        "description": "OpenStreetMap primary road segment",
        "class": "primary",
        "osm_type": "way",
        "osm_id": "1315720308",
        "highway": "primary",
        "bridge": null,
        "tunnel": null,
        "layer": null,
        "surface": null,
        "source": "OpenStreetMap",
        "source_url": "https://www.openstreetmap.org/way/1315720308",
        "attribution": "© OpenStreetMap contributors",
        "licence": "Open Data Commons Open Database License (ODbL) 1.0",
        "is_simulated": false
      }
    },
    {
      "type": "Feature",
      "id": "osm-way-1327226616",
      "geometry": {
        "type": "LineString",
        "coordinates": [
          [
            80.2376509,
            12.9439253
          ],
          [
            80.2378938,
            12.9441779
          ],
          [
            80.2380136,
            12.9442851
          ],
          [
            80.238063,
            12.9443292
          ],
          [
            80.2381015,
            12.9443636
          ],
          [
            80.2384668,
            12.9446901
          ],
          [
            80.2386779,
            12.9448917
          ],
          [
            80.2388007,
            12.945009
          ],
          [
            80.2390243,
            12.94523
          ],
          [
            80.2391846,
            12.9454415
          ],
          [
            80.2393129,
            12.9456622
          ],
          [
            80.2394085,
            12.9458377
          ],
          [
            80.2399912,
            12.9472507
          ],
          [
            80.240571,
            12.9486826
          ]
        ]
      },
      "properties": {
        "id": "osm-way-1327226616",
        "kind": "route",
        "name": "Rajiv Gandhi Salai",
        "description": "OpenStreetMap primary road segment",
        "class": "primary",
        "osm_type": "way",
        "osm_id": "1327226616",
        "highway": "primary",
        "bridge": null,
        "tunnel": null,
        "layer": null,
        "surface": null,
        "source": "OpenStreetMap",
        "source_url": "https://www.openstreetmap.org/way/1327226616",
        "attribution": "© OpenStreetMap contributors",
        "licence": "Open Data Commons Open Database License (ODbL) 1.0",
        "is_simulated": false
      }
    },
    {
      "type": "Feature",
      "id": "osm-way-1327226617",
      "geometry": {
        "type": "LineString",
        "coordinates": [
          [
            80.2375487,
            12.9438418
          ],
          [
            80.2375639,
            12.9438621
          ],
          [
            80.2376509,
            12.9439253
          ]
        ]
      },
      "properties": {
        "id": "osm-way-1327226617",
        "kind": "route",
        "name": "Rajiv Gandhi Salai",
        "description": "OpenStreetMap primary road segment",
        "class": "primary",
        "osm_type": "way",
        "osm_id": "1327226617",
        "highway": "primary",
        "bridge": null,
        "tunnel": null,
        "layer": null,
        "surface": null,
        "source": "OpenStreetMap",
        "source_url": "https://www.openstreetmap.org/way/1327226617",
        "attribution": "© OpenStreetMap contributors",
        "licence": "Open Data Commons Open Database License (ODbL) 1.0",
        "is_simulated": false
      }
    },
    {
      "type": "Feature",
      "id": "osm-way-1327226618",
      "geometry": {
        "type": "LineString",
        "coordinates": [
          [
            80.2406647,
            12.9486097
          ],
          [
            80.240621,
            12.9485076
          ],
          [
            80.2404877,
            12.9481829
          ],
          [
            80.2403429,
            12.94779
          ],
          [
            80.2401801,
            12.9473932
          ],
          [
            80.2399919,
            12.9469166
          ],
          [
            80.2396157,
            12.9459947
          ],
          [
            80.2394728,
            12.9457164
          ],
          [
            80.2393112,
            12.9454251
          ],
          [
            80.2392109,
            12.9452741
          ],
          [
            80.2391276,
            12.9451708
          ],
          [
            80.2389381,
            12.9449891
          ],
          [
            80.2386294,
            12.9446914
          ],
          [
            80.2385653,
            12.9446389
          ],
          [
            80.2384995,
            12.9445863
          ],
          [
            80.2381701,
            12.9442935
          ],
          [
            80.238134,
            12.9442611
          ],
          [
            80.237864,
            12.9440186
          ],
          [
            80.237719,
            12.943883
          ]
        ]
      },
      "properties": {
        "id": "osm-way-1327226618",
        "kind": "route",
        "name": "Rajiv Gandhi Salai",
        "description": "OpenStreetMap primary road segment",
        "class": "primary",
        "osm_type": "way",
        "osm_id": "1327226618",
        "highway": "primary",
        "bridge": null,
        "tunnel": null,
        "layer": null,
        "surface": null,
        "source": "OpenStreetMap",
        "source_url": "https://www.openstreetmap.org/way/1327226618",
        "attribution": "© OpenStreetMap contributors",
        "licence": "Open Data Commons Open Database License (ODbL) 1.0",
        "is_simulated": false
      }
    },
    {
      "type": "Feature",
      "id": "osm-way-1327226619",
      "geometry": {
        "type": "LineString",
        "coordinates": [
          [
            80.237719,
            12.943883
          ],
          [
            80.2376395,
            12.9438098
          ]
        ]
      },
      "properties": {
        "id": "osm-way-1327226619",
        "kind": "route",
        "name": "Rajiv Gandhi Salai",
        "description": "OpenStreetMap primary road segment",
        "class": "primary",
        "osm_type": "way",
        "osm_id": "1327226619",
        "highway": "primary",
        "bridge": null,
        "tunnel": null,
        "layer": null,
        "surface": null,
        "source": "OpenStreetMap",
        "source_url": "https://www.openstreetmap.org/way/1327226619",
        "attribution": "© OpenStreetMap contributors",
        "licence": "Open Data Commons Open Database License (ODbL) 1.0",
        "is_simulated": false
      }
    },
    {
      "type": "Feature",
      "id": "osm-way-1342387460",
      "geometry": {
        "type": "LineString",
        "coordinates": [
          [
            80.2520783,
            12.9779765
          ],
          [
            80.251729,
            12.9775917
          ],
          [
            80.2516158,
            12.9774156
          ],
          [
            80.2515775,
            12.9773563
          ],
          [
            80.2514972,
            12.9772317
          ],
          [
            80.2513516,
            12.9769101
          ],
          [
            80.251218,
            12.9764335
          ],
          [
            80.2509293,
            12.9754176
          ],
          [
            80.2508195,
            12.9750312
          ],
          [
            80.2507849,
            12.9749096
          ],
          [
            80.2504655,
            12.9737859
          ],
          [
            80.2504278,
            12.9736532
          ]
        ]
      },
      "properties": {
        "id": "osm-way-1342387460",
        "kind": "route",
        "name": "Rajiv Gandhi Salai",
        "description": "OpenStreetMap primary road segment",
        "class": "primary",
        "osm_type": "way",
        "osm_id": "1342387460",
        "highway": "primary",
        "bridge": null,
        "tunnel": null,
        "layer": null,
        "surface": null,
        "source": "OpenStreetMap",
        "source_url": "https://www.openstreetmap.org/way/1342387460",
        "attribution": "© OpenStreetMap contributors",
        "licence": "Open Data Commons Open Database License (ODbL) 1.0",
        "is_simulated": false
      }
    },
    {
      "type": "Feature",
      "id": "osm-way-1349763112",
      "geometry": {
        "type": "LineString",
        "coordinates": [
          [
            80.1846287,
            12.9204035
          ],
          [
            80.184424,
            12.9204346
          ],
          [
            80.184269,
            12.9203819
          ],
          [
            80.1840582,
            12.9202321
          ]
        ]
      },
      "properties": {
        "id": "osm-way-1349763112",
        "kind": "route",
        "name": "Velachery Mudhanmai Salai",
        "description": "OpenStreetMap primary road segment",
        "class": "primary",
        "osm_type": "way",
        "osm_id": "1349763112",
        "highway": "primary",
        "bridge": null,
        "tunnel": null,
        "layer": null,
        "surface": "asphalt",
        "source": "OpenStreetMap",
        "source_url": "https://www.openstreetmap.org/way/1349763112",
        "attribution": "© OpenStreetMap contributors",
        "licence": "Open Data Commons Open Database License (ODbL) 1.0",
        "is_simulated": false
      }
    },
    {
      "type": "Feature",
      "id": "osm-way-1349763113",
      "geometry": {
        "type": "LineString",
        "coordinates": [
          [
            80.184668,
            12.9205424
          ],
          [
            80.1851496,
            12.9206844
          ]
        ]
      },
      "properties": {
        "id": "osm-way-1349763113",
        "kind": "route",
        "name": "Velachery Mudhanmai Salai",
        "description": "OpenStreetMap primary road segment",
        "class": "primary",
        "osm_type": "way",
        "osm_id": "1349763113",
        "highway": "primary",
        "bridge": null,
        "tunnel": null,
        "layer": null,
        "surface": "asphalt",
        "source": "OpenStreetMap",
        "source_url": "https://www.openstreetmap.org/way/1349763113",
        "attribution": "© OpenStreetMap contributors",
        "licence": "Open Data Commons Open Database License (ODbL) 1.0",
        "is_simulated": false
      }
    },
    {
      "type": "Feature",
      "id": "osm-way-1349763114",
      "geometry": {
        "type": "LineString",
        "coordinates": [
          [
            80.184453,
            12.9204908
          ],
          [
            80.184668,
            12.9205424
          ]
        ]
      },
      "properties": {
        "id": "osm-way-1349763114",
        "kind": "route",
        "name": "Velachery Mudhanmai Salai",
        "description": "OpenStreetMap primary road segment",
        "class": "primary",
        "osm_type": "way",
        "osm_id": "1349763114",
        "highway": "primary",
        "bridge": null,
        "tunnel": null,
        "layer": null,
        "surface": "asphalt",
        "source": "OpenStreetMap",
        "source_url": "https://www.openstreetmap.org/way/1349763114",
        "attribution": "© OpenStreetMap contributors",
        "licence": "Open Data Commons Open Database License (ODbL) 1.0",
        "is_simulated": false
      }
    },
    {
      "type": "Feature",
      "id": "osm-way-1349763115",
      "geometry": {
        "type": "LineString",
        "coordinates": [
          [
            80.1839981,
            12.9204157
          ],
          [
            80.184453,
            12.9204908
          ]
        ]
      },
      "properties": {
        "id": "osm-way-1349763115",
        "kind": "route",
        "name": "Velachery Mudhanmai Salai",
        "description": "OpenStreetMap primary road segment",
        "class": "primary",
        "osm_type": "way",
        "osm_id": "1349763115",
        "highway": "primary",
        "bridge": null,
        "tunnel": null,
        "layer": null,
        "surface": "asphalt",
        "source": "OpenStreetMap",
        "source_url": "https://www.openstreetmap.org/way/1349763115",
        "attribution": "© OpenStreetMap contributors",
        "licence": "Open Data Commons Open Database License (ODbL) 1.0",
        "is_simulated": false
      }
    },
    {
      "type": "Feature",
      "id": "osm-way-1361403931",
      "geometry": {
        "type": "LineString",
        "coordinates": [
          [
            80.2330235,
            12.9765983
          ],
          [
            80.2330725,
            12.9766115
          ],
          [
            80.2331456,
            12.9766312
          ]
        ]
      },
      "properties": {
        "id": "osm-way-1361403931",
        "kind": "route",
        "name": "Taramani Link Road",
        "description": "OpenStreetMap tertiary road segment",
        "class": "local",
        "osm_type": "way",
        "osm_id": "1361403931",
        "highway": "tertiary",
        "bridge": null,
        "tunnel": null,
        "layer": null,
        "surface": "paved",
        "source": "OpenStreetMap",
        "source_url": "https://www.openstreetmap.org/way/1361403931",
        "attribution": "© OpenStreetMap contributors",
        "licence": "Open Data Commons Open Database License (ODbL) 1.0",
        "is_simulated": false
      }
    },
    {
      "type": "Feature",
      "id": "osm-way-1364249746",
      "geometry": {
        "type": "LineString",
        "coordinates": [
          [
            80.2109684,
            12.9512503
          ],
          [
            80.2110657,
            12.9514589
          ],
          [
            80.2111957,
            12.9517807
          ],
          [
            80.2114265,
            12.9523205
          ],
          [
            80.2115333,
            12.9525703
          ],
          [
            80.2118374,
            12.953368
          ]
        ]
      },
      "properties": {
        "id": "osm-way-1364249746",
        "kind": "route",
        "name": "Velachery Main Road",
        "description": "OpenStreetMap primary road segment",
        "class": "primary",
        "osm_type": "way",
        "osm_id": "1364249746",
        "highway": "primary",
        "bridge": null,
        "tunnel": null,
        "layer": null,
        "surface": "asphalt",
        "source": "OpenStreetMap",
        "source_url": "https://www.openstreetmap.org/way/1364249746",
        "attribution": "© OpenStreetMap contributors",
        "licence": "Open Data Commons Open Database License (ODbL) 1.0",
        "is_simulated": false
      }
    },
    {
      "type": "Feature",
      "id": "osm-way-1368322720",
      "geometry": {
        "type": "LineString",
        "coordinates": [
          [
            80.2095127,
            13.032008
          ],
          [
            80.2095735,
            13.032358
          ]
        ]
      },
      "properties": {
        "id": "osm-way-1368322720",
        "kind": "route",
        "name": "Inner Ring Road",
        "description": "OpenStreetMap primary road segment",
        "class": "primary",
        "osm_type": "way",
        "osm_id": "1368322720",
        "highway": "primary",
        "bridge": null,
        "tunnel": null,
        "layer": null,
        "surface": "asphalt",
        "source": "OpenStreetMap",
        "source_url": "https://www.openstreetmap.org/way/1368322720",
        "attribution": "© OpenStreetMap contributors",
        "licence": "Open Data Commons Open Database License (ODbL) 1.0",
        "is_simulated": false
      }
    },
    {
      "type": "Feature",
      "id": "osm-way-1371999656",
      "geometry": {
        "type": "LineString",
        "coordinates": [
          [
            80.2412309,
            12.9503355
          ],
          [
            80.2412199,
            12.9503022
          ],
          [
            80.2409162,
            12.9493278
          ]
        ]
      },
      "properties": {
        "id": "osm-way-1371999656",
        "kind": "route",
        "name": "Rajiv Gandhi Salai",
        "description": "OpenStreetMap primary road segment",
        "class": "primary",
        "osm_type": "way",
        "osm_id": "1371999656",
        "highway": "primary",
        "bridge": null,
        "tunnel": null,
        "layer": null,
        "surface": null,
        "source": "OpenStreetMap",
        "source_url": "https://www.openstreetmap.org/way/1371999656",
        "attribution": "© OpenStreetMap contributors",
        "licence": "Open Data Commons Open Database License (ODbL) 1.0",
        "is_simulated": false
      }
    },
    {
      "type": "Feature",
      "id": "osm-way-1371999657",
      "geometry": {
        "type": "LineString",
        "coordinates": [
          [
            80.2409162,
            12.9493278
          ],
          [
            80.2408088,
            12.9490212
          ],
          [
            80.2407669,
            12.9489016
          ],
          [
            80.2406647,
            12.9486097
          ]
        ]
      },
      "properties": {
        "id": "osm-way-1371999657",
        "kind": "route",
        "name": "Rajiv Gandhi Salai",
        "description": "OpenStreetMap construction road segment",
        "class": "local",
        "osm_type": "way",
        "osm_id": "1371999657",
        "highway": "construction",
        "bridge": null,
        "tunnel": null,
        "layer": null,
        "surface": null,
        "source": "OpenStreetMap",
        "source_url": "https://www.openstreetmap.org/way/1371999657",
        "attribution": "© OpenStreetMap contributors",
        "licence": "Open Data Commons Open Database License (ODbL) 1.0",
        "is_simulated": false
      }
    },
    {
      "type": "Feature",
      "id": "osm-way-1373590546",
      "geometry": {
        "type": "LineString",
        "coordinates": [
          [
            80.2467479,
            12.9635279
          ],
          [
            80.2467116,
            12.9634407
          ]
        ]
      },
      "properties": {
        "id": "osm-way-1373590546",
        "kind": "route",
        "name": "Rajiv Gandhi Salai",
        "description": "OpenStreetMap primary road segment",
        "class": "primary",
        "osm_type": "way",
        "osm_id": "1373590546",
        "highway": "primary",
        "bridge": null,
        "tunnel": null,
        "layer": null,
        "surface": null,
        "source": "OpenStreetMap",
        "source_url": "https://www.openstreetmap.org/way/1373590546",
        "attribution": "© OpenStreetMap contributors",
        "licence": "Open Data Commons Open Database License (ODbL) 1.0",
        "is_simulated": false
      }
    },
    {
      "type": "Feature",
      "id": "osm-way-1380576062",
      "geometry": {
        "type": "LineString",
        "coordinates": [
          [
            80.2525733,
            12.9793751
          ],
          [
            80.2525787,
            12.9794593
          ],
          [
            80.252598,
            12.9796934
          ]
        ]
      },
      "properties": {
        "id": "osm-way-1380576062",
        "kind": "route",
        "name": "Rajiv Gandhi Salai",
        "description": "OpenStreetMap primary road segment",
        "class": "primary",
        "osm_type": "way",
        "osm_id": "1380576062",
        "highway": "primary",
        "bridge": null,
        "tunnel": null,
        "layer": null,
        "surface": null,
        "source": "OpenStreetMap",
        "source_url": "https://www.openstreetmap.org/way/1380576062",
        "attribution": "© OpenStreetMap contributors",
        "licence": "Open Data Commons Open Database License (ODbL) 1.0",
        "is_simulated": false
      }
    },
    {
      "type": "Feature",
      "id": "osm-way-1380576063",
      "geometry": {
        "type": "LineString",
        "coordinates": [
          [
            80.2518245,
            12.9778666
          ],
          [
            80.2522148,
            12.9783214
          ],
          [
            80.2523681,
            12.9785883
          ]
        ]
      },
      "properties": {
        "id": "osm-way-1380576063",
        "kind": "route",
        "name": "Rajiv Gandhi Salai",
        "description": "OpenStreetMap primary road segment",
        "class": "primary",
        "osm_type": "way",
        "osm_id": "1380576063",
        "highway": "primary",
        "bridge": null,
        "tunnel": null,
        "layer": null,
        "surface": null,
        "source": "OpenStreetMap",
        "source_url": "https://www.openstreetmap.org/way/1380576063",
        "attribution": "© OpenStreetMap contributors",
        "licence": "Open Data Commons Open Database License (ODbL) 1.0",
        "is_simulated": false
      }
    },
    {
      "type": "Feature",
      "id": "osm-way-1384314545",
      "geometry": {
        "type": "LineString",
        "coordinates": [
          [
            80.2527349,
            12.9798118
          ],
          [
            80.2527284,
            12.9797289
          ],
          [
            80.2527228,
            12.97966
          ],
          [
            80.2527151,
            12.9795645
          ]
        ]
      },
      "properties": {
        "id": "osm-way-1384314545",
        "kind": "route",
        "name": "Rajiv Gandhi Salai",
        "description": "OpenStreetMap primary road segment",
        "class": "primary",
        "osm_type": "way",
        "osm_id": "1384314545",
        "highway": "primary",
        "bridge": null,
        "tunnel": null,
        "layer": null,
        "surface": null,
        "source": "OpenStreetMap",
        "source_url": "https://www.openstreetmap.org/way/1384314545",
        "attribution": "© OpenStreetMap contributors",
        "licence": "Open Data Commons Open Database License (ODbL) 1.0",
        "is_simulated": false
      }
    },
    {
      "type": "Feature",
      "id": "osm-way-1388492773",
      "geometry": {
        "type": "LineString",
        "coordinates": [
          [
            80.1940029,
            12.917292
          ],
          [
            80.1941101,
            12.9173229
          ]
        ]
      },
      "properties": {
        "id": "osm-way-1388492773",
        "kind": "route",
        "name": "Velachery Mudhanmai Salai",
        "description": "OpenStreetMap primary road segment",
        "class": "primary",
        "osm_type": "way",
        "osm_id": "1388492773",
        "highway": "primary",
        "bridge": null,
        "tunnel": null,
        "layer": null,
        "surface": "asphalt",
        "source": "OpenStreetMap",
        "source_url": "https://www.openstreetmap.org/way/1388492773",
        "attribution": "© OpenStreetMap contributors",
        "licence": "Open Data Commons Open Database License (ODbL) 1.0",
        "is_simulated": false
      }
    },
    {
      "type": "Feature",
      "id": "osm-way-1409645296",
      "geometry": {
        "type": "LineString",
        "coordinates": [
          [
            80.2399589,
            13.03109
          ],
          [
            80.23986,
            13.0310314
          ]
        ]
      },
      "properties": {
        "id": "osm-way-1409645296",
        "kind": "route",
        "name": "Anna Salai (Mount Road)",
        "description": "OpenStreetMap primary road segment",
        "class": "primary",
        "osm_type": "way",
        "osm_id": "1409645296",
        "highway": "primary",
        "bridge": null,
        "tunnel": null,
        "layer": null,
        "surface": null,
        "source": "OpenStreetMap",
        "source_url": "https://www.openstreetmap.org/way/1409645296",
        "attribution": "© OpenStreetMap contributors",
        "licence": "Open Data Commons Open Database License (ODbL) 1.0",
        "is_simulated": false
      }
    },
    {
      "type": "Feature",
      "id": "osm-way-1410830834",
      "geometry": {
        "type": "LineString",
        "coordinates": [
          [
            80.2030176,
            12.9309194
          ],
          [
            80.2029472,
            12.9306658
          ],
          [
            80.2028765,
            12.9302075
          ],
          [
            80.2027952,
            12.9295985
          ],
          [
            80.2027697,
            12.9293643
          ],
          [
            80.202745,
            12.9292029
          ],
          [
            80.2027164,
            12.9289505
          ],
          [
            80.2026925,
            12.9288861
          ],
          [
            80.2026391,
            12.9287416
          ],
          [
            80.2025893,
            12.9286647
          ],
          [
            80.2025453,
            12.9286262
          ],
          [
            80.2025291,
            12.9286196
          ],
          [
            80.2024071,
            12.9285704
          ],
          [
            80.2022483,
            12.9285329
          ],
          [
            80.2021939,
            12.9285291
          ],
          [
            80.2017704,
            12.9284993
          ],
          [
            80.2017313,
            12.9284965
          ],
          [
            80.2006365,
            12.9284491
          ],
          [
            80.200247,
            12.9284214
          ],
          [
            80.2000562,
            12.9284078
          ],
          [
            80.1996776,
            12.9283101
          ],
          [
            80.1993251,
            12.9281653
          ]
        ]
      },
      "properties": {
        "id": "osm-way-1410830834",
        "kind": "route",
        "name": "Velachery Mudhanmai Salai",
        "description": "OpenStreetMap primary road segment",
        "class": "primary",
        "osm_type": "way",
        "osm_id": "1410830834",
        "highway": "primary",
        "bridge": null,
        "tunnel": null,
        "layer": null,
        "surface": "asphalt",
        "source": "OpenStreetMap",
        "source_url": "https://www.openstreetmap.org/way/1410830834",
        "attribution": "© OpenStreetMap contributors",
        "licence": "Open Data Commons Open Database License (ODbL) 1.0",
        "is_simulated": false
      }
    },
    {
      "type": "Feature",
      "id": "osm-way-1418624866",
      "geometry": {
        "type": "LineString",
        "coordinates": [
          [
            80.2591946,
            13.0087027
          ],
          [
            80.2591851,
            13.0084203
          ],
          [
            80.2591798,
            13.008321
          ],
          [
            80.2592003,
            13.0081654
          ],
          [
            80.2592592,
            13.0079965
          ]
        ]
      },
      "properties": {
        "id": "osm-way-1418624866",
        "kind": "route",
        "name": "Sardar Patel Road",
        "description": "OpenStreetMap primary road segment",
        "class": "primary",
        "osm_type": "way",
        "osm_id": "1418624866",
        "highway": "primary",
        "bridge": null,
        "tunnel": null,
        "layer": null,
        "surface": null,
        "source": "OpenStreetMap",
        "source_url": "https://www.openstreetmap.org/way/1418624866",
        "attribution": "© OpenStreetMap contributors",
        "licence": "Open Data Commons Open Database License (ODbL) 1.0",
        "is_simulated": false
      }
    },
    {
      "type": "Feature",
      "id": "osm-way-1427826037",
      "geometry": {
        "type": "LineString",
        "coordinates": [
          [
            80.240213,
            13.0069328
          ],
          [
            80.2403241,
            13.0069116
          ]
        ]
      },
      "properties": {
        "id": "osm-way-1427826037",
        "kind": "route",
        "name": "Sardar Patel Road",
        "description": "OpenStreetMap primary road segment",
        "class": "primary",
        "osm_type": "way",
        "osm_id": "1427826037",
        "highway": "primary",
        "bridge": null,
        "tunnel": null,
        "layer": null,
        "surface": "asphalt",
        "source": "OpenStreetMap",
        "source_url": "https://www.openstreetmap.org/way/1427826037",
        "attribution": "© OpenStreetMap contributors",
        "licence": "Open Data Commons Open Database License (ODbL) 1.0",
        "is_simulated": false
      }
    },
    {
      "type": "Feature",
      "id": "osm-way-1427827778",
      "geometry": {
        "type": "LineString",
        "coordinates": [
          [
            80.2468737,
            13.0066452
          ],
          [
            80.2465363,
            13.0066462
          ],
          [
            80.2463835,
            13.0066454
          ],
          [
            80.24615,
            13.0066442
          ]
        ]
      },
      "properties": {
        "id": "osm-way-1427827778",
        "kind": "route",
        "name": "Sardar Patel Road",
        "description": "OpenStreetMap primary road segment",
        "class": "primary",
        "osm_type": "way",
        "osm_id": "1427827778",
        "highway": "primary",
        "bridge": null,
        "tunnel": null,
        "layer": null,
        "surface": "asphalt",
        "source": "OpenStreetMap",
        "source_url": "https://www.openstreetmap.org/way/1427827778",
        "attribution": "© OpenStreetMap contributors",
        "licence": "Open Data Commons Open Database License (ODbL) 1.0",
        "is_simulated": false
      }
    },
    {
      "type": "Feature",
      "id": "osm-way-1427827779",
      "geometry": {
        "type": "LineString",
        "coordinates": [
          [
            80.2472685,
            13.0066419
          ],
          [
            80.2468737,
            13.0066452
          ]
        ]
      },
      "properties": {
        "id": "osm-way-1427827779",
        "kind": "route",
        "name": "Sardar Patel Road",
        "description": "OpenStreetMap primary road segment",
        "class": "primary",
        "osm_type": "way",
        "osm_id": "1427827779",
        "highway": "primary",
        "bridge": null,
        "tunnel": null,
        "layer": null,
        "surface": "asphalt",
        "source": "OpenStreetMap",
        "source_url": "https://www.openstreetmap.org/way/1427827779",
        "attribution": "© OpenStreetMap contributors",
        "licence": "Open Data Commons Open Database License (ODbL) 1.0",
        "is_simulated": false
      }
    },
    {
      "type": "Feature",
      "id": "osm-way-1427827780",
      "geometry": {
        "type": "LineString",
        "coordinates": [
          [
            80.2473998,
            13.0066491
          ],
          [
            80.2472685,
            13.0066419
          ]
        ]
      },
      "properties": {
        "id": "osm-way-1427827780",
        "kind": "route",
        "name": "Sardar Patel Road",
        "description": "OpenStreetMap primary road segment",
        "class": "primary",
        "osm_type": "way",
        "osm_id": "1427827780",
        "highway": "primary",
        "bridge": null,
        "tunnel": null,
        "layer": null,
        "surface": "asphalt",
        "source": "OpenStreetMap",
        "source_url": "https://www.openstreetmap.org/way/1427827780",
        "attribution": "© OpenStreetMap contributors",
        "licence": "Open Data Commons Open Database License (ODbL) 1.0",
        "is_simulated": false
      }
    },
    {
      "type": "Feature",
      "id": "osm-way-1434299223",
      "geometry": {
        "type": "LineString",
        "coordinates": [
          [
            80.2592592,
            13.0079965
          ],
          [
            80.2593488,
            13.0077821
          ],
          [
            80.2594277,
            13.007651
          ],
          [
            80.259397,
            13.0075292
          ],
          [
            80.2593064,
            13.0074195
          ],
          [
            80.2591237,
            13.0073191
          ]
        ]
      },
      "properties": {
        "id": "osm-way-1434299223",
        "kind": "route",
        "name": "Sardar Patel Road",
        "description": "OpenStreetMap primary road segment",
        "class": "primary",
        "osm_type": "way",
        "osm_id": "1434299223",
        "highway": "primary",
        "bridge": null,
        "tunnel": null,
        "layer": null,
        "surface": null,
        "source": "OpenStreetMap",
        "source_url": "https://www.openstreetmap.org/way/1434299223",
        "attribution": "© OpenStreetMap contributors",
        "licence": "Open Data Commons Open Database License (ODbL) 1.0",
        "is_simulated": false
      }
    },
    {
      "type": "Feature",
      "id": "osm-way-1436362942",
      "geometry": {
        "type": "LineString",
        "coordinates": [
          [
            80.2468293,
            13.0392158
          ],
          [
            80.246887,
            13.0394977
          ],
          [
            80.2469927,
            13.0400688
          ],
          [
            80.2472484,
            13.0414456
          ],
          [
            80.2473139,
            13.0415977
          ],
          [
            80.2473191,
            13.0416242
          ],
          [
            80.2473438,
            13.0417498
          ],
          [
            80.2473903,
            13.0419965
          ],
          [
            80.2474916,
            13.042503
          ],
          [
            80.2475944,
            13.0429215
          ]
        ]
      },
      "properties": {
        "id": "osm-way-1436362942",
        "kind": "route",
        "name": "Anna Salai (Mount Road)",
        "description": "OpenStreetMap primary road segment",
        "class": "primary",
        "osm_type": "way",
        "osm_id": "1436362942",
        "highway": "primary",
        "bridge": null,
        "tunnel": null,
        "layer": null,
        "surface": "asphalt",
        "source": "OpenStreetMap",
        "source_url": "https://www.openstreetmap.org/way/1436362942",
        "attribution": "© OpenStreetMap contributors",
        "licence": "Open Data Commons Open Database License (ODbL) 1.0",
        "is_simulated": false
      }
    },
    {
      "type": "Feature",
      "id": "osm-way-1453936227",
      "geometry": {
        "type": "LineString",
        "coordinates": [
          [
            80.2462047,
            13.0355603
          ],
          [
            80.2460488,
            13.0351731
          ],
          [
            80.2460083,
            13.0350717
          ]
        ]
      },
      "properties": {
        "id": "osm-way-1453936227",
        "kind": "route",
        "name": "Anna Salai (Mount Road)",
        "description": "OpenStreetMap primary road segment",
        "class": "primary",
        "osm_type": "way",
        "osm_id": "1453936227",
        "highway": "primary",
        "bridge": null,
        "tunnel": null,
        "layer": null,
        "surface": "asphalt",
        "source": "OpenStreetMap",
        "source_url": "https://www.openstreetmap.org/way/1453936227",
        "attribution": "© OpenStreetMap contributors",
        "licence": "Open Data Commons Open Database License (ODbL) 1.0",
        "is_simulated": false
      }
    },
    {
      "type": "Feature",
      "id": "osm-way-1455381071",
      "geometry": {
        "type": "LineString",
        "coordinates": [
          [
            80.2278862,
            12.9009094
          ],
          [
            80.2278943,
            12.9010074
          ]
        ]
      },
      "properties": {
        "id": "osm-way-1455381071",
        "kind": "route",
        "name": "Rajiv Gandhi Salai",
        "description": "OpenStreetMap primary road segment",
        "class": "primary",
        "osm_type": "way",
        "osm_id": "1455381071",
        "highway": "primary",
        "bridge": null,
        "tunnel": null,
        "layer": null,
        "surface": null,
        "source": "OpenStreetMap",
        "source_url": "https://www.openstreetmap.org/way/1455381071",
        "attribution": "© OpenStreetMap contributors",
        "licence": "Open Data Commons Open Database License (ODbL) 1.0",
        "is_simulated": false
      }
    },
    {
      "type": "Feature",
      "id": "osm-way-1473623047",
      "geometry": {
        "type": "LineString",
        "coordinates": [
          [
            80.2037682,
            12.9331007
          ],
          [
            80.2037065,
            12.9329467
          ],
          [
            80.2035827,
            12.932638
          ],
          [
            80.2034919,
            12.9323645
          ],
          [
            80.2033041,
            12.9317867
          ],
          [
            80.2030198,
            12.9309422
          ]
        ]
      },
      "properties": {
        "id": "osm-way-1473623047",
        "kind": "route",
        "name": "Velachery Mudhanmai Salai",
        "description": "OpenStreetMap primary road segment",
        "class": "primary",
        "osm_type": "way",
        "osm_id": "1473623047",
        "highway": "primary",
        "bridge": null,
        "tunnel": null,
        "layer": null,
        "surface": "asphalt",
        "source": "OpenStreetMap",
        "source_url": "https://www.openstreetmap.org/way/1473623047",
        "attribution": "© OpenStreetMap contributors",
        "licence": "Open Data Commons Open Database License (ODbL) 1.0",
        "is_simulated": false
      }
    },
    {
      "type": "Feature",
      "id": "osm-way-1474602407",
      "geometry": {
        "type": "LineString",
        "coordinates": [
          [
            80.205848,
            13.0176509
          ],
          [
            80.2051729,
            13.0157784
          ],
          [
            80.2046766,
            13.0144662
          ]
        ]
      },
      "properties": {
        "id": "osm-way-1474602407",
        "kind": "route",
        "name": "Inner Ring Road",
        "description": "OpenStreetMap primary road segment",
        "class": "primary",
        "osm_type": "way",
        "osm_id": "1474602407",
        "highway": "primary",
        "bridge": null,
        "tunnel": null,
        "layer": null,
        "surface": "asphalt",
        "source": "OpenStreetMap",
        "source_url": "https://www.openstreetmap.org/way/1474602407",
        "attribution": "© OpenStreetMap contributors",
        "licence": "Open Data Commons Open Database License (ODbL) 1.0",
        "is_simulated": false
      }
    },
    {
      "type": "Feature",
      "id": "osm-way-1474611575",
      "geometry": {
        "type": "LineString",
        "coordinates": [
          [
            80.2436466,
            12.9767692
          ],
          [
            80.2435197,
            12.9772984
          ],
          [
            80.2434682,
            12.9774875
          ],
          [
            80.2434347,
            12.9777527
          ],
          [
            80.2433947,
            12.9779517
          ],
          [
            80.2432498,
            12.9785415
          ],
          [
            80.2432419,
            12.9786443
          ],
          [
            80.2432104,
            12.9790624
          ],
          [
            80.2432257,
            12.9799335
          ],
          [
            80.2432099,
            12.9810247
          ],
          [
            80.2432029,
            12.9811353
          ],
          [
            80.2431927,
            12.9812978
          ]
        ]
      },
      "properties": {
        "id": "osm-way-1474611575",
        "kind": "route",
        "name": "Dr MGR Main Road",
        "description": "OpenStreetMap secondary road segment",
        "class": "secondary",
        "osm_type": "way",
        "osm_id": "1474611575",
        "highway": "secondary",
        "bridge": null,
        "tunnel": null,
        "layer": null,
        "surface": null,
        "source": "OpenStreetMap",
        "source_url": "https://www.openstreetmap.org/way/1474611575",
        "attribution": "© OpenStreetMap contributors",
        "licence": "Open Data Commons Open Database License (ODbL) 1.0",
        "is_simulated": false
      }
    },
    {
      "type": "Feature",
      "id": "osm-way-1482858540",
      "geometry": {
        "type": "LineString",
        "coordinates": [
          [
            80.2475944,
            13.0429215
          ],
          [
            80.2477153,
            13.0435322
          ],
          [
            80.247951,
            13.0447232
          ],
          [
            80.247992,
            13.0449371
          ],
          [
            80.2480358,
            13.045165
          ],
          [
            80.2480452,
            13.0452129
          ],
          [
            80.2480828,
            13.0454038
          ]
        ]
      },
      "properties": {
        "id": "osm-way-1482858540",
        "kind": "route",
        "name": "Anna Salai (Mount Road)",
        "description": "OpenStreetMap primary road segment",
        "class": "primary",
        "osm_type": "way",
        "osm_id": "1482858540",
        "highway": "primary",
        "bridge": null,
        "tunnel": null,
        "layer": null,
        "surface": "asphalt",
        "source": "OpenStreetMap",
        "source_url": "https://www.openstreetmap.org/way/1482858540",
        "attribution": "© OpenStreetMap contributors",
        "licence": "Open Data Commons Open Database License (ODbL) 1.0",
        "is_simulated": false
      }
    },
    {
      "type": "Feature",
      "id": "osm-way-1482858541",
      "geometry": {
        "type": "LineString",
        "coordinates": [
          [
            80.2480828,
            13.0454038
          ],
          [
            80.248108,
            13.0455369
          ]
        ]
      },
      "properties": {
        "id": "osm-way-1482858541",
        "kind": "route",
        "name": "Anna Salai (Mount Road)",
        "description": "OpenStreetMap primary road segment",
        "class": "primary",
        "osm_type": "way",
        "osm_id": "1482858541",
        "highway": "primary",
        "bridge": null,
        "tunnel": null,
        "layer": null,
        "surface": "asphalt",
        "source": "OpenStreetMap",
        "source_url": "https://www.openstreetmap.org/way/1482858541",
        "attribution": "© OpenStreetMap contributors",
        "licence": "Open Data Commons Open Database License (ODbL) 1.0",
        "is_simulated": false
      }
    },
    {
      "type": "Feature",
      "id": "osm-way-1482858542",
      "geometry": {
        "type": "LineString",
        "coordinates": [
          [
            80.2490346,
            13.0476435
          ],
          [
            80.2488416,
            13.0474154
          ],
          [
            80.2487382,
            13.0473097
          ],
          [
            80.2486793,
            13.0472434
          ],
          [
            80.2486251,
            13.0471042
          ],
          [
            80.2485931,
            13.0469803
          ],
          [
            80.2485622,
            13.0468325
          ],
          [
            80.2483699,
            13.0460165
          ],
          [
            80.2483182,
            13.0457116
          ]
        ]
      },
      "properties": {
        "id": "osm-way-1482858542",
        "kind": "route",
        "name": "Anna Salai (Mount Road)",
        "description": "OpenStreetMap primary road segment",
        "class": "primary",
        "osm_type": "way",
        "osm_id": "1482858542",
        "highway": "primary",
        "bridge": null,
        "tunnel": null,
        "layer": null,
        "surface": "asphalt",
        "source": "OpenStreetMap",
        "source_url": "https://www.openstreetmap.org/way/1482858542",
        "attribution": "© OpenStreetMap contributors",
        "licence": "Open Data Commons Open Database License (ODbL) 1.0",
        "is_simulated": false
      }
    },
    {
      "type": "Feature",
      "id": "osm-way-1482858543",
      "geometry": {
        "type": "LineString",
        "coordinates": [
          [
            80.2483182,
            13.0457116
          ],
          [
            80.2482664,
            13.0454066
          ]
        ]
      },
      "properties": {
        "id": "osm-way-1482858543",
        "kind": "route",
        "name": "Anna Salai (Mount Road)",
        "description": "OpenStreetMap primary road segment",
        "class": "primary",
        "osm_type": "way",
        "osm_id": "1482858543",
        "highway": "primary",
        "bridge": null,
        "tunnel": null,
        "layer": null,
        "surface": "asphalt",
        "source": "OpenStreetMap",
        "source_url": "https://www.openstreetmap.org/way/1482858543",
        "attribution": "© OpenStreetMap contributors",
        "licence": "Open Data Commons Open Database License (ODbL) 1.0",
        "is_simulated": false
      }
    },
    {
      "type": "Feature",
      "id": "osm-way-1482858544",
      "geometry": {
        "type": "LineString",
        "coordinates": [
          [
            80.248108,
            13.0455369
          ],
          [
            80.2481321,
            13.0456638
          ]
        ]
      },
      "properties": {
        "id": "osm-way-1482858544",
        "kind": "route",
        "name": "Anna Salai (Mount Road)",
        "description": "OpenStreetMap primary road segment",
        "class": "primary",
        "osm_type": "way",
        "osm_id": "1482858544",
        "highway": "primary",
        "bridge": null,
        "tunnel": null,
        "layer": null,
        "surface": "asphalt",
        "source": "OpenStreetMap",
        "source_url": "https://www.openstreetmap.org/way/1482858544",
        "attribution": "© OpenStreetMap contributors",
        "licence": "Open Data Commons Open Database License (ODbL) 1.0",
        "is_simulated": false
      }
    },
    {
      "type": "Feature",
      "id": "osm-way-1500200433",
      "geometry": {
        "type": "LineString",
        "coordinates": [
          [
            80.2250841,
            12.9783943
          ],
          [
            80.2251037,
            12.9784056
          ],
          [
            80.2251212,
            12.9784157
          ]
        ]
      },
      "properties": {
        "id": "osm-way-1500200433",
        "kind": "route",
        "name": "Taramani Link Road",
        "description": "OpenStreetMap primary road segment",
        "class": "primary",
        "osm_type": "way",
        "osm_id": "1500200433",
        "highway": "primary",
        "bridge": null,
        "tunnel": null,
        "layer": null,
        "surface": "asphalt",
        "source": "OpenStreetMap",
        "source_url": "https://www.openstreetmap.org/way/1500200433",
        "attribution": "© OpenStreetMap contributors",
        "licence": "Open Data Commons Open Database License (ODbL) 1.0",
        "is_simulated": false
      }
    },
    {
      "type": "Feature",
      "id": "osm-way-1500200434",
      "geometry": {
        "type": "LineString",
        "coordinates": [
          [
            80.2251212,
            12.9784157
          ],
          [
            80.225212,
            12.9784681
          ]
        ]
      },
      "properties": {
        "id": "osm-way-1500200434",
        "kind": "route",
        "name": "Taramani Link Road",
        "description": "OpenStreetMap primary road segment",
        "class": "primary",
        "osm_type": "way",
        "osm_id": "1500200434",
        "highway": "primary",
        "bridge": null,
        "tunnel": null,
        "layer": null,
        "surface": "asphalt",
        "source": "OpenStreetMap",
        "source_url": "https://www.openstreetmap.org/way/1500200434",
        "attribution": "© OpenStreetMap contributors",
        "licence": "Open Data Commons Open Database License (ODbL) 1.0",
        "is_simulated": false
      }
    },
    {
      "type": "Feature",
      "id": "osm-way-1500200435",
      "geometry": {
        "type": "LineString",
        "coordinates": [
          [
            80.2252635,
            12.9783717
          ],
          [
            80.2251796,
            12.978324
          ]
        ]
      },
      "properties": {
        "id": "osm-way-1500200435",
        "kind": "route",
        "name": "Taramani Link Road",
        "description": "OpenStreetMap primary road segment",
        "class": "primary",
        "osm_type": "way",
        "osm_id": "1500200435",
        "highway": "primary",
        "bridge": null,
        "tunnel": null,
        "layer": null,
        "surface": "asphalt",
        "source": "OpenStreetMap",
        "source_url": "https://www.openstreetmap.org/way/1500200435",
        "attribution": "© OpenStreetMap contributors",
        "licence": "Open Data Commons Open Database License (ODbL) 1.0",
        "is_simulated": false
      }
    },
    {
      "type": "Feature",
      "id": "osm-way-1503288583",
      "geometry": {
        "type": "LineString",
        "coordinates": [
          [
            80.2433569,
            12.9812969
          ],
          [
            80.2432792,
            12.9813011
          ]
        ]
      },
      "properties": {
        "id": "osm-way-1503288583",
        "kind": "route",
        "name": "Taramani Link Road",
        "description": "OpenStreetMap primary road segment",
        "class": "primary",
        "osm_type": "way",
        "osm_id": "1503288583",
        "highway": "primary",
        "bridge": null,
        "tunnel": null,
        "layer": null,
        "surface": null,
        "source": "OpenStreetMap",
        "source_url": "https://www.openstreetmap.org/way/1503288583",
        "attribution": "© OpenStreetMap contributors",
        "licence": "Open Data Commons Open Database License (ODbL) 1.0",
        "is_simulated": false
      }
    },
    {
      "type": "Feature",
      "id": "osm-way-1503288584",
      "geometry": {
        "type": "LineString",
        "coordinates": [
          [
            80.2434345,
            12.9812926
          ],
          [
            80.2433569,
            12.9812969
          ]
        ]
      },
      "properties": {
        "id": "osm-way-1503288584",
        "kind": "route",
        "name": "Taramani Link Road",
        "description": "OpenStreetMap primary road segment",
        "class": "primary",
        "osm_type": "way",
        "osm_id": "1503288584",
        "highway": "primary",
        "bridge": null,
        "tunnel": null,
        "layer": null,
        "surface": null,
        "source": "OpenStreetMap",
        "source_url": "https://www.openstreetmap.org/way/1503288584",
        "attribution": "© OpenStreetMap contributors",
        "licence": "Open Data Commons Open Database License (ODbL) 1.0",
        "is_simulated": false
      }
    },
    {
      "type": "Feature",
      "id": "osm-way-1503288585",
      "geometry": {
        "type": "LineString",
        "coordinates": [
          [
            80.243438,
            12.9813839
          ],
          [
            80.243788,
            12.9813457
          ],
          [
            80.2444029,
            12.9812924
          ],
          [
            80.2452676,
            12.9811924
          ],
          [
            80.2456282,
            12.9811482
          ],
          [
            80.2466141,
            12.981054
          ],
          [
            80.2468758,
            12.9810305
          ],
          [
            80.2472882,
            12.9809919
          ],
          [
            80.247518,
            12.9809609
          ],
          [
            80.2476122,
            12.98095
          ],
          [
            80.2477727,
            12.9809313
          ],
          [
            80.2478597,
            12.9809212
          ],
          [
            80.2479779,
            12.9809126
          ],
          [
            80.248036,
            12.9809084
          ],
          [
            80.2482896,
            12.9808953
          ],
          [
            80.2493575,
            12.9807967
          ],
          [
            80.2496103,
            12.9807582
          ],
          [
            80.2500348,
            12.9806713
          ],
          [
            80.2504827,
            12.9805668
          ],
          [
            80.2511318,
            12.9803969
          ],
          [
            80.2514556,
            12.9803011
          ],
          [
            80.2517608,
            12.9802217
          ],
          [
            80.2520209,
            12.9801538
          ],
          [
            80.2522717,
            12.980078
          ]
        ]
      },
      "properties": {
        "id": "osm-way-1503288585",
        "kind": "route",
        "name": "Taramani Link Road",
        "description": "OpenStreetMap primary road segment",
        "class": "primary",
        "osm_type": "way",
        "osm_id": "1503288585",
        "highway": "primary",
        "bridge": null,
        "tunnel": null,
        "layer": null,
        "surface": null,
        "source": "OpenStreetMap",
        "source_url": "https://www.openstreetmap.org/way/1503288585",
        "attribution": "© OpenStreetMap contributors",
        "licence": "Open Data Commons Open Database License (ODbL) 1.0",
        "is_simulated": false
      }
    },
    {
      "type": "Feature",
      "id": "osm-way-1505714404",
      "geometry": {
        "type": "LineString",
        "coordinates": [
          [
            80.2403023,
            13.0067658
          ],
          [
            80.2401866,
            13.0067862
          ]
        ]
      },
      "properties": {
        "id": "osm-way-1505714404",
        "kind": "route",
        "name": "Sardar Patel Road",
        "description": "OpenStreetMap primary road segment",
        "class": "primary",
        "osm_type": "way",
        "osm_id": "1505714404",
        "highway": "primary",
        "bridge": null,
        "tunnel": null,
        "layer": null,
        "surface": "asphalt",
        "source": "OpenStreetMap",
        "source_url": "https://www.openstreetmap.org/way/1505714404",
        "attribution": "© OpenStreetMap contributors",
        "licence": "Open Data Commons Open Database License (ODbL) 1.0",
        "is_simulated": false
      }
    },
    {
      "type": "Feature",
      "id": "osm-way-1505714406",
      "geometry": {
        "type": "LineString",
        "coordinates": [
          [
            80.2406323,
            13.0068528
          ],
          [
            80.2409671,
            13.0067986
          ],
          [
            80.2413116,
            13.0067731
          ],
          [
            80.2413433,
            13.0067707
          ],
          [
            80.2415753,
            13.006752
          ],
          [
            80.2420037,
            13.0067332
          ],
          [
            80.2427136,
            13.0067141
          ],
          [
            80.2428614,
            13.0067102
          ]
        ]
      },
      "properties": {
        "id": "osm-way-1505714406",
        "kind": "route",
        "name": "Sardar Patel Road",
        "description": "OpenStreetMap primary road segment",
        "class": "primary",
        "osm_type": "way",
        "osm_id": "1505714406",
        "highway": "primary",
        "bridge": null,
        "tunnel": null,
        "layer": null,
        "surface": "asphalt",
        "source": "OpenStreetMap",
        "source_url": "https://www.openstreetmap.org/way/1505714406",
        "attribution": "© OpenStreetMap contributors",
        "licence": "Open Data Commons Open Database License (ODbL) 1.0",
        "is_simulated": false
      }
    },
    {
      "type": "Feature",
      "id": "osm-way-1505714407",
      "geometry": {
        "type": "LineString",
        "coordinates": [
          [
            80.2406158,
            13.0067165
          ],
          [
            80.2403023,
            13.0067658
          ]
        ]
      },
      "properties": {
        "id": "osm-way-1505714407",
        "kind": "route",
        "name": "Sardar Patel Road",
        "description": "OpenStreetMap primary road segment",
        "class": "primary",
        "osm_type": "way",
        "osm_id": "1505714407",
        "highway": "primary",
        "bridge": null,
        "tunnel": null,
        "layer": null,
        "surface": "asphalt",
        "source": "OpenStreetMap",
        "source_url": "https://www.openstreetmap.org/way/1505714407",
        "attribution": "© OpenStreetMap contributors",
        "licence": "Open Data Commons Open Database License (ODbL) 1.0",
        "is_simulated": false
      }
    },
    {
      "type": "Feature",
      "id": "osm-way-1508902663",
      "geometry": {
        "type": "LineString",
        "coordinates": [
          [
            80.2117894,
            13.0320337
          ],
          [
            80.2117701,
            13.0318881
          ]
        ]
      },
      "properties": {
        "id": "osm-way-1508902663",
        "kind": "route",
        "name": "Inner Ring Road",
        "description": "OpenStreetMap primary road segment",
        "class": "primary",
        "osm_type": "way",
        "osm_id": "1508902663",
        "highway": "primary",
        "bridge": null,
        "tunnel": null,
        "layer": null,
        "surface": null,
        "source": "OpenStreetMap",
        "source_url": "https://www.openstreetmap.org/way/1508902663",
        "attribution": "© OpenStreetMap contributors",
        "licence": "Open Data Commons Open Database License (ODbL) 1.0",
        "is_simulated": false
      }
    },
    {
      "type": "Feature",
      "id": "osm-way-1508902664",
      "geometry": {
        "type": "LineString",
        "coordinates": [
          [
            80.2116767,
            13.0320443
          ],
          [
            80.2116595,
            13.0319035
          ]
        ]
      },
      "properties": {
        "id": "osm-way-1508902664",
        "kind": "route",
        "name": "Inner Ring Road",
        "description": "OpenStreetMap primary road segment",
        "class": "primary",
        "osm_type": "way",
        "osm_id": "1508902664",
        "highway": "primary",
        "bridge": null,
        "tunnel": null,
        "layer": null,
        "surface": "asphalt",
        "source": "OpenStreetMap",
        "source_url": "https://www.openstreetmap.org/way/1508902664",
        "attribution": "© OpenStreetMap contributors",
        "licence": "Open Data Commons Open Database License (ODbL) 1.0",
        "is_simulated": false
      }
    },
    {
      "type": "Feature",
      "id": "osm-way-1516182139",
      "geometry": {
        "type": "LineString",
        "coordinates": [
          [
            80.2087203,
            13.0287936
          ],
          [
            80.2086659,
            13.0286417
          ]
        ]
      },
      "properties": {
        "id": "osm-way-1516182139",
        "kind": "route",
        "name": "Inner Ring Road",
        "description": "OpenStreetMap primary road segment",
        "class": "primary",
        "osm_type": "way",
        "osm_id": "1516182139",
        "highway": "primary",
        "bridge": null,
        "tunnel": null,
        "layer": null,
        "surface": null,
        "source": "OpenStreetMap",
        "source_url": "https://www.openstreetmap.org/way/1516182139",
        "attribution": "© OpenStreetMap contributors",
        "licence": "Open Data Commons Open Database License (ODbL) 1.0",
        "is_simulated": false
      }
    },
    {
      "type": "Feature",
      "id": "osm-way-1516182140",
      "geometry": {
        "type": "LineString",
        "coordinates": [
          [
            80.2087875,
            13.0290206
          ],
          [
            80.2087203,
            13.0287936
          ]
        ]
      },
      "properties": {
        "id": "osm-way-1516182140",
        "kind": "route",
        "name": "Inner Ring Road",
        "description": "OpenStreetMap primary road segment",
        "class": "primary",
        "osm_type": "way",
        "osm_id": "1516182140",
        "highway": "primary",
        "bridge": null,
        "tunnel": null,
        "layer": null,
        "surface": "asphalt",
        "source": "OpenStreetMap",
        "source_url": "https://www.openstreetmap.org/way/1516182140",
        "attribution": "© OpenStreetMap contributors",
        "licence": "Open Data Commons Open Database License (ODbL) 1.0",
        "is_simulated": false
      }
    },
    {
      "type": "Feature",
      "id": "osm-way-1516990912",
      "geometry": {
        "type": "LineString",
        "coordinates": [
          [
            80.2368543,
            13.0074713
          ],
          [
            80.2367344,
            13.0074903
          ],
          [
            80.2366441,
            13.0075058
          ],
          [
            80.2363852,
            13.0075611
          ],
          [
            80.2357205,
            13.0076804
          ],
          [
            80.2351611,
            13.0077925
          ]
        ]
      },
      "properties": {
        "id": "osm-way-1516990912",
        "kind": "route",
        "name": "Sardar Patel Road",
        "description": "OpenStreetMap primary road segment",
        "class": "primary",
        "osm_type": "way",
        "osm_id": "1516990912",
        "highway": "primary",
        "bridge": null,
        "tunnel": null,
        "layer": null,
        "surface": "asphalt",
        "source": "OpenStreetMap",
        "source_url": "https://www.openstreetmap.org/way/1516990912",
        "attribution": "© OpenStreetMap contributors",
        "licence": "Open Data Commons Open Database License (ODbL) 1.0",
        "is_simulated": false
      }
    },
    {
      "type": "Feature",
      "id": "osm-way-1516990913",
      "geometry": {
        "type": "LineString",
        "coordinates": [
          [
            80.2351611,
            13.0077925
          ],
          [
            80.2350579,
            13.0078132
          ]
        ]
      },
      "properties": {
        "id": "osm-way-1516990913",
        "kind": "route",
        "name": "Sardar Patel Road",
        "description": "OpenStreetMap primary road segment",
        "class": "primary",
        "osm_type": "way",
        "osm_id": "1516990913",
        "highway": "primary",
        "bridge": null,
        "tunnel": null,
        "layer": null,
        "surface": "asphalt",
        "source": "OpenStreetMap",
        "source_url": "https://www.openstreetmap.org/way/1516990913",
        "attribution": "© OpenStreetMap contributors",
        "licence": "Open Data Commons Open Database License (ODbL) 1.0",
        "is_simulated": false
      }
    },
    {
      "type": "Feature",
      "id": "osm-way-1516990914",
      "geometry": {
        "type": "LineString",
        "coordinates": [
          [
            80.2351836,
            13.0078947
          ],
          [
            80.2380038,
            13.0073267
          ]
        ]
      },
      "properties": {
        "id": "osm-way-1516990914",
        "kind": "route",
        "name": "Sardar Patel Road",
        "description": "OpenStreetMap primary road segment",
        "class": "primary",
        "osm_type": "way",
        "osm_id": "1516990914",
        "highway": "primary",
        "bridge": null,
        "tunnel": null,
        "layer": null,
        "surface": "asphalt",
        "source": "OpenStreetMap",
        "source_url": "https://www.openstreetmap.org/way/1516990914",
        "attribution": "© OpenStreetMap contributors",
        "licence": "Open Data Commons Open Database License (ODbL) 1.0",
        "is_simulated": false
      }
    },
    {
      "type": "Feature",
      "id": "osm-way-1516990915",
      "geometry": {
        "type": "LineString",
        "coordinates": [
          [
            80.2350822,
            13.0079159
          ],
          [
            80.2351836,
            13.0078947
          ]
        ]
      },
      "properties": {
        "id": "osm-way-1516990915",
        "kind": "route",
        "name": "Sardar Patel Road",
        "description": "OpenStreetMap primary road segment",
        "class": "primary",
        "osm_type": "way",
        "osm_id": "1516990915",
        "highway": "primary",
        "bridge": null,
        "tunnel": null,
        "layer": null,
        "surface": "asphalt",
        "source": "OpenStreetMap",
        "source_url": "https://www.openstreetmap.org/way/1516990915",
        "attribution": "© OpenStreetMap contributors",
        "licence": "Open Data Commons Open Database License (ODbL) 1.0",
        "is_simulated": false
      }
    },
    {
      "type": "Feature",
      "id": "osm-way-1528741754",
      "geometry": {
        "type": "LineString",
        "coordinates": [
          [
            80.2400558,
            13.0069628
          ],
          [
            80.240213,
            13.0069328
          ]
        ]
      },
      "properties": {
        "id": "osm-way-1528741754",
        "kind": "route",
        "name": "Sardar Patel Road",
        "description": "OpenStreetMap primary road segment",
        "class": "primary",
        "osm_type": "way",
        "osm_id": "1528741754",
        "highway": "primary",
        "bridge": null,
        "tunnel": null,
        "layer": null,
        "surface": "asphalt",
        "source": "OpenStreetMap",
        "source_url": "https://www.openstreetmap.org/way/1528741754",
        "attribution": "© OpenStreetMap contributors",
        "licence": "Open Data Commons Open Database License (ODbL) 1.0",
        "is_simulated": false
      }
    }
  ]
}
