{"type":"FeatureCollection","name":"floodRISE Kerala OSM application fallback","source":"OpenStreetMap via Overpass API; production imports use Geofabrik Southern Zone extracts","source_url":"https://www.openstreetmap.org","source_snapshot_at":"2026-07-20T18:40:36Z","attribution":"© OpenStreetMap contributors","licence":"Open Data Commons Open Database License (ODbL) 1.0","bbox":[76.2,9.92,76.48,10.24],"features":[{"type":"Feature","id":"osm-way-1127501312","geometry":{"type":"LineString","coordinates":[[76.3424234,10.0865577],[76.342209,10.0861784],[76.3421538,10.0860807],[76.3416066,10.0851126],[76.3413578,10.084655],[76.3408072,10.0836558],[76.3406651,10.0833933],[76.3404314,10.0829617],[76.3399196,10.0819089],[76.3397483,10.0814916],[76.3394866,10.0807946],[76.3391012,10.0797683],[76.3386736,10.0785799],[76.3384726,10.0780044],[76.33831,10.0776283],[76.3381825,10.077373],[76.3380477,10.0771359],[76.337872,10.0769089],[76.3376573,10.0766708],[76.3373737,10.0763934],[76.3367942,10.0758285],[76.3361613,10.0752185],[76.3357776,10.0748263]]},"properties":{"id":"osm-way-1127501312","kind":"route","name":"Salem - Kochi - Kanyakumari Highway","description":"OpenStreetMap trunk road segment","class":"trunk","osm_id":"1127501312","highway":"trunk","bridge":null,"tunnel":null,"source":"OpenStreetMap","is_simulated":false}},{"type":"Feature","id":"osm-way-400399813","geometry":{"type":"LineString","coordinates":[[76.3356842,10.0749239],[76.3365216,10.0757334],[76.3372903,10.0764404],[76.3373173,10.0764652],[76.3376113,10.0767752],[76.3378297,10.0770186],[76.3379934,10.0772441],[76.3381285,10.0774926],[76.3382739,10.0777888],[76.3384296,10.0781408],[76.3387265,10.0789701],[76.3388954,10.0794285],[76.3389204,10.0794998],[76.3390935,10.079994],[76.3391656,10.0801998],[76.3395117,10.0810973],[76.3397114,10.0816397],[76.339805,10.0818589],[76.3400783,10.0824388],[76.3403951,10.0831109],[76.3405327,10.0833836],[76.3412275,10.084653],[76.3415252,10.0851716],[76.341867,10.0857673],[76.3419437,10.0859009],[76.342071,10.0861187],[76.3421274,10.0862151],[76.3421721,10.0862896],[76.3422486,10.0864199],[76.3423924,10.0866645]]},"properties":{"id":"osm-way-400399813","kind":"route","name":"Salem - Kochi - Kanyakumari Highway","description":"OpenStreetMap trunk road segment","class":"trunk","osm_id":"400399813","highway":"trunk","bridge":null,"tunnel":null,"source":"OpenStreetMap","is_simulated":false}},{"type":"Feature","id":"osm-way-1218449503","geometry":{"type":"LineString","coordinates":[[76.3421538,10.0860807],[76.342071,10.0861187]]},"properties":{"id":"osm-way-1218449503","kind":"route","name":"Unnamed trunk road · OSM 1218449503","description":"OpenStreetMap trunk road segment","class":"trunk","osm_id":"1218449503","highway":"trunk","bridge":null,"tunnel":null,"source":"OpenStreetMap","is_simulated":false}},{"type":"Feature","id":"osm-way-400399814","geometry":{"type":"LineString","coordinates":[[76.3357776,10.0748263],[76.3356422,10.0747025],[76.3352028,10.0743005]]},"properties":{"id":"osm-way-400399814","kind":"route","name":"Salem - Kochi - Kanyakumari Highway","description":"OpenStreetMap trunk road segment","class":"trunk","osm_id":"400399814","highway":"trunk","bridge":null,"tunnel":null,"source":"OpenStreetMap","is_simulated":false}},{"type":"Feature","id":"osm-way-1295681008","geometry":{"type":"LineString","coordinates":[[76.3353078,10.0745685],[76.3354941,10.0747444],[76.3356842,10.0749239]]},"properties":{"id":"osm-way-1295681008","kind":"route","name":"Salem - Kochi - Kanyakumari Highway","description":"OpenStreetMap trunk road segment","class":"trunk","osm_id":"1295681008","highway":"trunk","bridge":null,"tunnel":null,"source":"OpenStreetMap","is_simulated":false}},{"type":"Feature","id":"osm-way-1127501310","geometry":{"type":"LineString","coordinates":[[76.3424638,10.0866217],[76.3424234,10.0865577]]},"properties":{"id":"osm-way-1127501310","kind":"route","name":"Salem - Kochi - Kanyakumari Highway","description":"OpenStreetMap trunk road segment","class":"trunk","osm_id":"1127501310","highway":"trunk","bridge":null,"tunnel":null,"source":"OpenStreetMap","is_simulated":false}},{"type":"Feature","id":"osm-way-1295681009","geometry":{"type":"LineString","coordinates":[[76.3351043,10.0743764],[76.3353078,10.0745685]]},"properties":{"id":"osm-way-1295681009","kind":"route","name":"Salem - Kochi - Kanyakumari Highway","description":"OpenStreetMap trunk road segment","class":"trunk","osm_id":"1295681009","highway":"trunk","bridge":null,"tunnel":null,"source":"OpenStreetMap","is_simulated":false}},{"type":"Feature","id":"osm-way-180899764","geometry":{"type":"LineString","coordinates":[[76.3279074,10.0663391],[76.3280492,10.0665175],[76.3284475,10.0670683],[76.3288214,10.0675611],[76.3290553,10.0678433],[76.3294434,10.0682938],[76.3295432,10.0684177],[76.3299027,10.0688102],[76.3308428,10.0697628],[76.3310281,10.0699506],[76.3311771,10.0701016],[76.3314631,10.0703914],[76.3315656,10.0704953],[76.3324603,10.0713438],[76.3327878,10.0717269],[76.3329167,10.071875],[76.3332746,10.0723419],[76.3335938,10.0727623],[76.3340136,10.0733073],[76.3342752,10.0735114],[76.3343761,10.0736273],[76.3348869,10.074164],[76.3351043,10.0743764]]},"properties":{"id":"osm-way-180899764","kind":"route","name":"Salem - Kochi - Kanyakumari Highway","description":"OpenStreetMap trunk road segment","class":"trunk","osm_id":"180899764","highway":"trunk","bridge":null,"tunnel":null,"source":"OpenStreetMap","is_simulated":false}},{"type":"Feature","id":"osm-way-494674948","geometry":{"type":"LineString","coordinates":[[76.3314631,10.0703914],[76.3315552,10.0702839]]},"properties":{"id":"osm-way-494674948","kind":"route","name":"Unnamed trunk road · OSM 494674948","description":"OpenStreetMap trunk link road segment","class":"trunk","osm_id":"494674948","highway":"trunk_link","bridge":null,"tunnel":null,"source":"OpenStreetMap","is_simulated":false}},{"type":"Feature","id":"osm-way-400399818","geometry":{"type":"LineString","coordinates":[[76.3352028,10.0743005],[76.3344302,10.07354],[76.3339056,10.0729284],[76.3334354,10.0723368],[76.3330247,10.0718187],[76.3327148,10.071464],[76.3324049,10.0711334],[76.332254,10.0709826],[76.3317265,10.0704552],[76.3315552,10.0702839],[76.3311504,10.0698792],[76.3304093,10.0691717],[76.3301864,10.0689473],[76.3301282,10.0688886],[76.3300907,10.0688575],[76.329935,10.0687028],[76.3298705,10.0686388],[76.3293478,10.0680466],[76.329127,10.0677792],[76.3288566,10.0674517],[76.3281595,10.0664687],[76.328019,10.0662662]]},"properties":{"id":"osm-way-400399818","kind":"route","name":"Salem - Kochi - Kanyakumari Highway","description":"OpenStreetMap trunk road segment","class":"trunk","osm_id":"400399818","highway":"trunk","bridge":null,"tunnel":null,"source":"OpenStreetMap","is_simulated":false}},{"type":"Feature","id":"osm-way-191523684","geometry":{"type":"LineString","coordinates":[[76.3475067,10.0991677],[76.3474234,10.0990004],[76.3472891,10.0986825],[76.3471396,10.0982876],[76.3470272,10.0978951],[76.3469108,10.097384],[76.3468495,10.0969997],[76.3467899,10.0965842],[76.3467158,10.0957038],[76.3466816,10.0952972],[76.3465969,10.0947986],[76.3464781,10.0943029],[76.346469,10.0942648],[76.346327,10.0937596],[76.3461726,10.0932917],[76.3460756,10.0930076],[76.3458311,10.0924774],[76.3456541,10.0921058],[76.345482,10.0917654],[76.3451776,10.0912381],[76.3451565,10.0912016],[76.3451172,10.0911335],[76.3443922,10.0898783],[76.3438908,10.0890135],[76.3435136,10.0883629],[76.3432983,10.0879991],[76.3428918,10.0873226],[76.3425145,10.086702],[76.3424638,10.0866217]]},"properties":{"id":"osm-way-191523684","kind":"route","name":"Salem - Kochi - Kanyakumari Highway","description":"OpenStreetMap trunk road segment","class":"trunk","osm_id":"191523684","highway":"trunk","bridge":null,"tunnel":null,"source":"OpenStreetMap","is_simulated":false}},{"type":"Feature","id":"osm-way-1127501311","geometry":{"type":"LineString","coordinates":[[76.3423924,10.0866645],[76.3424433,10.0867523],[76.3428245,10.087376],[76.343132,10.0878985],[76.3433446,10.0882771],[76.3433569,10.088299],[76.3434247,10.0884087],[76.3438112,10.0890599],[76.3439152,10.0892351],[76.3442006,10.0897262],[76.3443302,10.0899342],[76.344417,10.090085],[76.3450199,10.0911913],[76.3451563,10.0914157],[76.3456301,10.0922769],[76.3458609,10.0927564],[76.346024,10.0931251],[76.3461371,10.0934436],[76.346192,10.0935983],[76.3463907,10.0943262],[76.3464153,10.0943886],[76.3465132,10.094894],[76.3465163,10.0949134],[76.3465338,10.0950233],[76.3465721,10.0952636],[76.3466001,10.0955758],[76.3466005,10.0955802],[76.3466457,10.0960851],[76.346651,10.0961438],[76.3466787,10.0963804],[76.3467342,10.096891],[76.3467503,10.0969939],[76.346802,10.0973238],[76.3468281,10.0974504],[76.346881,10.0977076],[76.3469693,10.09805],[76.3470962,10.098448],[76.3471355,10.0985714],[76.3472278,10.0987888],[76.3473388,10.0990504],[76.347512,10.0993824],[76.3476314,10.0996276],[76.3476968,10.0997696]]},"properties":{"id":"osm-way-1127501311","kind":"route","name":"Salem - Kochi - Kanyakumari Highway","description":"OpenStreetMap trunk road segment","class":"trunk","osm_id":"1127501311","highway":"trunk","bridge":null,"tunnel":null,"source":"OpenStreetMap","is_simulated":false}},{"type":"Feature","id":"osm-way-1295681258","geometry":{"type":"LineString","coordinates":[[76.3276662,10.0659936],[76.3279074,10.0663391]]},"properties":{"id":"osm-way-1295681258","kind":"route","name":"Salem - Kochi - Kanyakumari Highway","description":"OpenStreetMap trunk road segment","class":"trunk","osm_id":"1295681258","highway":"trunk","bridge":"yes","tunnel":null,"source":"OpenStreetMap","is_simulated":false}},{"type":"Feature","id":"osm-way-1295681261","geometry":{"type":"LineString","coordinates":[[76.328019,10.0662662],[76.3277527,10.06592]]},"properties":{"id":"osm-way-1295681261","kind":"route","name":"Salem - Kochi - Kanyakumari Highway","description":"OpenStreetMap trunk road segment","class":"trunk","osm_id":"1295681261","highway":"trunk","bridge":"yes","tunnel":null,"source":"OpenStreetMap","is_simulated":false}},{"type":"Feature","id":"osm-way-1295681259","geometry":{"type":"LineString","coordinates":[[76.3275692,10.0658707],[76.3276662,10.0659936]]},"properties":{"id":"osm-way-1295681259","kind":"route","name":"Salem - Kochi - Kanyakumari Highway","description":"OpenStreetMap trunk road segment","class":"trunk","osm_id":"1295681259","highway":"trunk","bridge":null,"tunnel":null,"source":"OpenStreetMap","is_simulated":false}},{"type":"Feature","id":"osm-way-1295681260","geometry":{"type":"LineString","coordinates":[[76.3277527,10.06592],[76.3276578,10.0658092]]},"properties":{"id":"osm-way-1295681260","kind":"route","name":"Salem - Kochi - Kanyakumari Highway","description":"OpenStreetMap trunk road segment","class":"trunk","osm_id":"1295681260","highway":"trunk","bridge":null,"tunnel":null,"source":"OpenStreetMap","is_simulated":false}},{"type":"Feature","id":"osm-way-1043646470","geometry":{"type":"LineString","coordinates":[[76.3274138,10.0656634],[76.3275692,10.0658707]]},"properties":{"id":"osm-way-1043646470","kind":"route","name":"Salem - Kochi - Kanyakumari Highway","description":"OpenStreetMap trunk road segment","class":"trunk","osm_id":"1043646470","highway":"trunk","bridge":null,"tunnel":null,"source":"OpenStreetMap","is_simulated":false}},{"type":"Feature","id":"osm-way-1043646471","geometry":{"type":"LineString","coordinates":[[76.3276578,10.0658092],[76.3276258,10.0657666]]},"properties":{"id":"osm-way-1043646471","kind":"route","name":"Salem - Kochi - Kanyakumari Highway","description":"OpenStreetMap trunk road segment","class":"trunk","osm_id":"1043646471","highway":"trunk","bridge":null,"tunnel":null,"source":"OpenStreetMap","is_simulated":false}},{"type":"Feature","id":"osm-way-1041471976","geometry":{"type":"LineString","coordinates":[[76.3272152,10.0653791],[76.3274138,10.0656634]]},"properties":{"id":"osm-way-1041471976","kind":"route","name":"Salem - Kochi - Kanyakumari Highway","description":"OpenStreetMap trunk road segment","class":"trunk","osm_id":"1041471976","highway":"trunk","bridge":null,"tunnel":null,"source":"OpenStreetMap","is_simulated":false}},{"type":"Feature","id":"osm-way-191523681","geometry":{"type":"LineString","coordinates":[[76.3276258,10.0657666],[76.3275813,10.065716],[76.3272684,10.0653182],[76.3266599,10.0644276]]},"properties":{"id":"osm-way-191523681","kind":"route","name":"Salem - Kochi - Kanyakumari Highway","description":"OpenStreetMap trunk link road segment","class":"trunk","osm_id":"191523681","highway":"trunk_link","bridge":null,"tunnel":null,"source":"OpenStreetMap","is_simulated":false}},{"type":"Feature","id":"osm-way-1079737891","geometry":{"type":"LineString","coordinates":[[76.3472278,10.0987888],[76.3471507,10.0989125]]},"properties":{"id":"osm-way-1079737891","kind":"route","name":"Unnamed trunk road · OSM 1079737891","description":"OpenStreetMap trunk link road segment","class":"trunk","osm_id":"1079737891","highway":"trunk_link","bridge":null,"tunnel":null,"source":"OpenStreetMap","is_simulated":false}},{"type":"Feature","id":"osm-way-255359477","geometry":{"type":"LineString","coordinates":[[76.3261499,10.064763],[76.3263218,10.0647242],[76.3264293,10.0647197],[76.3264579,10.0647228],[76.3265544,10.0647332],[76.3266697,10.0647834],[76.3267584,10.0648681],[76.3272885,10.0656151],[76.3274138,10.0656634]]},"properties":{"id":"osm-way-255359477","kind":"route","name":"Unnamed trunk road · OSM 255359477","description":"OpenStreetMap trunk link road segment","class":"trunk","osm_id":"255359477","highway":"trunk_link","bridge":null,"tunnel":null,"source":"OpenStreetMap","is_simulated":false}},{"type":"Feature","id":"osm-way-1041471977","geometry":{"type":"LineString","coordinates":[[76.3261499,10.064763],[76.3264308,10.0645803],[76.3266599,10.0644276]]},"properties":{"id":"osm-way-1041471977","kind":"route","name":"Vallarpadam ICT Highway","description":"OpenStreetMap trunk road segment","class":"trunk","osm_id":"1041471977","highway":"trunk","bridge":null,"tunnel":null,"source":"OpenStreetMap","is_simulated":false}},{"type":"Feature","id":"osm-way-585756180","geometry":{"type":"LineString","coordinates":[[76.3478315,10.0997171],[76.3475067,10.0991677]]},"properties":{"id":"osm-way-585756180","kind":"route","name":"Salem - Kochi - Kanyakumari Highway","description":"OpenStreetMap trunk road segment","class":"trunk","osm_id":"585756180","highway":"trunk","bridge":null,"tunnel":null,"source":"OpenStreetMap","is_simulated":false}},{"type":"Feature","id":"osm-way-1013660064","geometry":{"type":"LineString","coordinates":[[76.3266599,10.0644276],[76.3265718,10.0643077]]},"properties":{"id":"osm-way-1013660064","kind":"route","name":"Salem - Kochi - Kanyakumari Highway","description":"OpenStreetMap trunk link road segment","class":"trunk","osm_id":"1013660064","highway":"trunk_link","bridge":null,"tunnel":null,"source":"OpenStreetMap","is_simulated":false}},{"type":"Feature","id":"osm-way-255186340","geometry":{"type":"LineString","coordinates":[[76.3244368,10.0658791],[76.3252219,10.0653665],[76.3253895,10.0652575],[76.3254953,10.0651887],[76.3261499,10.064763]]},"properties":{"id":"osm-way-255186340","kind":"route","name":"Vallarpadam ICT Highway","description":"OpenStreetMap trunk road segment","class":"trunk","osm_id":"255186340","highway":"trunk","bridge":null,"tunnel":null,"source":"OpenStreetMap","is_simulated":false}},{"type":"Feature","id":"osm-way-255178392","geometry":{"type":"LineString","coordinates":[[76.3265718,10.0643077],[76.3263656,10.0644589],[76.326079,10.0646691],[76.3254072,10.0651618],[76.324893,10.0655001],[76.3243945,10.0658132]]},"properties":{"id":"osm-way-255178392","kind":"route","name":"Vallarpadam ICT Highway","description":"OpenStreetMap trunk road segment","class":"trunk","osm_id":"255178392","highway":"trunk","bridge":null,"tunnel":null,"source":"OpenStreetMap","is_simulated":false}},{"type":"Feature","id":"osm-way-180899759","geometry":{"type":"LineString","coordinates":[[76.3251041,10.0629844],[76.3254816,10.0633105],[76.3255576,10.0633633],[76.3259636,10.0637622],[76.3263189,10.0641675],[76.3266002,10.0645284],[76.3267489,10.0647381],[76.3272152,10.0653791]]},"properties":{"id":"osm-way-180899759","kind":"route","name":"Salem - Kochi - Kanyakumari Highway","description":"OpenStreetMap trunk road segment","class":"trunk","osm_id":"180899759","highway":"trunk","bridge":"yes","tunnel":null,"source":"OpenStreetMap","is_simulated":false}},{"type":"Feature","id":"osm-way-235583415","geometry":{"type":"LineString","coordinates":[[76.3479594,10.0997141],[76.3477688,10.0994595],[76.3475067,10.0991677]]},"properties":{"id":"osm-way-235583415","kind":"route","name":"Unnamed trunk road · OSM 235583415","description":"OpenStreetMap trunk link road segment","class":"trunk","osm_id":"235583415","highway":"trunk_link","bridge":null,"tunnel":null,"source":"OpenStreetMap","is_simulated":false}},{"type":"Feature","id":"osm-way-255359473","geometry":{"type":"LineString","coordinates":[[76.3249299,10.0628488],[76.3250203,10.0629667],[76.325393,10.0633203],[76.3254592,10.0633913],[76.3257229,10.0636372],[76.3260206,10.0639515],[76.3261495,10.0640996],[76.3261869,10.0641971],[76.3262112,10.0643268],[76.3261978,10.064443],[76.3261628,10.064551],[76.326079,10.0646691]]},"properties":{"id":"osm-way-255359473","kind":"route","name":"Unnamed trunk road · OSM 255359473","description":"OpenStreetMap trunk link road segment","class":"trunk","osm_id":"255359473","highway":"trunk_link","bridge":null,"tunnel":null,"source":"OpenStreetMap","is_simulated":false}},{"type":"Feature","id":"osm-way-494674949","geometry":{"type":"LineString","coordinates":[[76.3476968,10.0997696],[76.3478315,10.0997171]]},"properties":{"id":"osm-way-494674949","kind":"route","name":"Unnamed trunk road · OSM 494674949","description":"OpenStreetMap trunk link road segment","class":"trunk","osm_id":"494674949","highway":"trunk_link","bridge":null,"tunnel":null,"source":"OpenStreetMap","is_simulated":false}},{"type":"Feature","id":"osm-way-494680349","geometry":{"type":"LineString","coordinates":[[76.3476968,10.0997696],[76.3476169,10.0998182]]},"properties":{"id":"osm-way-494680349","kind":"route","name":"Unnamed trunk road · OSM 494680349","description":"OpenStreetMap trunk link road segment","class":"trunk","osm_id":"494680349","highway":"trunk_link","bridge":null,"tunnel":null,"source":"OpenStreetMap","is_simulated":false}},{"type":"Feature","id":"osm-way-240180830","geometry":{"type":"LineString","coordinates":[[76.3478315,10.0997171],[76.347914,10.0997059],[76.3479594,10.0997141]]},"properties":{"id":"osm-way-240180830","kind":"route","name":"Unnamed trunk road · OSM 240180830","description":"OpenStreetMap trunk link road segment","class":"trunk","osm_id":"240180830","highway":"trunk_link","bridge":null,"tunnel":null,"source":"OpenStreetMap","is_simulated":false}},{"type":"Feature","id":"osm-way-255186342","geometry":{"type":"LineString","coordinates":[[76.3231613,10.0667807],[76.3234616,10.066501],[76.3244368,10.0658791]]},"properties":{"id":"osm-way-255186342","kind":"route","name":"Vallarpadam ICT Highway","description":"OpenStreetMap trunk road segment","class":"trunk","osm_id":"255186342","highway":"trunk","bridge":"yes","tunnel":null,"source":"OpenStreetMap","is_simulated":false}},{"type":"Feature","id":"osm-way-191523678","geometry":{"type":"LineString","coordinates":[[76.3276258,10.0657666],[76.3275904,10.0655988],[76.3272728,10.0651122],[76.3271124,10.0648368],[76.326782,10.0642798],[76.3265269,10.0639324],[76.3262702,10.0636461],[76.325842,10.0632251],[76.32559,10.0630136],[76.3253212,10.0628154],[76.3247668,10.0624856],[76.3246052,10.062403],[76.3244497,10.0623416]]},"properties":{"id":"osm-way-191523678","kind":"route","name":"Unnamed trunk road · OSM 191523678","description":"OpenStreetMap trunk road segment","class":"trunk","osm_id":"191523678","highway":"trunk","bridge":null,"tunnel":null,"source":"OpenStreetMap","is_simulated":false}},{"type":"Feature","id":"osm-way-1013660065","geometry":{"type":"LineString","coordinates":[[76.322561,10.0675723],[76.322816,10.0672125],[76.3229709,10.0670176],[76.3231103,10.0668407],[76.3231613,10.0667807]]},"properties":{"id":"osm-way-1013660065","kind":"route","name":"Vallarpadam ICT Highway","description":"OpenStreetMap trunk road segment","class":"trunk","osm_id":"1013660065","highway":"trunk","bridge":null,"tunnel":null,"source":"OpenStreetMap","is_simulated":false}},{"type":"Feature","id":"osm-way-1152605203","geometry":{"type":"LineString","coordinates":[[76.3174942,10.0709824],[76.3178693,10.0710344],[76.3182502,10.0710556],[76.318623,10.0710318],[76.318961,10.0709763],[76.3193016,10.0708813],[76.3196235,10.0707677],[76.3199829,10.0705987],[76.3203295,10.070379],[76.3206246,10.0701598],[76.3209216,10.0699015],[76.3211798,10.0696422],[76.3213857,10.0693997],[76.3215654,10.0691541],[76.3217397,10.0688795],[76.3219537,10.0685124],[76.3219892,10.0684516],[76.3220905,10.0682838],[76.3221238,10.0682286],[76.3221776,10.0681395],[76.3223915,10.0678257],[76.3224704,10.0677077],[76.3224772,10.0676975],[76.322561,10.0675723]]},"properties":{"id":"osm-way-1152605203","kind":"route","name":"Vallarpadam ICT Highway","description":"OpenStreetMap trunk road segment","class":"trunk","osm_id":"1152605203","highway":"trunk","bridge":null,"tunnel":null,"source":"OpenStreetMap","is_simulated":false}},{"type":"Feature","id":"osm-way-255178393","geometry":{"type":"LineString","coordinates":[[76.3243945,10.0658132],[76.3235968,10.0662931],[76.323393,10.0664411],[76.3230909,10.0667366]]},"properties":{"id":"osm-way-255178393","kind":"route","name":"Vallarpadam ICT Highway","description":"OpenStreetMap trunk road segment","class":"trunk","osm_id":"255178393","highway":"trunk","bridge":"yes","tunnel":null,"source":"OpenStreetMap","is_simulated":false}},{"type":"Feature","id":"osm-way-1218449501","geometry":{"type":"LineString","coordinates":[[76.3480373,10.1000803],[76.3479877,10.0999784],[76.3478315,10.0997171]]},"properties":{"id":"osm-way-1218449501","kind":"route","name":"Salem - Kochi - Kanyakumari Highway","description":"OpenStreetMap trunk road segment","class":"trunk","osm_id":"1218449501","highway":"trunk","bridge":"yes","tunnel":null,"source":"OpenStreetMap","is_simulated":false}},{"type":"Feature","id":"osm-way-1038662803","geometry":{"type":"LineString","coordinates":[[76.3230909,10.0667366],[76.3229878,10.0668524],[76.3227976,10.0670952],[76.3227612,10.0671417],[76.3226947,10.0672239],[76.3226381,10.0672971],[76.3225312,10.0674353],[76.3224009,10.0676386],[76.3223953,10.0676473],[76.3222912,10.0678098],[76.3219946,10.0682727],[76.3214336,10.0691888],[76.3211976,10.069503],[76.3209021,10.0697928],[76.3206418,10.0700317],[76.3202929,10.0702857],[76.3199692,10.0704905],[76.3196045,10.0706789],[76.3191787,10.070831],[76.31874,10.0709166],[76.3182859,10.0709585],[76.3181709,10.0709579],[76.317857,10.0709396],[76.3175248,10.0708915],[76.3173446,10.0708475],[76.3172109,10.0708148]]},"properties":{"id":"osm-way-1038662803","kind":"route","name":"Vallarpadam ICT Highway","description":"OpenStreetMap trunk road segment","class":"trunk","osm_id":"1038662803","highway":"trunk","bridge":null,"tunnel":null,"source":"OpenStreetMap","is_simulated":false}},{"type":"Feature","id":"osm-way-240180836","geometry":{"type":"LineString","coordinates":[[76.3265718,10.0643077],[76.3263398,10.0640356],[76.3260077,10.0636778],[76.3256215,10.0633031],[76.3255131,10.0632163],[76.3253183,10.0630355],[76.3249947,10.062786],[76.3247041,10.0625492],[76.3244497,10.0623416]]},"properties":{"id":"osm-way-240180836","kind":"route","name":"Salem - Kochi - Kanyakumari Highway","description":"OpenStreetMap trunk link road segment","class":"trunk","osm_id":"240180836","highway":"trunk_link","bridge":null,"tunnel":null,"source":"OpenStreetMap","is_simulated":false}},{"type":"Feature","id":"osm-way-1013660056","geometry":{"type":"LineString","coordinates":[[76.323353,10.0614828],[76.3235922,10.0617353],[76.3237121,10.061845],[76.3241041,10.0621928],[76.3242075,10.0622839],[76.3243856,10.062423],[76.3246282,10.062614],[76.3247293,10.0626927],[76.3249299,10.0628488],[76.3251041,10.0629844]]},"properties":{"id":"osm-way-1013660056","kind":"route","name":"Salem - Kochi - Kanyakumari Highway","description":"OpenStreetMap trunk road segment","class":"trunk","osm_id":"1013660056","highway":"trunk","bridge":null,"tunnel":null,"source":"OpenStreetMap","is_simulated":false}},{"type":"Feature","id":"osm-way-1089653790","geometry":{"type":"LineString","coordinates":[[76.3244497,10.0623416],[76.3243856,10.062423]]},"properties":{"id":"osm-way-1089653790","kind":"route","name":"Unnamed trunk road · OSM 1089653790","description":"OpenStreetMap trunk link road segment","class":"trunk","osm_id":"1089653790","highway":"trunk_link","bridge":null,"tunnel":null,"source":"OpenStreetMap","is_simulated":false}},{"type":"Feature","id":"osm-way-1152605202","geometry":{"type":"LineString","coordinates":[[76.3172373,10.0709467],[76.3173196,10.0709581],[76.3174942,10.0709824]]},"properties":{"id":"osm-way-1152605202","kind":"route","name":"Vallarpadam ICT Highway","description":"OpenStreetMap trunk road segment","class":"trunk","osm_id":"1152605202","highway":"trunk","bridge":null,"tunnel":null,"source":"OpenStreetMap","is_simulated":false}},{"type":"Feature","id":"osm-way-1038662799","geometry":{"type":"LineString","coordinates":[[76.3170598,10.0708966],[76.3172373,10.0709467]]},"properties":{"id":"osm-way-1038662799","kind":"route","name":"Vallarpadam ICT Highway","description":"OpenStreetMap trunk road segment","class":"trunk","osm_id":"1038662799","highway":"trunk","bridge":null,"tunnel":null,"source":"OpenStreetMap","is_simulated":false}},{"type":"Feature","id":"osm-way-1207255332","geometry":{"type":"LineString","coordinates":[[76.3234213,10.061414],[76.323353,10.0614828]]},"properties":{"id":"osm-way-1207255332","kind":"route","name":"Unnamed trunk road · OSM 1207255332","description":"OpenStreetMap trunk link road segment","class":"trunk","osm_id":"1207255332","highway":"trunk_link","bridge":null,"tunnel":null,"source":"OpenStreetMap","is_simulated":false}},{"type":"Feature","id":"osm-way-1207255331","geometry":{"type":"LineString","coordinates":[[76.3229115,10.0609406],[76.3230827,10.0611687],[76.3231021,10.061193],[76.3231659,10.061273],[76.3232562,10.0613737],[76.323353,10.0614828]]},"properties":{"id":"osm-way-1207255331","kind":"route","name":"Salem - Kochi - Kanyakumari Highway","description":"OpenStreetMap trunk road segment","class":"trunk","osm_id":"1207255331","highway":"trunk","bridge":null,"tunnel":null,"source":"OpenStreetMap","is_simulated":false}},{"type":"Feature","id":"osm-way-1014994366","geometry":{"type":"LineString","coordinates":[[76.3476968,10.0997696],[76.3477701,10.0999038],[76.3480018,10.1003474],[76.3480536,10.1004243],[76.3484183,10.1010764],[76.3487259,10.1015958],[76.3487876,10.1017105],[76.3492758,10.1026655],[76.3493783,10.1029643],[76.3494861,10.1032016],[76.3496121,10.1036312],[76.349717,10.1040911],[76.349795,10.1045106],[76.3498485,10.1048567],[76.3498905,10.1052658],[76.3499094,10.1057404],[76.3499106,10.1060592],[76.3498911,10.1064235],[76.3498549,10.1068537],[76.3498497,10.1069154],[76.3498297,10.1070295],[76.3497721,10.1074101],[76.3495279,10.108787]]},"properties":{"id":"osm-way-1014994366","kind":"route","name":"Salem - Kochi - Kanyakumari Highway","description":"OpenStreetMap trunk road segment","class":"trunk","osm_id":"1014994366","highway":"trunk","bridge":"yes","tunnel":null,"source":"OpenStreetMap","is_simulated":false}},{"type":"Feature","id":"osm-way-1043646474","geometry":{"type":"LineString","coordinates":[[76.3224662,10.0601693],[76.3225264,10.0602896],[76.3226362,10.0604995],[76.3227626,10.0607207],[76.3229115,10.0609406]]},"properties":{"id":"osm-way-1043646474","kind":"route","name":"Salem - Kochi - Kanyakumari Highway","description":"OpenStreetMap trunk road segment","class":"trunk","osm_id":"1043646474","highway":"trunk","bridge":null,"tunnel":null,"source":"OpenStreetMap","is_simulated":false}},{"type":"Feature","id":"osm-way-255177402","geometry":{"type":"LineString","coordinates":[[76.3244497,10.0623416],[76.3242837,10.0622014],[76.3236723,10.0616765],[76.3236126,10.061615],[76.3234213,10.061414],[76.3232406,10.061204],[76.3230908,10.0610273],[76.3229131,10.0607742],[76.3227518,10.0605089],[76.3226347,10.0602939],[76.3225978,10.0602262],[76.3224726,10.05995],[76.3223385,10.0596105],[76.3222403,10.0593345],[76.3221271,10.058989],[76.3220141,10.0586272],[76.3218853,10.0582317],[76.3217859,10.0579439],[76.3216691,10.0576057],[76.3214136,10.0567902],[76.3213356,10.0566133]]},"properties":{"id":"osm-way-255177402","kind":"route","name":"Salem - Kochi - Kanyakumari Highway","description":"OpenStreetMap trunk road segment","class":"trunk","osm_id":"255177402","highway":"trunk","bridge":null,"tunnel":null,"source":"OpenStreetMap","is_simulated":false}},{"type":"Feature","id":"osm-way-585756181","geometry":{"type":"LineString","coordinates":[[76.349628,10.1088093],[76.3496805,10.1085428],[76.3497482,10.1082265],[76.3498306,10.1078469],[76.3498997,10.1074858],[76.3499694,10.1070527],[76.3499907,10.1068669],[76.3500038,10.1067334],[76.3500482,10.1062063],[76.3500486,10.1057576],[76.3500434,10.1053808],[76.3500002,10.1049892],[76.3499259,10.1044995],[76.349781,10.1038518],[76.349653,10.1033706],[76.3494561,10.102799],[76.3492883,10.1023877],[76.3489811,10.101745],[76.3486416,10.1011598],[76.3485913,10.1010731],[76.3481515,10.1003152],[76.3480373,10.1000803]]},"properties":{"id":"osm-way-585756181","kind":"route","name":"Salem - Kochi - Kanyakumari Highway","description":"OpenStreetMap trunk road segment","class":"trunk","osm_id":"585756181","highway":"trunk","bridge":"yes","tunnel":null,"source":"OpenStreetMap","is_simulated":false}},{"type":"Feature","id":"osm-way-180905086","geometry":{"type":"LineString","coordinates":[[76.3212823,10.0566866],[76.321607,10.057926],[76.32164,10.0580373],[76.3216938,10.0581812],[76.3220362,10.0590972],[76.3221619,10.0594335],[76.322183,10.0595003],[76.3222516,10.0596464],[76.3223305,10.0598712],[76.3224305,10.060098],[76.3224662,10.0601693]]},"properties":{"id":"osm-way-180905086","kind":"route","name":"Salem - Kochi - Kanyakumari Highway","description":"OpenStreetMap trunk road segment","class":"trunk","osm_id":"180905086","highway":"trunk","bridge":null,"tunnel":null,"source":"OpenStreetMap","is_simulated":false}},{"type":"Feature","id":"osm-way-751832079","geometry":{"type":"LineString","coordinates":[[76.313608,10.0690241],[76.313666,10.0689257]]},"properties":{"id":"osm-way-751832079","kind":"route","name":"Unnamed trunk road · OSM 751832079","description":"OpenStreetMap trunk link road segment","class":"trunk","osm_id":"751832079","highway":"trunk_link","bridge":null,"tunnel":null,"source":"OpenStreetMap","is_simulated":false}},{"type":"Feature","id":"osm-way-255040657","geometry":{"type":"LineString","coordinates":[[76.3213356,10.0566133],[76.3213872,10.0565965],[76.3215028,10.0562407]]},"properties":{"id":"osm-way-255040657","kind":"route","name":"HMT Ring Road","description":"OpenStreetMap trunk road segment","class":"trunk","osm_id":"255040657","highway":"trunk","bridge":null,"tunnel":null,"source":"OpenStreetMap","is_simulated":false}},{"type":"Feature","id":"osm-way-1010454287","geometry":{"type":"LineString","coordinates":[[76.3209148,10.0555357],[76.3212232,10.0565043],[76.3212768,10.0566726],[76.3212823,10.0566866]]},"properties":{"id":"osm-way-1010454287","kind":"route","name":"Salem - Kochi - Kanyakumari Highway","description":"OpenStreetMap trunk road segment","class":"trunk","osm_id":"1010454287","highway":"trunk","bridge":null,"tunnel":null,"source":"OpenStreetMap","is_simulated":false}},{"type":"Feature","id":"osm-way-1359052608","geometry":{"type":"LineString","coordinates":[[76.3212763,10.0564267],[76.3212232,10.0565043]]},"properties":{"id":"osm-way-1359052608","kind":"route","name":"salem-Kochi-kanyakymari Highway","description":"OpenStreetMap trunk road segment","class":"trunk","osm_id":"1359052608","highway":"trunk","bridge":null,"tunnel":null,"source":"OpenStreetMap","is_simulated":false}},{"type":"Feature","id":"osm-way-925831370","geometry":{"type":"LineString","coordinates":[[76.3210057,10.0555235],[76.3212209,10.0562427],[76.3212763,10.0564267],[76.3213356,10.0566133]]},"properties":{"id":"osm-way-925831370","kind":"route","name":"Salem - Kochi - Kanyakumari Highway","description":"OpenStreetMap trunk road segment","class":"trunk","osm_id":"925831370","highway":"trunk","bridge":null,"tunnel":null,"source":"OpenStreetMap","is_simulated":false}},{"type":"Feature","id":"osm-way-1358529636","geometry":{"type":"LineString","coordinates":[[76.3215028,10.0562407],[76.3215525,10.0561096]]},"properties":{"id":"osm-way-1358529636","kind":"route","name":"HMT Ring Road","description":"OpenStreetMap trunk road segment","class":"trunk","osm_id":"1358529636","highway":"trunk","bridge":null,"tunnel":null,"source":"OpenStreetMap","is_simulated":false}},{"type":"Feature","id":"osm-way-255040659","geometry":{"type":"LineString","coordinates":[[76.3215525,10.0561096],[76.3216856,10.0557236]]},"properties":{"id":"osm-way-255040659","kind":"route","name":"HMT Ring Road","description":"OpenStreetMap trunk road segment","class":"trunk","osm_id":"255040659","highway":"trunk","bridge":"yes","tunnel":null,"source":"OpenStreetMap","is_simulated":false}},{"type":"Feature","id":"osm-way-1013173727","geometry":{"type":"LineString","coordinates":[[76.3216856,10.0557236],[76.3217082,10.0556475],[76.321799,10.0553408]]},"properties":{"id":"osm-way-1013173727","kind":"route","name":"HMT Ring Road","description":"OpenStreetMap trunk road segment","class":"trunk","osm_id":"1013173727","highway":"trunk","bridge":null,"tunnel":null,"source":"OpenStreetMap","is_simulated":false}},{"type":"Feature","id":"osm-way-255040652","geometry":{"type":"LineString","coordinates":[[76.321799,10.0553408],[76.3218265,10.05518],[76.3218435,10.0550193]]},"properties":{"id":"osm-way-255040652","kind":"route","name":"HMT Ring Road","description":"OpenStreetMap trunk road segment","class":"trunk","osm_id":"255040652","highway":"trunk","bridge":null,"tunnel":null,"source":"OpenStreetMap","is_simulated":false}},{"type":"Feature","id":"osm-way-1136764520","geometry":{"type":"LineString","coordinates":[[76.3492431,10.1101072],[76.3492933,10.1099736],[76.3493815,10.109731],[76.3494486,10.109523],[76.3494995,10.1093177],[76.3495452,10.1091361],[76.3496068,10.1088913],[76.349628,10.1088093]]},"properties":{"id":"osm-way-1136764520","kind":"route","name":"Salem - Kochi - Kanyakumari Highway","description":"OpenStreetMap trunk road segment","class":"trunk","osm_id":"1136764520","highway":"trunk","bridge":null,"tunnel":null,"source":"OpenStreetMap","is_simulated":false}},{"type":"Feature","id":"osm-way-1021357310","geometry":{"type":"LineString","coordinates":[[76.3218435,10.0550193],[76.3218464,10.0549338],[76.3218349,10.0547843]]},"properties":{"id":"osm-way-1021357310","kind":"route","name":"HMT Ring Road","description":"OpenStreetMap trunk road segment","class":"trunk","osm_id":"1021357310","highway":"trunk","bridge":null,"tunnel":null,"source":"OpenStreetMap","is_simulated":false}},{"type":"Feature","id":"osm-way-925831371","geometry":{"type":"LineString","coordinates":[[76.3206252,10.0543103],[76.3210057,10.0555235]]},"properties":{"id":"osm-way-925831371","kind":"route","name":"Salem - Kochi - Kanyakumari Highway","description":"OpenStreetMap trunk road segment","class":"trunk","osm_id":"925831371","highway":"trunk","bridge":"yes","tunnel":null,"source":"OpenStreetMap","is_simulated":false}},{"type":"Feature","id":"osm-way-255040651","geometry":{"type":"LineString","coordinates":[[76.3205529,10.0543256],[76.3209148,10.0555357]]},"properties":{"id":"osm-way-255040651","kind":"route","name":"Unnamed trunk road · OSM 255040651","description":"OpenStreetMap trunk road segment","class":"trunk","osm_id":"255040651","highway":"trunk","bridge":"yes","tunnel":null,"source":"OpenStreetMap","is_simulated":false}},{"type":"Feature","id":"osm-way-1136764521","geometry":{"type":"LineString","coordinates":[[76.3495279,10.108787],[76.349411,10.1092342],[76.349267,10.1096823],[76.3491198,10.1100717]]},"properties":{"id":"osm-way-1136764521","kind":"route","name":"Salem - Kochi - Kanyakumari Highway","description":"OpenStreetMap trunk road segment","class":"trunk","osm_id":"1136764521","highway":"trunk","bridge":null,"tunnel":null,"source":"OpenStreetMap","is_simulated":false}},{"type":"Feature","id":"osm-way-1043639142","geometry":{"type":"LineString","coordinates":[[76.3218349,10.0547843],[76.3218129,10.0545874]]},"properties":{"id":"osm-way-1043639142","kind":"route","name":"HMT Ring Road","description":"OpenStreetMap trunk road segment","class":"trunk","osm_id":"1043639142","highway":"trunk","bridge":null,"tunnel":null,"source":"OpenStreetMap","is_simulated":false}},{"type":"Feature","id":"osm-way-1089787101","geometry":{"type":"LineString","coordinates":[[76.3489947,10.1105941],[76.349104,10.110405],[76.3492431,10.1101072]]},"properties":{"id":"osm-way-1089787101","kind":"route","name":"Salem - Kochi - Kanyakumari Highway","description":"OpenStreetMap trunk road segment","class":"trunk","osm_id":"1089787101","highway":"trunk","bridge":null,"tunnel":null,"source":"OpenStreetMap","is_simulated":false}},{"type":"Feature","id":"osm-way-585756179","geometry":{"type":"LineString","coordinates":[[76.3491198,10.1100717],[76.3489591,10.1104286],[76.3488885,10.1105722],[76.3488092,10.1107336]]},"properties":{"id":"osm-way-585756179","kind":"route","name":"Salem - Kochi - Kanyakumari Highway","description":"OpenStreetMap trunk road segment","class":"trunk","osm_id":"585756179","highway":"trunk","bridge":null,"tunnel":null,"source":"OpenStreetMap","is_simulated":false}},{"type":"Feature","id":"osm-way-1350021759","geometry":{"type":"LineString","coordinates":[[76.3491982,10.1108202],[76.3492309,10.1107955]]},"properties":{"id":"osm-way-1350021759","kind":"route","name":"Unnamed trunk road · OSM 1350021759","description":"OpenStreetMap trunk link road segment","class":"trunk","osm_id":"1350021759","highway":"trunk_link","bridge":null,"tunnel":null,"source":"OpenStreetMap","is_simulated":false}},{"type":"Feature","id":"osm-way-255394020","geometry":{"type":"LineString","coordinates":[[76.3484878,10.1114517],[76.3485894,10.1112931],[76.3486599,10.111183],[76.3488128,10.110948],[76.3489059,10.1107668],[76.3489947,10.1105941]]},"properties":{"id":"osm-way-255394020","kind":"route","name":"Salem - Kochi - Kanyakumari Highway","description":"OpenStreetMap trunk road segment","class":"trunk","osm_id":"255394020","highway":"trunk","bridge":null,"tunnel":null,"source":"OpenStreetMap","is_simulated":false}},{"type":"Feature","id":"osm-way-186888148","geometry":{"type":"LineString","coordinates":[[76.3484878,10.1114517],[76.348597,10.1113835],[76.3490267,10.1109546],[76.3491649,10.1108454],[76.3491982,10.1108202]]},"properties":{"id":"osm-way-186888148","kind":"route","name":"Unnamed trunk road · OSM 186888148","description":"OpenStreetMap trunk link road segment","class":"trunk","osm_id":"186888148","highway":"trunk_link","bridge":null,"tunnel":null,"source":"OpenStreetMap","is_simulated":false}},{"type":"Feature","id":"osm-way-1011198754","geometry":{"type":"LineString","coordinates":[[76.3488092,10.1107336],[76.3485914,10.11113],[76.3483921,10.1113235]]},"properties":{"id":"osm-way-1011198754","kind":"route","name":"Salem - Kochi - Kanyakumari Highway","description":"OpenStreetMap trunk road segment","class":"trunk","osm_id":"1011198754","highway":"trunk","bridge":null,"tunnel":null,"source":"OpenStreetMap","is_simulated":false}},{"type":"Feature","id":"osm-way-751832085","geometry":{"type":"LineString","coordinates":[[76.2990077,10.0671199],[76.2993674,10.06739],[76.2995237,10.0675201],[76.3002418,10.068074],[76.300669,10.0683824],[76.3010089,10.0686154],[76.3013207,10.068805],[76.3017123,10.0690136],[76.302055,10.0691805],[76.302466,10.0693411],[76.3028865,10.0694657],[76.3034283,10.0695951],[76.30396,10.0696871],[76.3045551,10.0697255],[76.3049037,10.0697319],[76.3051722,10.0697173],[76.3051998,10.0697159],[76.3053041,10.0697102],[76.3053865,10.0697054],[76.3054857,10.0696926],[76.3059779,10.0696289],[76.3065922,10.0694902],[76.3073933,10.0692592],[76.3081516,10.0689904],[76.3086083,10.0688288],[76.3089,10.0687474],[76.3091575,10.0686735],[76.3096161,10.068589],[76.3101499,10.0685229],[76.3107111,10.0684854],[76.3112442,10.068486],[76.3117599,10.068533],[76.3122078,10.0685858],[76.3126105,10.0686833],[76.3128213,10.0687453],[76.3130011,10.0687897],[76.3134068,10.0689344],[76.313608,10.0690241],[76.3136471,10.0690415],[76.3137286,10.0690691],[76.3141394,10.0692485],[76.3145122,10.0694307],[76.3149199,10.0696842],[76.3150951,10.0697952],[76.3152203,10.0698744],[76.3155529,10.0700857],[76.315846,10.0702751],[76.3160434,10.0704027],[76.3161628,10.0704767],[76.3163545,10.0705955],[76.3166442,10.070746],[76.3169473,10.0708649],[76.3169884,10.0708765],[76.3170099,10.0708825],[76.3170598,10.0708966]]},"properties":{"id":"osm-way-751832085","kind":"route","name":"Vallarpadam ICT Highway","description":"OpenStreetMap trunk road segment","class":"trunk","osm_id":"751832085","highway":"trunk","bridge":null,"tunnel":null,"source":"OpenStreetMap","is_simulated":false}},{"type":"Feature","id":"osm-way-235999995","geometry":{"type":"LineString","coordinates":[[76.3204011,10.0535856],[76.3205294,10.0540004],[76.3206252,10.0543103]]},"properties":{"id":"osm-way-235999995","kind":"route","name":"Salem - Kochi - Kanyakumari Highway","description":"OpenStreetMap trunk road segment","class":"trunk","osm_id":"235999995","highway":"trunk","bridge":null,"tunnel":null,"source":"OpenStreetMap","is_simulated":false}},{"type":"Feature","id":"osm-way-1374168823","geometry":{"type":"LineString","coordinates":[[76.3204575,10.0540143],[76.3205294,10.0540004]]},"properties":{"id":"osm-way-1374168823","kind":"route","name":"Unnamed trunk road · OSM 1374168823","description":"OpenStreetMap trunk road segment","class":"trunk","osm_id":"1374168823","highway":"trunk","bridge":null,"tunnel":null,"source":"OpenStreetMap","is_simulated":false}},{"type":"Feature","id":"osm-way-1010454288","geometry":{"type":"LineString","coordinates":[[76.3202197,10.0532357],[76.3203219,10.0535684],[76.3204394,10.0539552],[76.3204575,10.0540143],[76.3205529,10.0543256]]},"properties":{"id":"osm-way-1010454288","kind":"route","name":"Salem - Kochi - Kanyakumari Highway","description":"OpenStreetMap trunk road segment","class":"trunk","osm_id":"1010454288","highway":"trunk","bridge":null,"tunnel":null,"source":"OpenStreetMap","is_simulated":false}},{"type":"Feature","id":"osm-way-1010024778","geometry":{"type":"LineString","coordinates":[[76.3482625,10.1117506],[76.3484402,10.1115149],[76.3484878,10.1114517]]},"properties":{"id":"osm-way-1010024778","kind":"route","name":"Salem - Kochi - Kanyakumari Highway","description":"OpenStreetMap trunk road segment","class":"trunk","osm_id":"1010024778","highway":"trunk","bridge":null,"tunnel":null,"source":"OpenStreetMap","is_simulated":false}},{"type":"Feature","id":"osm-way-1010024781","geometry":{"type":"LineString","coordinates":[[76.3483921,10.1113235],[76.3481317,10.1116096]]},"properties":{"id":"osm-way-1010024781","kind":"route","name":"Salem - Kochi - Kanyakumari Highway","description":"OpenStreetMap trunk road segment","class":"trunk","osm_id":"1010024781","highway":"trunk","bridge":null,"tunnel":null,"source":"OpenStreetMap","is_simulated":false}},{"type":"Feature","id":"osm-way-46513744","geometry":{"type":"LineString","coordinates":[[76.3218129,10.0545874],[76.3217786,10.0543997],[76.3217347,10.0542185],[76.3216433,10.053893],[76.3215597,10.053687],[76.3214617,10.0534847],[76.3212983,10.0531663],[76.3211223,10.0529602],[76.3209829,10.0528202],[76.320821,10.0526976],[76.3206904,10.0526146],[76.3205903,10.0525657],[76.3204892,10.0525123],[76.3204051,10.0524664],[76.3203425,10.0524336]]},"properties":{"id":"osm-way-46513744","kind":"route","name":"HMT Ring Road","description":"OpenStreetMap trunk road segment","class":"trunk","osm_id":"46513744","highway":"trunk","bridge":null,"tunnel":null,"source":"OpenStreetMap","is_simulated":false}},{"type":"Feature","id":"osm-way-255186339","geometry":{"type":"LineString","coordinates":[[76.3172109,10.0708148],[76.3170983,10.0707873],[76.3170453,10.0707692],[76.3170186,10.0707601],[76.316942,10.070734],[76.3166516,10.0706222],[76.3163976,10.0704916],[76.3162212,10.0703827],[76.3160711,10.07029],[76.3159124,10.070192],[76.3156442,10.0700334],[76.3150111,10.0696261],[76.3144639,10.0693039],[76.3139516,10.0690531],[76.313666,10.0689257],[76.3134597,10.0688599],[76.3129914,10.0686961],[76.3124641,10.0685466],[76.3120663,10.0684697],[76.3114862,10.0684135],[76.310957,10.0683909],[76.3104696,10.0684015],[76.3099377,10.0684506],[76.3094695,10.0685227],[76.3093216,10.0685455],[76.3089143,10.0686406],[76.3085986,10.0687373],[76.3077839,10.0690367],[76.3071702,10.0692381],[76.306606,10.0694096],[76.306218,10.0694981],[76.305821,10.0695628],[76.305798,10.0695655],[76.3054838,10.069602],[76.305412,10.0696104],[76.3051997,10.0696156],[76.3051723,10.0696162],[76.3050874,10.0696183],[76.305065,10.069619],[76.3047361,10.0696289],[76.3041718,10.0696147],[76.3035376,10.0695124],[76.302852,10.0693511],[76.3023134,10.0691729],[76.3018887,10.0689868],[76.3014165,10.068746],[76.3010534,10.0685294],[76.3010111,10.0685042],[76.3005112,10.0681524],[76.300066,10.067815],[76.299046,10.0670229]]},"properties":{"id":"osm-way-255186339","kind":"route","name":"Vallarpadam ICT Highway","description":"OpenStreetMap trunk road segment","class":"trunk","osm_id":"255186339","highway":"trunk","bridge":null,"tunnel":null,"source":"OpenStreetMap","is_simulated":false}},{"type":"Feature","id":"osm-way-255394017","geometry":{"type":"LineString","coordinates":[[76.3472634,10.1129142],[76.347372,10.1127861],[76.3475238,10.1126071],[76.3477043,10.1123942],[76.3478625,10.1122076],[76.3479529,10.112101],[76.3481103,10.1119228],[76.3482625,10.1117506]]},"properties":{"id":"osm-way-255394017","kind":"route","name":"Salem - Kochi - Kanyakumari Highway","description":"OpenStreetMap trunk road segment","class":"trunk","osm_id":"255394017","highway":"trunk","bridge":"cantilever","tunnel":null,"source":"OpenStreetMap","is_simulated":false}},{"type":"Feature","id":"osm-way-1009907064","geometry":{"type":"LineString","coordinates":[[76.3201468,10.0528051],[76.3202912,10.0532392],[76.3204011,10.0535856]]},"properties":{"id":"osm-way-1009907064","kind":"route","name":"Salem - Kochi - Kanyakumari Highway","description":"OpenStreetMap trunk road segment","class":"trunk","osm_id":"1009907064","highway":"trunk","bridge":null,"tunnel":null,"source":"OpenStreetMap","is_simulated":false}},{"type":"Feature","id":"osm-way-255394016","geometry":{"type":"LineString","coordinates":[[76.3481317,10.1116096],[76.3477894,10.1119997],[76.3473887,10.1124632],[76.3471146,10.1127937]]},"properties":{"id":"osm-way-255394016","kind":"route","name":"Salem - Kochi - Kanyakumari Highway","description":"OpenStreetMap trunk road segment","class":"trunk","osm_id":"255394016","highway":"trunk","bridge":"cantilever","tunnel":null,"source":"OpenStreetMap","is_simulated":false}},{"type":"Feature","id":"osm-way-255359047","geometry":{"type":"LineString","coordinates":[[76.3203425,10.0524336],[76.3202732,10.0524219],[76.3201986,10.0524375],[76.3201507,10.0524721],[76.3201201,10.0525155],[76.3201126,10.0525627],[76.3201468,10.0528051]]},"properties":{"id":"osm-way-255359047","kind":"route","name":"Unnamed trunk road · OSM 255359047","description":"OpenStreetMap trunk link road segment","class":"trunk","osm_id":"255359047","highway":"trunk_link","bridge":null,"tunnel":null,"source":"OpenStreetMap","is_simulated":false}},{"type":"Feature","id":"osm-way-914378939","geometry":{"type":"LineString","coordinates":[[76.3463034,10.1139934],[76.3468696,10.1133568],[76.3472634,10.1129142]]},"properties":{"id":"osm-way-914378939","kind":"route","name":"Salem - Kochi - Kanyakumari Highway","description":"OpenStreetMap trunk road segment","class":"trunk","osm_id":"914378939","highway":"trunk","bridge":null,"tunnel":null,"source":"OpenStreetMap","is_simulated":false}},{"type":"Feature","id":"osm-way-1374168824","geometry":{"type":"LineString","coordinates":[[76.3197395,10.0518496],[76.3199438,10.0524392],[76.3202197,10.0532357]]},"properties":{"id":"osm-way-1374168824","kind":"route","name":"Unnamed trunk road · OSM 1374168824","description":"OpenStreetMap trunk road segment","class":"trunk","osm_id":"1374168824","highway":"trunk","bridge":null,"tunnel":null,"source":"OpenStreetMap","is_simulated":false}},{"type":"Feature","id":"osm-way-860968191","geometry":{"type":"LineString","coordinates":[[76.3203425,10.0524336],[76.3201729,10.0522953],[76.3200647,10.0522246],[76.3200158,10.052182],[76.3199928,10.0521545],[76.3198789,10.0519905]]},"properties":{"id":"osm-way-860968191","kind":"route","name":"Unnamed trunk road · OSM 860968191","description":"OpenStreetMap trunk link road segment","class":"trunk","osm_id":"860968191","highway":"trunk_link","bridge":null,"tunnel":null,"source":"OpenStreetMap","is_simulated":false}},{"type":"Feature","id":"osm-way-1015079039","geometry":{"type":"LineString","coordinates":[[76.3471146,10.1127937],[76.3465224,10.113455],[76.3462616,10.1137705],[76.3461032,10.1139622]]},"properties":{"id":"osm-way-1015079039","kind":"route","name":"Salem - Kochi - Kanyakumari Highway","description":"OpenStreetMap trunk road segment","class":"trunk","osm_id":"1015079039","highway":"trunk","bridge":null,"tunnel":null,"source":"OpenStreetMap","is_simulated":false}},{"type":"Feature","id":"osm-way-255359046","geometry":{"type":"LineString","coordinates":[[76.3197395,10.0518496],[76.3197264,10.0519411],[76.3197133,10.0519867],[76.3196934,10.0520351],[76.3196582,10.0520642],[76.3195984,10.0520785],[76.3195487,10.0520761]]},"properties":{"id":"osm-way-255359046","kind":"route","name":"Unnamed trunk road · OSM 255359046","description":"OpenStreetMap trunk link road segment","class":"trunk","osm_id":"255359046","highway":"trunk_link","bridge":null,"tunnel":null,"source":"OpenStreetMap","is_simulated":false}},{"type":"Feature","id":"osm-way-1374168822","geometry":{"type":"LineString","coordinates":[[76.319313,10.0505292],[76.3194013,10.0505001]]},"properties":{"id":"osm-way-1374168822","kind":"route","name":"Unnamed trunk road · OSM 1374168822","description":"OpenStreetMap trunk road segment","class":"trunk","osm_id":"1374168822","highway":"trunk","bridge":null,"tunnel":null,"source":"OpenStreetMap","is_simulated":false}},{"type":"Feature","id":"osm-way-751832076","geometry":{"type":"LineString","coordinates":[[76.3054838,10.069602],[76.3054857,10.0696926]]},"properties":{"id":"osm-way-751832076","kind":"route","name":"Unnamed trunk road · OSM 751832076","description":"OpenStreetMap trunk link road segment","class":"trunk","osm_id":"751832076","highway":"trunk_link","bridge":null,"tunnel":null,"source":"OpenStreetMap","is_simulated":false}},{"type":"Feature","id":"osm-way-751832075","geometry":{"type":"LineString","coordinates":[[76.3051998,10.0697159],[76.3051997,10.0696156]]},"properties":{"id":"osm-way-751832075","kind":"route","name":"Unnamed trunk road · OSM 751832075","description":"OpenStreetMap trunk link road segment","class":"trunk","osm_id":"751832075","highway":"trunk_link","bridge":null,"tunnel":null,"source":"OpenStreetMap","is_simulated":false}},{"type":"Feature","id":"osm-way-255038896","geometry":{"type":"LineString","coordinates":[[76.3184774,10.0475983],[76.3186006,10.0479885],[76.3186624,10.0482051],[76.3189786,10.0493798],[76.3190729,10.0497212],[76.3191963,10.0501355],[76.319313,10.0505292],[76.3193464,10.050642],[76.3196106,10.0514805],[76.3197395,10.0518496]]},"properties":{"id":"osm-way-255038896","kind":"route","name":"Salem - Kochi - Kanyakumari Highway","description":"OpenStreetMap trunk road segment","class":"trunk","osm_id":"255038896","highway":"trunk","bridge":null,"tunnel":null,"source":"OpenStreetMap","is_simulated":false}},{"type":"Feature","id":"osm-way-1004873964","geometry":{"type":"LineString","coordinates":[[76.3198789,10.0519905],[76.3198359,10.0518664],[76.3197877,10.0517164],[76.3196768,10.0513713],[76.3196331,10.0512352],[76.3194315,10.050607],[76.3194013,10.0505001],[76.3191574,10.0496352],[76.3190974,10.0494238],[76.3190729,10.0493622],[76.318922,10.0488063],[76.3188823,10.0486665],[76.3186302,10.0478327],[76.3185573,10.0475723]]},"properties":{"id":"osm-way-1004873964","kind":"route","name":"Salem - Kochi - Kanyakumari Highway","description":"OpenStreetMap trunk road segment","class":"trunk","osm_id":"1004873964","highway":"trunk","bridge":null,"tunnel":null,"source":"OpenStreetMap","is_simulated":false}},{"type":"Feature","id":"osm-way-255398264","geometry":{"type":"LineString","coordinates":[[76.3461032,10.1139622],[76.3457933,10.1143459],[76.3456958,10.1144666],[76.3454129,10.1148357],[76.3452468,10.1151182],[76.3450105,10.1155362],[76.344934,10.1156865],[76.3446497,10.1164232],[76.3445333,10.1166603],[76.3440371,10.1175581],[76.3437851,10.1180181],[76.3437405,10.1180996],[76.3436859,10.1181992],[76.3431343,10.1192063],[76.3429357,10.1195083],[76.342918,10.1195353]]},"properties":{"id":"osm-way-255398264","kind":"route","name":"Salem - Kochi - Kanyakumari Highway","description":"OpenStreetMap trunk road segment","class":"trunk","osm_id":"255398264","highway":"trunk","bridge":null,"tunnel":null,"source":"OpenStreetMap","is_simulated":false}},{"type":"Feature","id":"osm-way-495106961","geometry":{"type":"LineString","coordinates":[[76.343007,10.1195785],[76.3432013,10.1192696],[76.343343,10.119019],[76.3433864,10.1189422],[76.3434716,10.1187832],[76.3435976,10.1185481],[76.3437044,10.1183488],[76.3437748,10.1182175],[76.3438814,10.1180186],[76.3439776,10.1178391],[76.3440241,10.1177523],[76.3440903,10.1176289],[76.3441573,10.117504],[76.3442305,10.1173675],[76.3442554,10.117321],[76.3443309,10.1171827],[76.3443607,10.117128],[76.3444477,10.1169687],[76.3444736,10.1169213],[76.3445348,10.1168091],[76.3446141,10.1166654],[76.3446953,10.1165209],[76.3447701,10.1163552],[76.3447919,10.116307],[76.3448288,10.1162132],[76.3448731,10.1161007],[76.3449071,10.1160143],[76.3449716,10.1158502],[76.3450349,10.1157177],[76.3451191,10.1155413],[76.3452485,10.1153135],[76.3453219,10.1151843],[76.3453923,10.115079],[76.3454827,10.114944],[76.345615,10.114773],[76.3456973,10.1146667],[76.3458002,10.1145434],[76.3459199,10.1144],[76.3461889,10.1141148],[76.3463034,10.1139934]]},"properties":{"id":"osm-way-495106961","kind":"route","name":"Salem - Kochi - Kanyakumari Highway","description":"OpenStreetMap trunk road segment","class":"trunk","osm_id":"495106961","highway":"trunk","bridge":null,"tunnel":null,"source":"OpenStreetMap","is_simulated":false}},{"type":"Feature","id":"osm-way-255038890","geometry":{"type":"LineString","coordinates":[[76.3186302,10.0478327],[76.3186541,10.0476551],[76.3186749,10.047608],[76.3187414,10.0475119]]},"properties":{"id":"osm-way-255038890","kind":"route","name":"Unnamed trunk road · OSM 255038890","description":"OpenStreetMap trunk link road segment","class":"trunk","osm_id":"255038890","highway":"trunk_link","bridge":null,"tunnel":null,"source":"OpenStreetMap","is_simulated":false}},{"type":"Feature","id":"osm-way-1374168817","geometry":{"type":"LineString","coordinates":[[76.3184584,10.0475356],[76.3184774,10.0475983]]},"properties":{"id":"osm-way-1374168817","kind":"route","name":"Salem - Kochi - Kanyakumari Highway","description":"OpenStreetMap trunk road segment","class":"trunk","osm_id":"1374168817","highway":"trunk","bridge":null,"tunnel":null,"source":"OpenStreetMap","is_simulated":false}},{"type":"Feature","id":"osm-way-1374168819","geometry":{"type":"LineString","coordinates":[[76.3185573,10.0475723],[76.3185406,10.0475127]]},"properties":{"id":"osm-way-1374168819","kind":"route","name":"Salem - Kochi - Kanyakumari Highway","description":"OpenStreetMap trunk road segment","class":"trunk","osm_id":"1374168819","highway":"trunk","bridge":null,"tunnel":null,"source":"OpenStreetMap","is_simulated":false}},{"type":"Feature","id":"osm-way-1374168820","geometry":{"type":"LineString","coordinates":[[76.3183849,10.0472718],[76.3184584,10.0475356]]},"properties":{"id":"osm-way-1374168820","kind":"route","name":"NH544","description":"OpenStreetMap trunk road segment","class":"trunk","osm_id":"1374168820","highway":"trunk","bridge":null,"tunnel":null,"source":"OpenStreetMap","is_simulated":false}},{"type":"Feature","id":"osm-way-255038903","geometry":{"type":"LineString","coordinates":[[76.3187832,10.047444],[76.3187437,10.0474271],[76.3186774,10.047395],[76.3186079,10.0473579],[76.318559,10.0473247],[76.3185105,10.0472784],[76.3184472,10.0472172]]},"properties":{"id":"osm-way-255038903","kind":"route","name":"Unnamed trunk road · OSM 255038903","description":"OpenStreetMap trunk link road segment","class":"trunk","osm_id":"255038903","highway":"trunk_link","bridge":null,"tunnel":null,"source":"OpenStreetMap","is_simulated":false}},{"type":"Feature","id":"osm-way-1374168821","geometry":{"type":"LineString","coordinates":[[76.3185406,10.0475127],[76.3184472,10.0472172]]},"properties":{"id":"osm-way-1374168821","kind":"route","name":"NH544","description":"OpenStreetMap trunk road segment","class":"trunk","osm_id":"1374168821","highway":"trunk","bridge":null,"tunnel":null,"source":"OpenStreetMap","is_simulated":false}},{"type":"Feature","id":"osm-way-1038662804","geometry":{"type":"LineString","coordinates":[[76.3429409,10.1196986],[76.343007,10.1195785]]},"properties":{"id":"osm-way-1038662804","kind":"route","name":"Salem - Kochi - Kanyakumari Highway","description":"OpenStreetMap trunk road segment","class":"trunk","osm_id":"1038662804","highway":"trunk","bridge":null,"tunnel":null,"source":"OpenStreetMap","is_simulated":false}},{"type":"Feature","id":"osm-way-1013072869","geometry":{"type":"LineString","coordinates":[[76.342918,10.1195353],[76.3428518,10.1196452]]},"properties":{"id":"osm-way-1013072869","kind":"route","name":"Salem - Kochi - Kanyakumari Highway","description":"OpenStreetMap trunk road segment","class":"trunk","osm_id":"1013072869","highway":"trunk","bridge":null,"tunnel":null,"source":"OpenStreetMap","is_simulated":false}},{"type":"Feature","id":"osm-way-1295683660","geometry":{"type":"LineString","coordinates":[[76.3428405,10.1198478],[76.3430404,10.1196921]]},"properties":{"id":"osm-way-1295683660","kind":"route","name":"Unnamed trunk road · OSM 1295683660","description":"OpenStreetMap trunk link road segment","class":"trunk","osm_id":"1295683660","highway":"trunk_link","bridge":null,"tunnel":null,"source":"OpenStreetMap","is_simulated":false}},{"type":"Feature","id":"osm-way-236947092","geometry":{"type":"LineString","coordinates":[[76.34252,10.1196809],[76.3426057,10.1197404],[76.3426356,10.1197888],[76.3426515,10.119843],[76.342649,10.1199356]]},"properties":{"id":"osm-way-236947092","kind":"route","name":"Unnamed trunk road · OSM 236947092","description":"OpenStreetMap trunk link road segment","class":"trunk","osm_id":"236947092","highway":"trunk_link","bridge":null,"tunnel":null,"source":"OpenStreetMap","is_simulated":false}},{"type":"Feature","id":"osm-way-575378198","geometry":{"type":"LineString","coordinates":[[76.3428518,10.1196452],[76.3427654,10.1197689],[76.3427204,10.1198317],[76.342649,10.1199356]]},"properties":{"id":"osm-way-575378198","kind":"route","name":"Salem - Kochi - Kanyakumari Highway","description":"OpenStreetMap trunk road segment","class":"trunk","osm_id":"575378198","highway":"trunk","bridge":null,"tunnel":null,"source":"OpenStreetMap","is_simulated":false}},{"type":"Feature","id":"osm-way-1010454289","geometry":{"type":"LineString","coordinates":[[76.3175577,10.0448574],[76.3176548,10.0450768],[76.3178641,10.0456878],[76.3179807,10.0460441],[76.3180899,10.0463757],[76.3183849,10.0472718]]},"properties":{"id":"osm-way-1010454289","kind":"route","name":"Salem - Kochi - Kanyakumari Highway","description":"OpenStreetMap trunk road segment","class":"trunk","osm_id":"1010454289","highway":"trunk","bridge":null,"tunnel":null,"source":"OpenStreetMap","is_simulated":false}},{"type":"Feature","id":"osm-way-1368966501","geometry":{"type":"LineString","coordinates":[[76.3178641,10.0456878],[76.3179535,10.0456519]]},"properties":{"id":"osm-way-1368966501","kind":"route","name":"Unnamed trunk road · OSM 1368966501","description":"OpenStreetMap trunk link road segment","class":"trunk","osm_id":"1368966501","highway":"trunk_link","bridge":null,"tunnel":null,"source":"OpenStreetMap","is_simulated":false}},{"type":"Feature","id":"osm-way-255398269","geometry":{"type":"LineString","coordinates":[[76.3399797,10.1243253],[76.3399923,10.124154],[76.3400283,10.1239644],[76.3400583,10.12387],[76.3400889,10.1237817],[76.3401667,10.12361],[76.3403153,10.1233703],[76.3404617,10.1231456],[76.3406068,10.1229229],[76.3408841,10.1224974],[76.3411472,10.1221169],[76.3413312,10.1218508],[76.3413475,10.1218273],[76.3415704,10.1215049],[76.3419665,10.1209933],[76.3422421,10.1206321],[76.342722,10.1200032],[76.3428405,10.1198478],[76.342864,10.1198129],[76.3429409,10.1196986]]},"properties":{"id":"osm-way-255398269","kind":"route","name":"Salem - Kochi - Kanyakumari Highway","description":"OpenStreetMap trunk road segment","class":"trunk","osm_id":"255398269","highway":"trunk","bridge":null,"tunnel":null,"source":"OpenStreetMap","is_simulated":false}},{"type":"Feature","id":"osm-way-475823412","geometry":{"type":"LineString","coordinates":[[76.2989407,10.0670695],[76.2989834,10.0669742]]},"properties":{"id":"osm-way-475823412","kind":"route","name":"Unnamed trunk road · OSM 475823412","description":"OpenStreetMap trunk link road segment","class":"trunk","osm_id":"475823412","highway":"trunk_link","bridge":null,"tunnel":null,"source":"OpenStreetMap","is_simulated":false}},{"type":"Feature","id":"osm-way-751832086","geometry":{"type":"LineString","coordinates":[[76.299046,10.0670229],[76.298995,10.0669833],[76.2989834,10.0669742],[76.2989221,10.0669266]]},"properties":{"id":"osm-way-751832086","kind":"route","name":"Vallarpadam ICT Highway","description":"OpenStreetMap trunk road segment","class":"trunk","osm_id":"751832086","highway":"trunk","bridge":"yes","tunnel":null,"source":"OpenStreetMap","is_simulated":false}},{"type":"Feature","id":"osm-way-751832088","geometry":{"type":"LineString","coordinates":[[76.2988632,10.067015],[76.2989407,10.0670695],[76.2990077,10.0671199]]},"properties":{"id":"osm-way-751832088","kind":"route","name":"Vallarpadam ICT Highway","description":"OpenStreetMap trunk road segment","class":"trunk","osm_id":"751832088","highway":"trunk","bridge":"yes","tunnel":null,"source":"OpenStreetMap","is_simulated":false}},{"type":"Feature","id":"osm-way-495106960","geometry":{"type":"LineString","coordinates":[[76.342649,10.1199356],[76.3418307,10.1210176],[76.3416878,10.1212088],[76.3414246,10.121561],[76.3412157,10.1218638],[76.3409536,10.1222481],[76.3407388,10.1225723],[76.3406922,10.1226426],[76.3401838,10.1234099],[76.3400363,10.1236449],[76.3399666,10.1238244],[76.3399022,10.1240727],[76.3398759,10.1243247],[76.339885,10.1245764],[76.3399387,10.1248299],[76.3400057,10.1250148],[76.340105,10.1251917],[76.340223,10.1253501],[76.3404081,10.125564]]},"properties":{"id":"osm-way-495106960","kind":"route","name":"Salem - Kochi - Kanyakumari Highway","description":"OpenStreetMap trunk road segment","class":"trunk","osm_id":"495106960","highway":"trunk","bridge":null,"tunnel":null,"source":"OpenStreetMap","is_simulated":false}},{"type":"Feature","id":"osm-way-1284831860","geometry":{"type":"LineString","coordinates":[[76.3404795,10.1254948],[76.3403222,10.1252946],[76.3401747,10.1250861],[76.3400942,10.1249276],[76.3400406,10.1247718],[76.3400084,10.1246213],[76.3399827,10.1244397],[76.3399797,10.1243253]]},"properties":{"id":"osm-way-1284831860","kind":"route","name":"Salem - Kochi - Kanyakumari Highway","description":"OpenStreetMap trunk road segment","class":"trunk","osm_id":"1284831860","highway":"trunk","bridge":null,"tunnel":null,"source":"OpenStreetMap","is_simulated":false}},{"type":"Feature","id":"osm-way-255186341","geometry":{"type":"LineString","coordinates":[[76.294758,10.0642159],[76.2950571,10.0643661],[76.2954128,10.0645761],[76.2955024,10.0646197],[76.2959456,10.0648647],[76.2962648,10.0650655],[76.2965518,10.0652582],[76.2968978,10.0654959],[76.2974029,10.0658652],[76.2979485,10.0662994],[76.2979912,10.0663261],[76.2984611,10.0667081],[76.2988632,10.067015]]},"properties":{"id":"osm-way-255186341","kind":"route","name":"Vallarpadam ICT Highway","description":"OpenStreetMap trunk road segment","class":"trunk","osm_id":"255186341","highway":"trunk","bridge":null,"tunnel":null,"source":"OpenStreetMap","is_simulated":false}},{"type":"Feature","id":"osm-way-240180823","geometry":{"type":"LineString","coordinates":[[76.3418175,10.1269451],[76.3415607,10.1266763],[76.3411969,10.1262955],[76.3408656,10.1259258],[76.3405913,10.1256196],[76.3404795,10.1254948]]},"properties":{"id":"osm-way-240180823","kind":"route","name":"Salem - Kochi - Kanyakumari Highway","description":"OpenStreetMap trunk road segment","class":"trunk","osm_id":"240180823","highway":"trunk","bridge":"yes","tunnel":null,"source":"OpenStreetMap","is_simulated":false}},{"type":"Feature","id":"osm-way-751832087","geometry":{"type":"LineString","coordinates":[[76.2989221,10.0669266],[76.2988126,10.0668416],[76.29777,10.0660102],[76.2969914,10.0654314],[76.2964265,10.0650577],[76.2957027,10.064622],[76.2954576,10.0644875],[76.2951959,10.064344],[76.2947913,10.0641357]]},"properties":{"id":"osm-way-751832087","kind":"route","name":"Vallarpadam ICT Highway","description":"OpenStreetMap trunk road segment","class":"trunk","osm_id":"751832087","highway":"trunk","bridge":null,"tunnel":null,"source":"OpenStreetMap","is_simulated":false}},{"type":"Feature","id":"osm-way-186888147","geometry":{"type":"LineString","coordinates":[[76.3404081,10.125564],[76.3410825,10.1263168],[76.3417579,10.1270243]]},"properties":{"id":"osm-way-186888147","kind":"route","name":"Salem - Kochi - Kanyakumari Highway","description":"OpenStreetMap trunk road segment","class":"trunk","osm_id":"186888147","highway":"trunk","bridge":"yes","tunnel":null,"source":"OpenStreetMap","is_simulated":false}},{"type":"Feature","id":"osm-way-494318148","geometry":{"type":"LineString","coordinates":[[76.3158738,10.0393826],[76.315785,10.0394107]]},"properties":{"id":"osm-way-494318148","kind":"route","name":"Unnamed trunk road · OSM 494318148","description":"OpenStreetMap trunk link road segment","class":"trunk","osm_id":"494318148","highway":"trunk_link","bridge":null,"tunnel":null,"source":"OpenStreetMap","is_simulated":false}},{"type":"Feature","id":"osm-way-255038894","geometry":{"type":"LineString","coordinates":[[76.3184472,10.0472172],[76.3179976,10.0457684],[76.3179535,10.0456519],[76.3179081,10.0455143],[76.3177813,10.0451542],[76.317742,10.0450427],[76.3175858,10.0445338],[76.3174479,10.0440982],[76.317381,10.043887],[76.3170822,10.042893],[76.316748,10.0417586],[76.3165669,10.0411724],[76.3164417,10.0408138],[76.3164179,10.0407456],[76.3162677,10.040334],[76.3161205,10.0399632],[76.3159835,10.0396467],[76.3159358,10.039534],[76.3158738,10.0393826],[76.3157701,10.0391304],[76.3154948,10.0384869],[76.3154675,10.0384299],[76.3149728,10.0373316],[76.314819,10.0369867],[76.3147011,10.0366797],[76.3146264,10.0365235],[76.3144576,10.0361708],[76.3143315,10.0358866],[76.314288,10.0357954],[76.3139625,10.0350274],[76.3138554,10.0347831],[76.3136783,10.0344029],[76.3135549,10.0341078],[76.3131858,10.0333793],[76.3128646,10.0328047],[76.3127499,10.0326171],[76.312545,10.0322818],[76.3123652,10.0319717],[76.3118286,10.0310733]]},"properties":{"id":"osm-way-255038894","kind":"route","name":"Salem - Kochi - Kanyakumari Highway","description":"OpenStreetMap trunk road segment","class":"trunk","osm_id":"255038894","highway":"trunk","bridge":null,"tunnel":null,"source":"OpenStreetMap","is_simulated":false}},{"type":"Feature","id":"osm-way-494318147","geometry":{"type":"LineString","coordinates":[[76.3156711,10.0391731],[76.3157093,10.0391507],[76.3157701,10.0391304]]},"properties":{"id":"osm-way-494318147","kind":"route","name":"Unnamed trunk road · OSM 494318147","description":"OpenStreetMap trunk link road segment","class":"trunk","osm_id":"494318147","highway":"trunk_link","bridge":null,"tunnel":null,"source":"OpenStreetMap","is_simulated":false}},{"type":"Feature","id":"osm-way-255186349","geometry":{"type":"LineString","coordinates":[[76.2937879,10.0637748],[76.294758,10.0642159]]},"properties":{"id":"osm-way-255186349","kind":"route","name":"Vallarpadam ICT Highway","description":"OpenStreetMap trunk road segment","class":"trunk","osm_id":"255186349","highway":"trunk","bridge":"viaduct","tunnel":null,"source":"OpenStreetMap","is_simulated":false}},{"type":"Feature","id":"osm-way-255186343","geometry":{"type":"LineString","coordinates":[[76.2947913,10.0641357],[76.2938299,10.0636961]]},"properties":{"id":"osm-way-255186343","kind":"route","name":"Vallarpadam ICT Highway","description":"OpenStreetMap trunk road segment","class":"trunk","osm_id":"255186343","highway":"trunk","bridge":"viaduct","tunnel":null,"source":"OpenStreetMap","is_simulated":false}},{"type":"Feature","id":"osm-way-363214996","geometry":{"type":"LineString","coordinates":[[76.3117441,10.0311166],[76.3118047,10.0312192],[76.3124469,10.0323069],[76.3125201,10.0324111],[76.3126616,10.0326446],[76.3126711,10.0326618],[76.3127536,10.0328107],[76.3130444,10.0333697],[76.3132218,10.0337181],[76.3132455,10.033761],[76.3135583,10.0344249],[76.3136203,10.034566],[76.3138495,10.0350878],[76.3138988,10.0351984],[76.3140571,10.0355513],[76.3141797,10.0358315],[76.3144024,10.0363341],[76.3145091,10.0365728],[76.314584,10.0367371],[76.314732,10.0370757],[76.3149823,10.0376791],[76.3152928,10.0383137],[76.3156191,10.0390394],[76.3156711,10.0391731],[76.3157308,10.0392975],[76.315785,10.0394107],[76.3159031,10.0396711],[76.3162114,10.0404305],[76.316353,10.0408356],[76.3164715,10.0411895],[76.316537,10.0413849],[76.3165518,10.0414338],[76.3167489,10.0420847],[76.3169886,10.0428762],[76.3170204,10.0429914],[76.3174571,10.0445731],[76.3175577,10.0448574]]},"properties":{"id":"osm-way-363214996","kind":"route","name":"Salem - Kochi - Kanyakumari Highway","description":"OpenStreetMap trunk road segment","class":"trunk","osm_id":"363214996","highway":"trunk","bridge":null,"tunnel":null,"source":"OpenStreetMap","is_simulated":false}},{"type":"Feature","id":"osm-way-236153776","geometry":{"type":"LineString","coordinates":[[76.3452066,10.1301259],[76.3452375,10.1300513]]},"properties":{"id":"osm-way-236153776","kind":"route","name":"Unnamed trunk road · OSM 236153776","description":"OpenStreetMap trunk link road segment","class":"trunk","osm_id":"236153776","highway":"trunk_link","bridge":null,"tunnel":null,"source":"OpenStreetMap","is_simulated":false}},{"type":"Feature","id":"osm-way-825710920","geometry":{"type":"LineString","coordinates":[[76.3517777,10.1300905],[76.3515999,10.1300378],[76.3514289,10.1300164],[76.3511956,10.1300026],[76.3506418,10.1300258],[76.3499604,10.1300529],[76.3497468,10.1300579],[76.3492553,10.1300695],[76.3491417,10.1300722],[76.3489169,10.1300844],[76.3486537,10.1300987],[76.3484737,10.1301085],[76.3482247,10.1301263],[76.3479568,10.1301454],[76.3476082,10.1301723],[76.3471891,10.1302047],[76.3469016,10.1302269],[76.346506,10.1302352],[76.3463385,10.1302347],[76.3462058,10.1302289],[76.3461019,10.1302244],[76.3458833,10.1302017],[76.3456959,10.1301726],[76.3454805,10.1301226],[76.3453232,10.130074],[76.3452375,10.1300513],[76.3450803,10.1299787],[76.3448776,10.1298783],[76.3446916,10.129752],[76.3444891,10.1296035],[76.3442084,10.1293492],[76.3441277,10.12927],[76.3440499,10.1291935],[76.3437022,10.1288521],[76.3435381,10.128691],[76.3433619,10.1285055],[76.3430735,10.128202],[76.3428073,10.1279218],[76.3426182,10.1277228],[76.3424724,10.127576],[76.3423671,10.1274699],[76.3422364,10.1273451],[76.3420402,10.1271578],[76.3418591,10.1269848],[76.3418175,10.1269451]]},"properties":{"id":"osm-way-825710920","kind":"route","name":"Salem - Kochi - Kanyakumari Highway","description":"OpenStreetMap trunk road segment","class":"trunk","osm_id":"825710920","highway":"trunk","bridge":null,"tunnel":null,"source":"OpenStreetMap","is_simulated":false}},{"type":"Feature","id":"osm-way-240180784","geometry":{"type":"LineString","coordinates":[[76.3417579,10.1270243],[76.341927,10.1271802],[76.3423759,10.1275941],[76.3428029,10.1280429],[76.3430615,10.1283147],[76.3435966,10.128858],[76.3440401,10.1292911],[76.3441604,10.1294044],[76.3444088,10.1296337],[76.3447079,10.1298641],[76.3449373,10.1300005],[76.3452066,10.1301259],[76.3453064,10.1301557],[76.3455061,10.1302153],[76.34582,10.1302739],[76.3461576,10.1303061],[76.3464377,10.1303125],[76.3464949,10.1303153],[76.3467868,10.1303073],[76.3471155,10.1302896],[76.3484926,10.1301875],[76.3491625,10.1301506],[76.3498476,10.1301314],[76.3499987,10.1301272],[76.3510621,10.1300861],[76.3513524,10.1300963],[76.3515385,10.1301272],[76.3517177,10.1301772]]},"properties":{"id":"osm-way-240180784","kind":"route","name":"Salem - Kochi - Kanyakumari Highway","description":"OpenStreetMap trunk road segment","class":"trunk","osm_id":"240180784","highway":"trunk","bridge":null,"tunnel":null,"source":"OpenStreetMap","is_simulated":false}},{"type":"Feature","id":"osm-way-169338009","geometry":{"type":"LineString","coordinates":[[76.2938299,10.0636961],[76.2928523,10.0633029],[76.2922978,10.0631201],[76.2915443,10.0628527],[76.2914611,10.062816],[76.2901361,10.0623038],[76.2896162,10.0620565],[76.2892183,10.0618504]]},"properties":{"id":"osm-way-169338009","kind":"route","name":"Vallarpadam ICT Highway","description":"OpenStreetMap trunk road segment","class":"trunk","osm_id":"169338009","highway":"trunk","bridge":null,"tunnel":null,"source":"OpenStreetMap","is_simulated":false}},{"type":"Feature","id":"osm-way-255186346","geometry":{"type":"LineString","coordinates":[[76.2889848,10.0618414],[76.2891338,10.0619245],[76.2894677,10.0620985],[76.2898293,10.0622766],[76.2901627,10.0624272],[76.290616,10.0626041],[76.2912812,10.062855],[76.2917452,10.0630293],[76.2921476,10.0631561],[76.2928872,10.0634076],[76.2931722,10.0635099],[76.2934046,10.063605],[76.2937879,10.0637748]]},"properties":{"id":"osm-way-255186346","kind":"route","name":"Vallarpadam ICT Highway","description":"OpenStreetMap trunk road segment","class":"trunk","osm_id":"255186346","highway":"trunk","bridge":null,"tunnel":null,"source":"OpenStreetMap","is_simulated":false}},{"type":"Feature","id":"osm-way-1013708811","geometry":{"type":"LineString","coordinates":[[76.3531364,10.1322253],[76.3530477,10.1320079],[76.3529054,10.1316111],[76.3527979,10.1313855],[76.352759,10.1312839],[76.3526797,10.1311373],[76.3526355,10.1310413],[76.3525016,10.1307506],[76.3524433,10.1306612],[76.3523987,10.1305957],[76.3523537,10.1305298],[76.3522165,10.1303855],[76.3520822,10.1302719],[76.3519598,10.130189],[76.351821,10.130103],[76.3517777,10.1300905]]},"properties":{"id":"osm-way-1013708811","kind":"route","name":"Salem - Kochi - Kanyakumari Highway","description":"OpenStreetMap trunk road segment","class":"trunk","osm_id":"1013708811","highway":"trunk","bridge":null,"tunnel":null,"source":"OpenStreetMap","is_simulated":false}},{"type":"Feature","id":"osm-way-1013708812","geometry":{"type":"LineString","coordinates":[[76.3517177,10.1301772],[76.3518986,10.1302592],[76.3520747,10.1303939],[76.3522322,10.1305597],[76.3522922,10.1306242],[76.3523576,10.1307307],[76.3524883,10.1309753],[76.3526396,10.1313146],[76.3528563,10.1317873],[76.352909,10.1319191],[76.3529385,10.131993],[76.3529564,10.1320469],[76.3530373,10.1322889]]},"properties":{"id":"osm-way-1013708812","kind":"route","name":"Salem - Kochi - Kanyakumari Highway","description":"OpenStreetMap trunk road segment","class":"trunk","osm_id":"1013708812","highway":"trunk","bridge":null,"tunnel":null,"source":"OpenStreetMap","is_simulated":false}},{"type":"Feature","id":"osm-way-825710921","geometry":{"type":"LineString","coordinates":[[76.3532472,10.1325647],[76.3531364,10.1322253]]},"properties":{"id":"osm-way-825710921","kind":"route","name":"Salem - Kochi - Kanyakumari Highway","description":"OpenStreetMap trunk road segment","class":"trunk","osm_id":"825710921","highway":"trunk","bridge":"yes","tunnel":null,"source":"OpenStreetMap","is_simulated":false}},{"type":"Feature","id":"osm-way-378866236","geometry":{"type":"LineString","coordinates":[[76.2892227,10.060471],[76.2894896,10.0600247],[76.2906041,10.0580956],[76.2910808,10.0573642],[76.2916156,10.0563179],[76.2921322,10.0551022],[76.2922409,10.0548539],[76.2923681,10.0545633],[76.2923954,10.0545009],[76.2927953,10.0535213],[76.2930029,10.0529974],[76.2930271,10.0529477],[76.2932388,10.052452],[76.2938479,10.051006],[76.2941158,10.0503826]]},"properties":{"id":"osm-way-378866236","kind":"route","name":"Kodungallur-Paravur-Ernakulam Highway","description":"OpenStreetMap trunk road segment","class":"trunk","osm_id":"378866236","highway":"trunk","bridge":null,"tunnel":null,"source":"OpenStreetMap","is_simulated":false}},{"type":"Feature","id":"osm-way-825710919","geometry":{"type":"LineString","coordinates":[[76.3530373,10.1322889],[76.3531629,10.1326354]]},"properties":{"id":"osm-way-825710919","kind":"route","name":"Salem - Kochi - Kanyakumari Highway","description":"OpenStreetMap trunk road segment","class":"trunk","osm_id":"825710919","highway":"trunk","bridge":"yes","tunnel":null,"source":"OpenStreetMap","is_simulated":false}},{"type":"Feature","id":"osm-way-378866240","geometry":{"type":"LineString","coordinates":[[76.2892183,10.0618504],[76.2890089,10.0616582],[76.2889815,10.0616276],[76.288915,10.0615245],[76.2888895,10.0614268],[76.2888871,10.0613976],[76.2888775,10.0612776],[76.2889216,10.0610524]]},"properties":{"id":"osm-way-378866240","kind":"route","name":"Unnamed trunk road · OSM 378866240","description":"OpenStreetMap trunk link road segment","class":"trunk","osm_id":"378866240","highway":"trunk_link","bridge":null,"tunnel":null,"source":"OpenStreetMap","is_simulated":false}},{"type":"Feature","id":"osm-way-1039245063","geometry":{"type":"LineString","coordinates":[[76.2889216,10.0610524],[76.2892227,10.060471]]},"properties":{"id":"osm-way-1039245063","kind":"route","name":"Kodungallur-Paravur-Ernakulam Highway","description":"OpenStreetMap trunk road segment","class":"trunk","osm_id":"1039245063","highway":"trunk","bridge":null,"tunnel":null,"source":"OpenStreetMap","is_simulated":false}},{"type":"Feature","id":"osm-way-378866237","geometry":{"type":"LineString","coordinates":[[76.2883129,10.0620791],[76.2884872,10.0619537],[76.288628,10.0618903],[76.2886549,10.0618868],[76.2888278,10.0618639],[76.2889848,10.0618414]]},"properties":{"id":"osm-way-378866237","kind":"route","name":"Unnamed trunk road · OSM 378866237","description":"OpenStreetMap trunk link road segment","class":"trunk","osm_id":"378866237","highway":"trunk_link","bridge":null,"tunnel":null,"source":"OpenStreetMap","is_simulated":false}},{"type":"Feature","id":"osm-way-1018338142","geometry":{"type":"LineString","coordinates":[[76.2892227,10.060471],[76.2890277,10.0607798],[76.2888547,10.0610359]]},"properties":{"id":"osm-way-1018338142","kind":"route","name":"Kodungallur-Paravur-Ernakulam Highway","description":"OpenStreetMap trunk road segment","class":"trunk","osm_id":"1018338142","highway":"trunk","bridge":null,"tunnel":null,"source":"OpenStreetMap","is_simulated":false}},{"type":"Feature","id":"osm-way-901589104","geometry":{"type":"LineString","coordinates":[[76.2892183,10.0618504],[76.2887378,10.0615741],[76.2887185,10.061563],[76.2886546,10.0615262]]},"properties":{"id":"osm-way-901589104","kind":"route","name":"Vallarpadam ICT Highway","description":"OpenStreetMap trunk road segment","class":"trunk","osm_id":"901589104","highway":"trunk","bridge":null,"tunnel":null,"source":"OpenStreetMap","is_simulated":false}},{"type":"Feature","id":"osm-way-901457988","geometry":{"type":"LineString","coordinates":[[76.2886546,10.0615262],[76.2886868,10.0614742],[76.2887863,10.0613132],[76.2889216,10.0610524]]},"properties":{"id":"osm-way-901457988","kind":"route","name":"Kodungallur-Paravur-Ernakulam Highway","description":"OpenStreetMap trunk road segment","class":"trunk","osm_id":"901457988","highway":"trunk","bridge":null,"tunnel":null,"source":"OpenStreetMap","is_simulated":false}},{"type":"Feature","id":"osm-way-901589105","geometry":{"type":"LineString","coordinates":[[76.2885855,10.061637],[76.2886534,10.0616718],[76.2889848,10.0618414]]},"properties":{"id":"osm-way-901589105","kind":"route","name":"Vallarpadam ICT Highway","description":"OpenStreetMap trunk road segment","class":"trunk","osm_id":"901589105","highway":"trunk","bridge":null,"tunnel":null,"source":"OpenStreetMap","is_simulated":false}},{"type":"Feature","id":"osm-way-272363649","geometry":{"type":"LineString","coordinates":[[76.2848505,10.0698519],[76.2856805,10.0691156],[76.2858851,10.0689293],[76.2858968,10.0689191],[76.2860723,10.0687661],[76.2863819,10.0684342],[76.2865986,10.0681311],[76.2867529,10.0678624],[76.2868563,10.0676545],[76.2868927,10.0675814],[76.2870233,10.0672496],[76.2870706,10.0670748],[76.2871264,10.0668689],[76.2874562,10.0648581],[76.2875003,10.0645809],[76.2876208,10.0639759],[76.2876434,10.0638826],[76.2877979,10.0632495],[76.2880044,10.0626773]]},"properties":{"id":"osm-way-272363649","kind":"route","name":"Kodungallur-Paravur-Ernakulam Highway","description":"OpenStreetMap trunk road segment","class":"trunk","osm_id":"272363649","highway":"trunk","bridge":null,"tunnel":null,"source":"OpenStreetMap","is_simulated":false}},{"type":"Feature","id":"osm-way-901457987","geometry":{"type":"LineString","coordinates":[[76.2885855,10.061637],[76.2886546,10.0615262]]},"properties":{"id":"osm-way-901457987","kind":"route","name":"Kodungallur-Paravur-Ernakulam Highway","description":"OpenStreetMap trunk road segment","class":"trunk","osm_id":"901457987","highway":"trunk","bridge":null,"tunnel":null,"source":"OpenStreetMap","is_simulated":false}},{"type":"Feature","id":"osm-way-901457991","geometry":{"type":"LineString","coordinates":[[76.2885045,10.0615899],[76.2885855,10.061637]]},"properties":{"id":"osm-way-901457991","kind":"route","name":"Vallarpadam ICT Highway","description":"OpenStreetMap trunk road segment","class":"trunk","osm_id":"901457991","highway":"trunk","bridge":null,"tunnel":null,"source":"OpenStreetMap","is_simulated":false}},{"type":"Feature","id":"osm-way-1038662800","geometry":{"type":"LineString","coordinates":[[76.2885794,10.061647],[76.2885855,10.061637]]},"properties":{"id":"osm-way-1038662800","kind":"route","name":"Kodungallur-Paravur-Ernakulam Highway","description":"OpenStreetMap trunk road segment","class":"trunk","osm_id":"1038662800","highway":"trunk","bridge":null,"tunnel":null,"source":"OpenStreetMap","is_simulated":false}},{"type":"Feature","id":"osm-way-901589106","geometry":{"type":"LineString","coordinates":[[76.2883129,10.0620791],[76.2885701,10.0616621],[76.2885794,10.061647]]},"properties":{"id":"osm-way-901589106","kind":"route","name":"Kodungallur-Paravur-Ernakulam Highway","description":"OpenStreetMap trunk road segment","class":"trunk","osm_id":"901589106","highway":"trunk","bridge":null,"tunnel":null,"source":"OpenStreetMap","is_simulated":false}},{"type":"Feature","id":"osm-way-88532526","geometry":{"type":"LineString","coordinates":[[76.2941158,10.0503826],[76.2943503,10.0498241],[76.2945559,10.0494309],[76.2948877,10.0489876],[76.29556,10.0481243],[76.2956857,10.0479629],[76.2958344,10.0477857],[76.2959495,10.0476487],[76.2961335,10.0474158],[76.2962072,10.0473224],[76.2966695,10.0467368],[76.2967574,10.0466257],[76.2970823,10.0462027],[76.2970966,10.0461844],[76.2976611,10.045461],[76.2980355,10.0449643],[76.2984302,10.0442422],[76.2986531,10.0438062],[76.2987363,10.0436428],[76.2988994,10.0433221]]},"properties":{"id":"osm-way-88532526","kind":"route","name":"Kodungallur-Paravur-Ernakulam Highway","description":"OpenStreetMap trunk road segment","class":"trunk","osm_id":"88532526","highway":"trunk","bridge":null,"tunnel":null,"source":"OpenStreetMap","is_simulated":false}},{"type":"Feature","id":"osm-way-378866232","geometry":{"type":"LineString","coordinates":[[76.2888547,10.0610359],[76.2887675,10.0611799],[76.2886736,10.0613278],[76.2886104,10.0614209],[76.2886048,10.0614292],[76.2885716,10.0614781]]},"properties":{"id":"osm-way-378866232","kind":"route","name":"Kodungallur-Paravur-Ernakulam Highway","description":"OpenStreetMap trunk road segment","class":"trunk","osm_id":"378866232","highway":"trunk","bridge":null,"tunnel":null,"source":"OpenStreetMap","is_simulated":false}},{"type":"Feature","id":"osm-way-1390695828","geometry":{"type":"LineString","coordinates":[[76.3126711,10.0326618],[76.3127499,10.0326171]]},"properties":{"id":"osm-way-1390695828","kind":"route","name":"Unnamed trunk road · OSM 1390695828","description":"OpenStreetMap trunk link road segment","class":"trunk","osm_id":"1390695828","highway":"trunk_link","bridge":null,"tunnel":null,"source":"OpenStreetMap","is_simulated":false}},{"type":"Feature","id":"osm-way-255207250","geometry":{"type":"LineString","coordinates":[[76.2886546,10.0615262],[76.2885716,10.0614781]]},"properties":{"id":"osm-way-255207250","kind":"route","name":"Vallarpadam ICT Highway","description":"OpenStreetMap trunk road segment","class":"trunk","osm_id":"255207250","highway":"trunk","bridge":null,"tunnel":null,"source":"OpenStreetMap","is_simulated":false}},{"type":"Feature","id":"osm-way-901457990","geometry":{"type":"LineString","coordinates":[[76.2885716,10.0614781],[76.2885045,10.0615899]]},"properties":{"id":"osm-way-901457990","kind":"route","name":"Kodungallur-Paravur-Ernakulam Highway","description":"OpenStreetMap trunk road segment","class":"trunk","osm_id":"901457990","highway":"trunk","bridge":null,"tunnel":null,"source":"OpenStreetMap","is_simulated":false}},{"type":"Feature","id":"osm-way-378866233","geometry":{"type":"LineString","coordinates":[[76.2880044,10.0626773],[76.2883129,10.0620791]]},"properties":{"id":"osm-way-378866233","kind":"route","name":"Kodungallur-Paravur-Ernakulam Highway","description":"OpenStreetMap trunk road segment","class":"trunk","osm_id":"378866233","highway":"trunk","bridge":null,"tunnel":null,"source":"OpenStreetMap","is_simulated":false}},{"type":"Feature","id":"osm-way-901589107","geometry":{"type":"LineString","coordinates":[[76.2885045,10.0615899],[76.2884991,10.0615992],[76.2883182,10.0619088],[76.2882324,10.0620831]]},"properties":{"id":"osm-way-901589107","kind":"route","name":"Kodungallur-Paravur-Ernakulam Highway","description":"OpenStreetMap trunk road segment","class":"trunk","osm_id":"901589107","highway":"trunk","bridge":null,"tunnel":null,"source":"OpenStreetMap","is_simulated":false}},{"type":"Feature","id":"osm-way-901589108","geometry":{"type":"LineString","coordinates":[[76.2885716,10.0614781],[76.2884722,10.0614234],[76.2880573,10.0611991]]},"properties":{"id":"osm-way-901589108","kind":"route","name":"Vallarpadam ICT Highway","description":"OpenStreetMap trunk road segment","class":"trunk","osm_id":"901589108","highway":"trunk","bridge":null,"tunnel":null,"source":"OpenStreetMap","is_simulated":false}},{"type":"Feature","id":"osm-way-901457992","geometry":{"type":"LineString","coordinates":[[76.2882324,10.0620831],[76.288168,10.0622336],[76.2880044,10.0626773]]},"properties":{"id":"osm-way-901457992","kind":"route","name":"Kodungallur-Paravur-Ernakulam Highway","description":"OpenStreetMap trunk road segment","class":"trunk","osm_id":"901457992","highway":"trunk","bridge":null,"tunnel":null,"source":"OpenStreetMap","is_simulated":false}},{"type":"Feature","id":"osm-way-901589103","geometry":{"type":"LineString","coordinates":[[76.2879818,10.0613041],[76.2880677,10.0613528],[76.288394,10.06153],[76.2884066,10.0615368],[76.2885045,10.0615899]]},"properties":{"id":"osm-way-901589103","kind":"route","name":"Vallarpadam ICT Highway","description":"OpenStreetMap trunk road segment","class":"trunk","osm_id":"901589103","highway":"trunk","bridge":null,"tunnel":null,"source":"OpenStreetMap","is_simulated":false}},{"type":"Feature","id":"osm-way-378866239","geometry":{"type":"LineString","coordinates":[[76.2888547,10.0610359],[76.288687,10.0611733],[76.2885999,10.0612129],[76.2884792,10.0612432],[76.2884449,10.0612459],[76.2883088,10.0612565],[76.2880573,10.0611991]]},"properties":{"id":"osm-way-378866239","kind":"route","name":"Unnamed trunk road · OSM 378866239","description":"OpenStreetMap trunk link road segment","class":"trunk","osm_id":"378866239","highway":"trunk_link","bridge":null,"tunnel":null,"source":"OpenStreetMap","is_simulated":false}},{"type":"Feature","id":"osm-way-378866238","geometry":{"type":"LineString","coordinates":[[76.2879818,10.0613041],[76.288146,10.061441],[76.2882325,10.0615814],[76.2882596,10.0616735],[76.2882795,10.0617412],[76.2882613,10.0618742],[76.2882324,10.0620831]]},"properties":{"id":"osm-way-378866238","kind":"route","name":"Unnamed trunk road · OSM 378866238","description":"OpenStreetMap trunk link road segment","class":"trunk","osm_id":"378866238","highway":"trunk_link","bridge":null,"tunnel":null,"source":"OpenStreetMap","is_simulated":false}},{"type":"Feature","id":"osm-way-255220639","geometry":{"type":"LineString","coordinates":[[76.2873137,10.0609146],[76.2879818,10.0613041]]},"properties":{"id":"osm-way-255220639","kind":"route","name":"Vallarpadam ICT Highway","description":"OpenStreetMap trunk road segment","class":"trunk","osm_id":"255220639","highway":"trunk","bridge":null,"tunnel":null,"source":"OpenStreetMap","is_simulated":false}},{"type":"Feature","id":"osm-way-1028314647","geometry":{"type":"LineString","coordinates":[[76.3535649,10.1350549],[76.3535893,10.1346992],[76.3536102,10.1343947],[76.3536263,10.1341603],[76.3536374,10.1339997],[76.3536344,10.1338558],[76.3536296,10.1337523],[76.3536206,10.1336894],[76.3536137,10.1336563],[76.3535731,10.1334528],[76.3535038,10.1332345],[76.35346,10.1331208],[76.3533424,10.1328154],[76.3533086,10.1327105],[76.3532472,10.1325647]]},"properties":{"id":"osm-way-1028314647","kind":"route","name":"Salem - Kochi - Kanyakumari Highway","description":"OpenStreetMap trunk road segment","class":"trunk","osm_id":"1028314647","highway":"trunk","bridge":null,"tunnel":null,"source":"OpenStreetMap","is_simulated":false}},{"type":"Feature","id":"osm-way-207606990","geometry":{"type":"LineString","coordinates":[[76.2988994,10.0433221],[76.2990688,10.0430182],[76.2992869,10.0426269],[76.2995886,10.042082],[76.2996598,10.0419534],[76.300156,10.0410026],[76.300679,10.0400201],[76.3011001,10.0391934]]},"properties":{"id":"osm-way-207606990","kind":"route","name":"Kodungallur-Paravur-Ernakulam Highway","description":"OpenStreetMap trunk road segment","class":"trunk","osm_id":"207606990","highway":"trunk","bridge":null,"tunnel":null,"source":"OpenStreetMap","is_simulated":false}},{"type":"Feature","id":"osm-way-1028314648","geometry":{"type":"LineString","coordinates":[[76.3531629,10.1326354],[76.3534539,10.1333669],[76.3535138,10.1335997],[76.3535452,10.1338501],[76.3535404,10.1340787],[76.3535237,10.13432],[76.3534719,10.1350424]]},"properties":{"id":"osm-way-1028314648","kind":"route","name":"Salem - Kochi - Kanyakumari Highway","description":"OpenStreetMap trunk road segment","class":"trunk","osm_id":"1028314648","highway":"trunk","bridge":null,"tunnel":null,"source":"OpenStreetMap","is_simulated":false}},{"type":"Feature","id":"osm-way-901457989","geometry":{"type":"LineString","coordinates":[[76.2880573,10.0611991],[76.2873612,10.0607949]]},"properties":{"id":"osm-way-901457989","kind":"route","name":"Vallarpadam ICT Highway","description":"OpenStreetMap trunk road segment","class":"trunk","osm_id":"901457989","highway":"trunk","bridge":null,"tunnel":null,"source":"OpenStreetMap","is_simulated":false}},{"type":"Feature","id":"osm-way-457055492","geometry":{"type":"LineString","coordinates":[[76.3011001,10.0391934],[76.3012081,10.0389773]]},"properties":{"id":"osm-way-457055492","kind":"route","name":"Kodungallur-Paravur-Ernakulam Highway","description":"OpenStreetMap trunk road segment","class":"trunk","osm_id":"457055492","highway":"trunk","bridge":"yes","tunnel":null,"source":"OpenStreetMap","is_simulated":false}},{"type":"Feature","id":"osm-way-457055493","geometry":{"type":"LineString","coordinates":[[76.3012081,10.0389773],[76.3015331,10.0383491]]},"properties":{"id":"osm-way-457055493","kind":"route","name":"Kodungallur-Paravur-Ernakulam Highway","description":"OpenStreetMap trunk road segment","class":"trunk","osm_id":"457055493","highway":"trunk","bridge":null,"tunnel":null,"source":"OpenStreetMap","is_simulated":false}},{"type":"Feature","id":"osm-way-1028314646","geometry":{"type":"LineString","coordinates":[[76.3534719,10.1350424],[76.3535649,10.1350549]]},"properties":{"id":"osm-way-1028314646","kind":"route","name":"Unnamed trunk road · OSM 1028314646","description":"OpenStreetMap trunk link road segment","class":"trunk","osm_id":"1028314646","highway":"trunk_link","bridge":null,"tunnel":null,"source":"OpenStreetMap","is_simulated":false}},{"type":"Feature","id":"osm-way-1018338140","geometry":{"type":"LineString","coordinates":[[76.2873612,10.0607949],[76.2866516,10.0603418],[76.2864048,10.0601374]]},"properties":{"id":"osm-way-1018338140","kind":"route","name":"Vallarpadam ICT Highway","description":"OpenStreetMap trunk road segment","class":"trunk","osm_id":"1018338140","highway":"trunk","bridge":"yes","tunnel":null,"source":"OpenStreetMap","is_simulated":false}},{"type":"Feature","id":"osm-way-1019401078","geometry":{"type":"LineString","coordinates":[[76.3118286,10.0310733],[76.3117244,10.0308779],[76.3113821,10.0302878],[76.3113022,10.0301487],[76.3111005,10.0297964],[76.3108331,10.0293327],[76.310804,10.0292864]]},"properties":{"id":"osm-way-1019401078","kind":"route","name":"Salem - Kochi - Kanyakumari Highway","description":"OpenStreetMap trunk road segment","class":"trunk","osm_id":"1019401078","highway":"trunk","bridge":null,"tunnel":null,"source":"OpenStreetMap","is_simulated":false}},{"type":"Feature","id":"osm-way-207606991","geometry":{"type":"LineString","coordinates":[[76.3015331,10.0383491],[76.3016061,10.0382143],[76.3019572,10.0375699],[76.3020684,10.0373571],[76.3022479,10.0370115],[76.3024498,10.0366346],[76.3025946,10.0363603],[76.3027864,10.0359434],[76.3028358,10.0358402],[76.3029764,10.0355414],[76.3031365,10.0351895],[76.3032737,10.0349026],[76.3033285,10.0347848],[76.3035868,10.0342571],[76.3040671,10.0333005],[76.304389,10.0326283],[76.3045808,10.032067],[76.3046877,10.0317155],[76.3048399,10.0311909]]},"properties":{"id":"osm-way-207606991","kind":"route","name":"Edapally Overbridge","description":"OpenStreetMap trunk road segment","class":"trunk","osm_id":"207606991","highway":"trunk","bridge":"yes","tunnel":null,"source":"OpenStreetMap","is_simulated":false}},{"type":"Feature","id":"osm-way-272363647","geometry":{"type":"LineString","coordinates":[[76.2796888,10.0744536],[76.2822599,10.0721188],[76.2848505,10.0698519]]},"properties":{"id":"osm-way-272363647","kind":"route","name":"Varapuzha Bridge","description":"OpenStreetMap trunk road segment","class":"trunk","osm_id":"272363647","highway":"trunk","bridge":"yes","tunnel":null,"source":"OpenStreetMap","is_simulated":false}},{"type":"Feature","id":"osm-way-255220644","geometry":{"type":"LineString","coordinates":[[76.2847174,10.0579751],[76.2847915,10.0581354],[76.2848408,10.0582419],[76.2850313,10.0586169],[76.2852378,10.058955],[76.285348,10.0591288],[76.2854658,10.0592877],[76.2856911,10.0595782],[76.2859325,10.0598291],[76.2862087,10.0600959],[76.2865547,10.0603943],[76.2868686,10.060624],[76.2873137,10.0609146]]},"properties":{"id":"osm-way-255220644","kind":"route","name":"Vallarpadam ICT Highway","description":"OpenStreetMap trunk road segment","class":"trunk","osm_id":"255220644","highway":"trunk","bridge":"yes","tunnel":null,"source":"OpenStreetMap","is_simulated":false}},{"type":"Feature","id":"osm-way-255207244","geometry":{"type":"LineString","coordinates":[[76.2864048,10.0601374],[76.2859591,10.0597321],[76.2857205,10.059467],[76.2854286,10.0590781],[76.2851681,10.0586561],[76.2848982,10.0580951],[76.2848107,10.0578998]]},"properties":{"id":"osm-way-255207244","kind":"route","name":"Vallarpadam ICT Highway","description":"OpenStreetMap trunk road segment","class":"trunk","osm_id":"255207244","highway":"trunk","bridge":"yes","tunnel":null,"source":"OpenStreetMap","is_simulated":false}},{"type":"Feature","id":"osm-way-1019401077","geometry":{"type":"LineString","coordinates":[[76.3103332,10.0287003],[76.3104238,10.0288394],[76.3105138,10.0289956],[76.3105854,10.0291351],[76.3108916,10.029673],[76.3117441,10.0311166]]},"properties":{"id":"osm-way-1019401077","kind":"route","name":"Salem - Kochi - Kanyakumari Highway","description":"OpenStreetMap trunk road segment","class":"trunk","osm_id":"1019401077","highway":"trunk","bridge":null,"tunnel":null,"source":"OpenStreetMap","is_simulated":false}},{"type":"Feature","id":"osm-way-1019401071","geometry":{"type":"LineString","coordinates":[[76.310804,10.0292864],[76.3106837,10.0290547],[76.3106248,10.0289501],[76.3105799,10.0288673],[76.3104879,10.0287104]]},"properties":{"id":"osm-way-1019401071","kind":"route","name":"Salem - Kochi - Kanyakumari Highway","description":"OpenStreetMap trunk road segment","class":"trunk","osm_id":"1019401071","highway":"trunk","bridge":null,"tunnel":null,"source":"OpenStreetMap","is_simulated":false}},{"type":"Feature","id":"osm-way-1355308255","geometry":{"type":"LineString","coordinates":[[76.3099032,10.0279292],[76.3103332,10.0287003]]},"properties":{"id":"osm-way-1355308255","kind":"route","name":"Salem - Kochi - Kanyakumari Highway","description":"OpenStreetMap trunk road segment","class":"trunk","osm_id":"1355308255","highway":"trunk","bridge":null,"tunnel":null,"source":"OpenStreetMap","is_simulated":false}},{"type":"Feature","id":"osm-way-495208516","geometry":{"type":"LineString","coordinates":[[76.2847915,10.0581354],[76.2848982,10.0580951]]},"properties":{"id":"osm-way-495208516","kind":"route","name":"Unnamed trunk road · OSM 495208516","description":"OpenStreetMap trunk link road segment","class":"trunk","osm_id":"495208516","highway":"trunk_link","bridge":null,"tunnel":null,"source":"OpenStreetMap","is_simulated":false}},{"type":"Feature","id":"osm-way-983092195","geometry":{"type":"LineString","coordinates":[[76.2847214,10.057434],[76.2846296,10.0574632]]},"properties":{"id":"osm-way-983092195","kind":"route","name":"Unnamed trunk road · OSM 983092195","description":"OpenStreetMap trunk link road segment","class":"trunk","osm_id":"983092195","highway":"trunk_link","bridge":null,"tunnel":null,"source":"OpenStreetMap","is_simulated":false}},{"type":"Feature","id":"osm-way-495208515","geometry":{"type":"LineString","coordinates":[[76.2844686,10.0575778],[76.2845491,10.0575236]]},"properties":{"id":"osm-way-495208515","kind":"route","name":"Unnamed trunk road · OSM 495208515","description":"OpenStreetMap trunk link road segment","class":"trunk","osm_id":"495208515","highway":"trunk_link","bridge":null,"tunnel":null,"source":"OpenStreetMap","is_simulated":false}},{"type":"Feature","id":"osm-way-1019401079","geometry":{"type":"LineString","coordinates":[[76.3104879,10.0287104],[76.3099851,10.0279005]]},"properties":{"id":"osm-way-1019401079","kind":"route","name":"Salem - Kochi - Kanyakumari Highway","description":"OpenStreetMap trunk road segment","class":"trunk","osm_id":"1019401079","highway":"trunk","bridge":null,"tunnel":null,"source":"OpenStreetMap","is_simulated":false}},{"type":"Feature","id":"osm-way-495208517","geometry":{"type":"LineString","coordinates":[[76.2843287,10.0569507],[76.2844173,10.0569094]]},"properties":{"id":"osm-way-495208517","kind":"route","name":"Unnamed trunk road · OSM 495208517","description":"OpenStreetMap trunk link road segment","class":"trunk","osm_id":"495208517","highway":"trunk_link","bridge":null,"tunnel":null,"source":"OpenStreetMap","is_simulated":false}},{"type":"Feature","id":"osm-way-1021387215","geometry":{"type":"LineString","coordinates":[[76.3534719,10.1350424],[76.3533714,10.1359292],[76.3533538,10.1361071],[76.3533414,10.1365853],[76.3533519,10.1369282],[76.3533698,10.1372384],[76.353402,10.137673],[76.3534154,10.1378533],[76.3534223,10.1381492],[76.3534107,10.138428],[76.3533261,10.1396211],[76.3532859,10.1402123],[76.3532691,10.1404473],[76.3532325,10.1407329],[76.3532041,10.1409182],[76.3531959,10.1409718],[76.3531666,10.1411555],[76.3531288,10.1413926],[76.3531268,10.1414044],[76.3530701,10.1417355],[76.3529438,10.1425992]]},"properties":{"id":"osm-way-1021387215","kind":"route","name":"Salem - Kochi - Kanyakumari Highway","description":"OpenStreetMap trunk road segment","class":"trunk","osm_id":"1021387215","highway":"trunk","bridge":null,"tunnel":null,"source":"OpenStreetMap","is_simulated":false}},{"type":"Feature","id":"osm-way-207606992","geometry":{"type":"LineString","coordinates":[[76.3048399,10.0311909],[76.3050303,10.0304883],[76.3052127,10.0296854],[76.3053755,10.0289856],[76.3054861,10.0286134]]},"properties":{"id":"osm-way-207606992","kind":"route","name":"Kodungallur-Paravur-Ernakulam Highway","description":"OpenStreetMap trunk road segment","class":"trunk","osm_id":"207606992","highway":"trunk","bridge":null,"tunnel":null,"source":"OpenStreetMap","is_simulated":false}},{"type":"Feature","id":"osm-way-901995144","geometry":{"type":"LineString","coordinates":[[76.3099851,10.0279005],[76.3099582,10.0277878],[76.3097738,10.0274603],[76.3096314,10.0272184],[76.309513,10.0270173],[76.3094834,10.0269641],[76.3092507,10.0265467],[76.308957,10.0260196],[76.3088471,10.0258062],[76.3087197,10.025591]]},"properties":{"id":"osm-way-901995144","kind":"route","name":"Salem - Kochi - Kanyakumari Highway","description":"OpenStreetMap trunk link road segment","class":"trunk","osm_id":"901995144","highway":"trunk_link","bridge":null,"tunnel":null,"source":"OpenStreetMap","is_simulated":false}},{"type":"Feature","id":"osm-way-901995143","geometry":{"type":"LineString","coordinates":[[76.3085202,10.0256111],[76.3089883,10.0264313],[76.3090603,10.0265434],[76.309113,10.0266205],[76.3091612,10.0267016],[76.3093258,10.0269826],[76.3094853,10.0272524],[76.3096214,10.0274751],[76.3096989,10.0276204],[76.3098447,10.0278837],[76.3099032,10.0279292]]},"properties":{"id":"osm-way-901995143","kind":"route","name":"Salem - Kochi - Kanyakumari Highway","description":"OpenStreetMap trunk link road segment","class":"trunk","osm_id":"901995143","highway":"trunk_link","bridge":null,"tunnel":null,"source":"OpenStreetMap","is_simulated":false}},{"type":"Feature","id":"osm-way-1021387212","geometry":{"type":"LineString","coordinates":[[76.3528547,10.1438679],[76.3528634,10.1436703],[76.3528864,10.1433992],[76.3529165,10.1432011],[76.3529296,10.1431147],[76.352992,10.1427038],[76.3530579,10.1423219],[76.3531008,10.1420731],[76.3531547,10.1417606],[76.3532034,10.1414782],[76.3532577,10.1411636],[76.3532975,10.1409327],[76.3533655,10.1404218],[76.3533747,10.1402989],[76.3534059,10.1398806],[76.3534249,10.139627],[76.3534427,10.13935],[76.3534653,10.1389986],[76.3534894,10.1386246],[76.3535078,10.1383395],[76.3535191,10.1381051],[76.3535105,10.1378149],[76.3534579,10.1370695],[76.3534449,10.1366232],[76.3534453,10.1364862],[76.3534459,10.1362646],[76.3534722,10.135891],[76.3535151,10.1355044],[76.3535649,10.1350549]]},"properties":{"id":"osm-way-1021387212","kind":"route","name":"Salem - Kochi - Kanyakumari Highway","description":"OpenStreetMap trunk road segment","class":"trunk","osm_id":"1021387212","highway":"trunk","bridge":null,"tunnel":null,"source":"OpenStreetMap","is_simulated":false}},{"type":"Feature","id":"osm-way-477540851","geometry":{"type":"LineString","coordinates":[[76.2774363,10.076471],[76.2784657,10.0755522],[76.2786085,10.0754271],[76.2793552,10.0747636],[76.2796888,10.0744536]]},"properties":{"id":"osm-way-477540851","kind":"route","name":"Kodungallur-Paravur-Ernakulam Highway","description":"OpenStreetMap trunk road segment","class":"trunk","osm_id":"477540851","highway":"trunk","bridge":null,"tunnel":null,"source":"OpenStreetMap","is_simulated":false}},{"type":"Feature","id":"osm-way-255220640","geometry":{"type":"LineString","coordinates":[[76.280486,10.0528019],[76.280796,10.0530629],[76.2810428,10.0532266],[76.2816248,10.0536043],[76.2821693,10.0540268],[76.2826263,10.0544092],[76.2827116,10.0545052],[76.2829296,10.0547507],[76.282974,10.0548007],[76.2833753,10.0552601],[76.2835431,10.0554931],[76.2835513,10.0555045],[76.2836045,10.0555783],[76.283891,10.0560599],[76.2840903,10.0564305],[76.2842808,10.0568496],[76.2843287,10.0569507],[76.2845491,10.0575236],[76.2847174,10.0579751]]},"properties":{"id":"osm-way-255220640","kind":"route","name":"Vallarpadam ICT Highway","description":"OpenStreetMap trunk road segment","class":"trunk","osm_id":"255220640","highway":"trunk","bridge":null,"tunnel":null,"source":"OpenStreetMap","is_simulated":false}},{"type":"Feature","id":"osm-way-1117784708","geometry":{"type":"LineString","coordinates":[[76.3054861,10.0286134],[76.3055185,10.0285121]]},"properties":{"id":"osm-way-1117784708","kind":"route","name":"Kodungallur-Paravur-Ernakulam Highway","description":"OpenStreetMap trunk road segment","class":"trunk","osm_id":"1117784708","highway":"trunk","bridge":null,"tunnel":null,"source":"OpenStreetMap","is_simulated":false}},{"type":"Feature","id":"osm-way-1374321335","geometry":{"type":"LineString","coordinates":[[76.3055069,10.0284488],[76.3055185,10.0285121]]},"properties":{"id":"osm-way-1374321335","kind":"route","name":"Kodungallur-Paravur-Ernakulam Highway","description":"OpenStreetMap trunk road segment","class":"trunk","osm_id":"1374321335","highway":"trunk","bridge":null,"tunnel":null,"source":"OpenStreetMap","is_simulated":false}},{"type":"Feature","id":"osm-way-1374321336","geometry":{"type":"LineString","coordinates":[[76.3055185,10.0285121],[76.3055638,10.028459]]},"properties":{"id":"osm-way-1374321336","kind":"route","name":"Kodungallur-Paravur-Ernakulam Highway","description":"OpenStreetMap trunk road segment","class":"trunk","osm_id":"1374321336","highway":"trunk","bridge":null,"tunnel":null,"source":"OpenStreetMap","is_simulated":false}},{"type":"Feature","id":"osm-way-255207238","geometry":{"type":"LineString","coordinates":[[76.2848107,10.0578998],[76.2846296,10.0574632],[76.2844173,10.0569094],[76.2842034,10.0564258],[76.2839243,10.0559186],[76.2836242,10.0554566],[76.2835998,10.0554191],[76.2832488,10.0549424],[76.2830014,10.0546758],[76.2827915,10.0544495],[76.2824571,10.0540891],[76.2816579,10.0534878],[76.2811401,10.0531781],[76.2805271,10.0527166]]},"properties":{"id":"osm-way-255207238","kind":"route","name":"Vallarpadam ICT Highway","description":"OpenStreetMap trunk road segment","class":"trunk","osm_id":"255207238","highway":"trunk","bridge":null,"tunnel":null,"source":"OpenStreetMap","is_simulated":false}},{"type":"Feature","id":"osm-way-759543390","geometry":{"type":"LineString","coordinates":[[76.3060508,10.0268435],[76.3059148,10.0271113],[76.3058364,10.0273005],[76.30577,10.02749],[76.3057146,10.027677],[76.3055069,10.0284488]]},"properties":{"id":"osm-way-759543390","kind":"route","name":"Kodungallur-Paravur-Ernakulam Highway","description":"OpenStreetMap trunk road segment","class":"trunk","osm_id":"759543390","highway":"trunk","bridge":null,"tunnel":null,"source":"OpenStreetMap","is_simulated":false}},{"type":"Feature","id":"osm-way-363214995","geometry":{"type":"LineString","coordinates":[[76.3083943,10.0254065],[76.3085202,10.0256111]]},"properties":{"id":"osm-way-363214995","kind":"route","name":"Edapally Bridge","description":"OpenStreetMap trunk road segment","class":"trunk","osm_id":"363214995","highway":"trunk","bridge":"yes","tunnel":null,"source":"OpenStreetMap","is_simulated":false}},{"type":"Feature","id":"osm-way-624536140","geometry":{"type":"LineString","coordinates":[[76.3055638,10.028459],[76.3056285,10.0282203],[76.3056996,10.0279311],[76.3057539,10.0277251],[76.3058531,10.0274167],[76.3059349,10.0272233],[76.3060342,10.0270186],[76.3061232,10.0268568],[76.3062916,10.0265656],[76.3063231,10.0265073],[76.3064459,10.0263146],[76.3065283,10.0262303],[76.3068202,10.0259315],[76.306949,10.0257904]]},"properties":{"id":"osm-way-624536140","kind":"route","name":"Kodungallur-Paravur-Ernakulam Highway","description":"OpenStreetMap trunk road segment","class":"trunk","osm_id":"624536140","highway":"trunk","bridge":null,"tunnel":null,"source":"OpenStreetMap","is_simulated":false}},{"type":"Feature","id":"osm-way-363214994","geometry":{"type":"LineString","coordinates":[[76.3087197,10.025591],[76.3085762,10.0253346]]},"properties":{"id":"osm-way-363214994","kind":"route","name":"Edapally Bridge","description":"OpenStreetMap trunk road segment","class":"trunk","osm_id":"363214994","highway":"trunk","bridge":"yes","tunnel":null,"source":"OpenStreetMap","is_simulated":false}},{"type":"Feature","id":"osm-way-96073583","geometry":{"type":"LineString","coordinates":[[76.3060508,10.0268435],[76.3060197,10.0268169]]},"properties":{"id":"osm-way-96073583","kind":"route","name":"Unnamed trunk road · OSM 96073583","description":"OpenStreetMap trunk link road segment","class":"trunk","osm_id":"96073583","highway":"trunk_link","bridge":null,"tunnel":null,"source":"OpenStreetMap","is_simulated":false}},{"type":"Feature","id":"osm-way-363214997","geometry":{"type":"LineString","coordinates":[[76.3085762,10.0253346],[76.3084398,10.0251136],[76.3083603,10.0249732]]},"properties":{"id":"osm-way-363214997","kind":"route","name":"Salem - Kochi - Kanyakumari Highway","description":"OpenStreetMap trunk road segment","class":"trunk","osm_id":"363214997","highway":"trunk","bridge":null,"tunnel":null,"source":"OpenStreetMap","is_simulated":false}},{"type":"Feature","id":"osm-way-207609244","geometry":{"type":"LineString","coordinates":[[76.3075267,10.0250207],[76.307209,10.0254],[76.3068969,10.0257159],[76.3067056,10.0258977],[76.3064961,10.0260739],[76.306312,10.0263487],[76.3060508,10.0268435]]},"properties":{"id":"osm-way-207609244","kind":"route","name":"Unnamed trunk road · OSM 207609244","description":"OpenStreetMap trunk road segment","class":"trunk","osm_id":"207609244","highway":"trunk","bridge":null,"tunnel":null,"source":"OpenStreetMap","is_simulated":false}},{"type":"Feature","id":"osm-way-901998687","geometry":{"type":"LineString","coordinates":[[76.3079583,10.0247036],[76.3081171,10.024933],[76.3083943,10.0254065]]},"properties":{"id":"osm-way-901998687","kind":"route","name":"Salem - Kochi - Kanyakumari Highway","description":"OpenStreetMap trunk road segment","class":"trunk","osm_id":"901998687","highway":"trunk","bridge":null,"tunnel":null,"source":"OpenStreetMap","is_simulated":false}},{"type":"Feature","id":"osm-way-207609242","geometry":{"type":"LineString","coordinates":[[76.3075982,10.0250954],[76.3077467,10.0249919],[76.3078687,10.024917],[76.3079192,10.024886],[76.3079944,10.0248832],[76.3081171,10.024933]]},"properties":{"id":"osm-way-207609242","kind":"route","name":"Salem - Kochi - Kanyakumari Road","description":"OpenStreetMap trunk link road segment","class":"trunk","osm_id":"207609242","highway":"trunk_link","bridge":null,"tunnel":null,"source":"OpenStreetMap","is_simulated":false}},{"type":"Feature","id":"osm-way-1030396250","geometry":{"type":"LineString","coordinates":[[76.3083603,10.0249732],[76.3081877,10.0246625],[76.3081246,10.0245447]]},"properties":{"id":"osm-way-1030396250","kind":"route","name":"Salem - Kochi - Kanyakumari Highway","description":"OpenStreetMap trunk road segment","class":"trunk","osm_id":"1030396250","highway":"trunk","bridge":null,"tunnel":null,"source":"OpenStreetMap","is_simulated":false}},{"type":"Feature","id":"osm-way-272363651","geometry":{"type":"LineString","coordinates":[[76.306949,10.0257904],[76.3075982,10.0250954],[76.3078102,10.0248674],[76.3078747,10.024798],[76.3079583,10.0247036]]},"properties":{"id":"osm-way-272363651","kind":"route","name":"Unnamed trunk road · OSM 272363651","description":"OpenStreetMap trunk road segment","class":"trunk","osm_id":"272363651","highway":"trunk","bridge":null,"tunnel":null,"source":"OpenStreetMap","is_simulated":false}},{"type":"Feature","id":"osm-way-477540852","geometry":{"type":"LineString","coordinates":[[76.2749125,10.0786803],[76.2761335,10.0776702],[76.2774363,10.076471]]},"properties":{"id":"osm-way-477540852","kind":"route","name":"Kodungallur-Paravur-Ernakulam Highway","description":"OpenStreetMap trunk road segment","class":"trunk","osm_id":"477540852","highway":"trunk","bridge":null,"tunnel":null,"source":"OpenStreetMap","is_simulated":false}},{"type":"Feature","id":"osm-way-24952963","geometry":{"type":"LineString","coordinates":[[76.30788,10.0245773],[76.3079583,10.0247036]]},"properties":{"id":"osm-way-24952963","kind":"route","name":"Salem - Kochi - Kanyakumari Highway","description":"OpenStreetMap trunk road segment","class":"trunk","osm_id":"24952963","highway":"trunk","bridge":null,"tunnel":null,"source":"OpenStreetMap","is_simulated":false}},{"type":"Feature","id":"osm-way-255014484","geometry":{"type":"LineString","coordinates":[[76.3083603,10.0249732],[76.3082825,10.0248131],[76.308269,10.024681],[76.3082743,10.0245851],[76.3082867,10.0244987],[76.3083291,10.0244018],[76.3083642,10.0243323],[76.3084156,10.0241712]]},"properties":{"id":"osm-way-255014484","kind":"route","name":"Salem - Kochi - Kanyakumari Road","description":"OpenStreetMap trunk link road segment","class":"trunk","osm_id":"255014484","highway":"trunk_link","bridge":null,"tunnel":null,"source":"OpenStreetMap","is_simulated":false}},{"type":"Feature","id":"osm-way-1012002054","geometry":{"type":"LineString","coordinates":[[76.30788,10.0245773],[76.307722,10.024787],[76.3075267,10.0250207]]},"properties":{"id":"osm-way-1012002054","kind":"route","name":"Unnamed trunk road · OSM 1012002054","description":"OpenStreetMap trunk road segment","class":"trunk","osm_id":"1012002054","highway":"trunk","bridge":null,"tunnel":null,"source":"OpenStreetMap","is_simulated":false}},{"type":"Feature","id":"osm-way-180234624","geometry":{"type":"LineString","coordinates":[[76.3079583,10.0247036],[76.3081246,10.0245447]]},"properties":{"id":"osm-way-180234624","kind":"route","name":"Salem - Kochi - Kanyakumari Road","description":"OpenStreetMap trunk road segment","class":"trunk","osm_id":"180234624","highway":"trunk","bridge":null,"tunnel":null,"source":"OpenStreetMap","is_simulated":false}},{"type":"Feature","id":"osm-way-901998686","geometry":{"type":"LineString","coordinates":[[76.3080463,10.0244176],[76.30788,10.0245773]]},"properties":{"id":"osm-way-901998686","kind":"route","name":"Salem - Kochi - Kanyakumari Road","description":"OpenStreetMap trunk road segment","class":"trunk","osm_id":"901998686","highway":"trunk","bridge":null,"tunnel":null,"source":"OpenStreetMap","is_simulated":false}},{"type":"Feature","id":"osm-way-901998685","geometry":{"type":"LineString","coordinates":[[76.3081246,10.0245447],[76.3080463,10.0244176]]},"properties":{"id":"osm-way-901998685","kind":"route","name":"Salem - Kochi - Kanyakumari Highway","description":"OpenStreetMap trunk road segment","class":"trunk","osm_id":"901998685","highway":"trunk","bridge":null,"tunnel":null,"source":"OpenStreetMap","is_simulated":false}},{"type":"Feature","id":"osm-way-363220213","geometry":{"type":"LineString","coordinates":[[76.3077137,10.0242823],[76.3076973,10.0243804],[76.3076819,10.0244799],[76.3076269,10.0246462],[76.3075845,10.0247702],[76.3075267,10.0250207]]},"properties":{"id":"osm-way-363220213","kind":"route","name":"Unnamed trunk road · OSM 363220213","description":"OpenStreetMap trunk link road segment","class":"trunk","osm_id":"363220213","highway":"trunk_link","bridge":null,"tunnel":null,"source":"OpenStreetMap","is_simulated":false}},{"type":"Feature","id":"osm-way-1030396249","geometry":{"type":"LineString","coordinates":[[76.3081246,10.0245447],[76.3084156,10.0241712]]},"properties":{"id":"osm-way-1030396249","kind":"route","name":"Salem - Kochi - Kanyakumari Road","description":"OpenStreetMap trunk road segment","class":"trunk","osm_id":"1030396249","highway":"trunk","bridge":null,"tunnel":null,"source":"OpenStreetMap","is_simulated":false}},{"type":"Feature","id":"osm-way-255014485","geometry":{"type":"LineString","coordinates":[[76.3082184,10.024229],[76.3081035,10.0242584],[76.3080405,10.0242729],[76.3079597,10.0242757]]},"properties":{"id":"osm-way-255014485","kind":"route","name":"Unnamed trunk road · OSM 255014485","description":"OpenStreetMap trunk link road segment","class":"trunk","osm_id":"255014485","highway":"trunk_link","bridge":null,"tunnel":null,"source":"OpenStreetMap","is_simulated":false}},{"type":"Feature","id":"osm-way-477540853","geometry":{"type":"LineString","coordinates":[[76.2774363,10.076471],[76.2765519,10.0771737],[76.2757875,10.0778656],[76.2749125,10.0786803]]},"properties":{"id":"osm-way-477540853","kind":"route","name":"Kodungallur-Paravur-Ernakulam Highway","description":"OpenStreetMap trunk road segment","class":"trunk","osm_id":"477540853","highway":"trunk","bridge":null,"tunnel":null,"source":"OpenStreetMap","is_simulated":false}},{"type":"Feature","id":"osm-way-1021387213","geometry":{"type":"LineString","coordinates":[[76.3529438,10.1425992],[76.3527911,10.1433975],[76.3527725,10.1436178],[76.3527618,10.1438726]]},"properties":{"id":"osm-way-1021387213","kind":"route","name":"Salem - Kochi - Kanyakumari Highway","description":"OpenStreetMap trunk road segment","class":"trunk","osm_id":"1021387213","highway":"trunk","bridge":null,"tunnel":null,"source":"OpenStreetMap","is_simulated":false}},{"type":"Feature","id":"osm-way-1012013616","geometry":{"type":"LineString","coordinates":[[76.274726,10.0788308],[76.2749125,10.0786803]]},"properties":{"id":"osm-way-1012013616","kind":"route","name":"Kodungallur-Paravur-Ernakulam Highway","description":"OpenStreetMap trunk road segment","class":"trunk","osm_id":"1012013616","highway":"trunk","bridge":null,"tunnel":null,"source":"OpenStreetMap","is_simulated":false}},{"type":"Feature","id":"osm-way-237415996","geometry":{"type":"LineString","coordinates":[[76.3527618,10.1438726],[76.3528547,10.1438679]]},"properties":{"id":"osm-way-237415996","kind":"route","name":"Unnamed trunk road · OSM 237415996","description":"OpenStreetMap trunk link road segment","class":"trunk","osm_id":"237415996","highway":"trunk_link","bridge":null,"tunnel":null,"source":"OpenStreetMap","is_simulated":false}},{"type":"Feature","id":"osm-way-1290865248","geometry":{"type":"LineString","coordinates":[[76.3100081,10.0213711],[76.3101076,10.0214132]]},"properties":{"id":"osm-way-1290865248","kind":"route","name":"Unnamed trunk road · OSM 1290865248","description":"OpenStreetMap trunk link road segment","class":"trunk","osm_id":"1290865248","highway":"trunk_link","bridge":null,"tunnel":null,"source":"OpenStreetMap","is_simulated":false}},{"type":"Feature","id":"osm-way-635235956","geometry":{"type":"LineString","coordinates":[[76.3123577,10.0086879],[76.3119985,10.0108263],[76.3117652,10.0122155],[76.3115248,10.0136079],[76.3114513,10.014088],[76.3113651,10.0146518],[76.3113008,10.0153701],[76.3110988,10.016586],[76.3109657,10.0174423],[76.3108001,10.01854],[76.3106944,10.0192002],[76.3105856,10.0198794],[76.310458,10.0204007],[76.3103093,10.0209062],[76.3101199,10.0213852],[76.3101076,10.0214132],[76.3099035,10.0218783],[76.3097007,10.0222801],[76.3094751,10.0226493],[76.3091389,10.0230805],[76.3088875,10.0234088],[76.3086925,10.0236332],[76.3086166,10.0237141],[76.3084064,10.0240197],[76.3082184,10.024229],[76.3081592,10.0242963],[76.3080886,10.02437],[76.3080463,10.0244176]]},"properties":{"id":"osm-way-635235956","kind":"route","name":"Salem - Kochi - Kanyakumari Road","description":"OpenStreetMap trunk road segment","class":"trunk","osm_id":"635235956","highway":"trunk","bridge":null,"tunnel":null,"source":"OpenStreetMap","is_simulated":false}},{"type":"Feature","id":"osm-way-255220655","geometry":{"type":"LineString","coordinates":[[76.2785617,10.0514518],[76.2790371,10.0517442],[76.2794271,10.0519939],[76.2797682,10.0522358],[76.2802113,10.0525743],[76.280351,10.0526873],[76.280486,10.0528019]]},"properties":{"id":"osm-way-255220655","kind":"route","name":"Vallarpadam ICT Highway","description":"OpenStreetMap trunk road segment","class":"trunk","osm_id":"255220655","highway":"trunk","bridge":"yes","tunnel":null,"source":"OpenStreetMap","is_simulated":false}},{"type":"Feature","id":"osm-way-598452110","geometry":{"type":"LineString","coordinates":[[76.2727666,10.080524],[76.2729694,10.0803523],[76.2734361,10.0799571],[76.2737777,10.0796589],[76.274726,10.0788308]]},"properties":{"id":"osm-way-598452110","kind":"route","name":"Kodungallur-Paravur-Ernakulam Highway","description":"OpenStreetMap trunk road segment","class":"trunk","osm_id":"598452110","highway":"trunk","bridge":null,"tunnel":null,"source":"OpenStreetMap","is_simulated":false}},{"type":"Feature","id":"osm-way-255207246","geometry":{"type":"LineString","coordinates":[[76.2805271,10.0527166],[76.2804196,10.052638],[76.2798323,10.0521701],[76.2794795,10.0519144],[76.2791011,10.0516737],[76.2786101,10.0513714]]},"properties":{"id":"osm-way-255207246","kind":"route","name":"Vallarpadam ICT Highway","description":"OpenStreetMap trunk road segment","class":"trunk","osm_id":"255207246","highway":"trunk","bridge":"yes","tunnel":null,"source":"OpenStreetMap","is_simulated":false}},{"type":"Feature","id":"osm-way-901998684","geometry":{"type":"LineString","coordinates":[[76.3084156,10.0241712],[76.3084944,10.024092],[76.3085477,10.0240379],[76.3087149,10.0238019],[76.3091171,10.0233231],[76.3093663,10.022983],[76.3095966,10.0226528],[76.3097687,10.0223471],[76.3099818,10.0219394],[76.310103,10.0217076],[76.3103058,10.0212305],[76.3104872,10.0207232],[76.310606,10.0202806],[76.3106648,10.0200191],[76.3107176,10.0197395],[76.3107997,10.0192153],[76.3109683,10.0181397],[76.3110642,10.0174791],[76.3112512,10.0162552],[76.3114969,10.0146689],[76.3115135,10.0145663],[76.3117485,10.0131116],[76.3118919,10.0122313],[76.3120098,10.0114573],[76.312042,10.0112457],[76.3124596,10.00877],[76.3124754,10.0086543]]},"properties":{"id":"osm-way-901998684","kind":"route","name":"Salem - Kochi - Kanyakumari Road","description":"OpenStreetMap trunk road segment","class":"trunk","osm_id":"901998684","highway":"trunk","bridge":null,"tunnel":null,"source":"OpenStreetMap","is_simulated":false}},{"type":"Feature","id":"osm-way-598452111","geometry":{"type":"LineString","coordinates":[[76.2724871,10.0807607],[76.2727666,10.080524]]},"properties":{"id":"osm-way-598452111","kind":"route","name":"Kodungallur-Paravur-Ernakulam Highway","description":"OpenStreetMap trunk road segment","class":"trunk","osm_id":"598452111","highway":"trunk","bridge":"yes","tunnel":null,"source":"OpenStreetMap","is_simulated":false}},{"type":"Feature","id":"osm-way-1058768104","geometry":{"type":"LineString","coordinates":[[76.3106944,10.0192002],[76.3107997,10.0192153]]},"properties":{"id":"osm-way-1058768104","kind":"route","name":"Unnamed trunk road · OSM 1058768104","description":"OpenStreetMap trunk link road segment","class":"trunk","osm_id":"1058768104","highway":"trunk_link","bridge":null,"tunnel":null,"source":"OpenStreetMap","is_simulated":false}},{"type":"Feature","id":"osm-way-754478259","geometry":{"type":"LineString","coordinates":[[76.3110606,10.0181551],[76.3109683,10.0181397]]},"properties":{"id":"osm-way-754478259","kind":"route","name":"Unnamed trunk road · OSM 754478259","description":"OpenStreetMap trunk link road segment","class":"trunk","osm_id":"754478259","highway":"trunk_link","bridge":null,"tunnel":null,"source":"OpenStreetMap","is_simulated":false}},{"type":"Feature","id":"osm-way-255220650","geometry":{"type":"LineString","coordinates":[[76.2751365,10.049891],[76.2756327,10.0500547],[76.2760793,10.0502263],[76.2769471,10.0505908],[76.2770875,10.0506603],[76.2776946,10.0509582],[76.2782628,10.0512745],[76.2785617,10.0514518]]},"properties":{"id":"osm-way-255220650","kind":"route","name":"Vallarpadam ICT Highway","description":"OpenStreetMap trunk road segment","class":"trunk","osm_id":"255220650","highway":"trunk","bridge":null,"tunnel":null,"source":"OpenStreetMap","is_simulated":false}},{"type":"Feature","id":"osm-way-1107658776","geometry":{"type":"LineString","coordinates":[[76.2770249,10.0507604],[76.2770875,10.0506603]]},"properties":{"id":"osm-way-1107658776","kind":"route","name":"Unnamed trunk road · OSM 1107658776","description":"OpenStreetMap trunk link road segment","class":"trunk","osm_id":"1107658776","highway":"trunk_link","bridge":null,"tunnel":null,"source":"OpenStreetMap","is_simulated":false}},{"type":"Feature","id":"osm-way-1107658777","geometry":{"type":"LineString","coordinates":[[76.2769932,10.050525],[76.2770351,10.0504525]]},"properties":{"id":"osm-way-1107658777","kind":"route","name":"Unnamed trunk road · OSM 1107658777","description":"OpenStreetMap trunk link road segment","class":"trunk","osm_id":"1107658777","highway":"trunk_link","bridge":null,"tunnel":null,"source":"OpenStreetMap","is_simulated":false}},{"type":"Feature","id":"osm-way-255207241","geometry":{"type":"LineString","coordinates":[[76.2786101,10.0513714],[76.2783146,10.0512091],[76.2777433,10.0508884],[76.2769932,10.050525],[76.276137,10.0501668],[76.2756716,10.0499899],[76.2751768,10.0498265]]},"properties":{"id":"osm-way-255207241","kind":"route","name":"Vallarpadam ICT Highway","description":"OpenStreetMap trunk road segment","class":"trunk","osm_id":"255207241","highway":"trunk","bridge":null,"tunnel":null,"source":"OpenStreetMap","is_simulated":false}},{"type":"Feature","id":"osm-way-585847790","geometry":{"type":"LineString","coordinates":[[76.3548193,10.1529299],[76.3547736,10.1526739],[76.3547328,10.1524942],[76.3546816,10.1523191],[76.354538,10.1518323],[76.3545108,10.1517401],[76.3544957,10.1516846],[76.3544214,10.1514125],[76.35439,10.1512975],[76.3543428,10.1510706],[76.3543089,10.1508952],[76.3542834,10.1506839],[76.3542753,10.1505165],[76.3542723,10.1504545],[76.3542634,10.1502714],[76.3542573,10.1501875],[76.35423,10.1498145],[76.3542073,10.1495044],[76.3541949,10.1493349],[76.3541866,10.1491901],[76.3541722,10.1489371],[76.3541603,10.1487284],[76.3541391,10.1485452],[76.3540968,10.1483898],[76.3540753,10.1483111],[76.3540456,10.148219],[76.353931,10.147863],[76.3538583,10.1476373],[76.3538221,10.1475249],[76.3537856,10.1474116],[76.353724,10.1472204],[76.353519,10.1465967],[76.3534533,10.1463966],[76.3533582,10.1461072],[76.3533179,10.1459846],[76.3532545,10.1457917],[76.3531685,10.1455328],[76.353115,10.1453717],[76.3530866,10.1452831],[76.3530142,10.1450569],[76.3529534,10.1448194],[76.3529297,10.1446923],[76.352907,10.1445709],[76.3528839,10.1443871],[76.3528758,10.1443227],[76.3528585,10.1440846],[76.3528547,10.1438679]]},"properties":{"id":"osm-way-585847790","kind":"route","name":"Salem - Kochi - Kanyakumari Highway","description":"OpenStreetMap trunk road segment","class":"trunk","osm_id":"585847790","highway":"trunk","bridge":null,"tunnel":null,"source":"OpenStreetMap","is_simulated":false}},{"type":"Feature","id":"osm-way-1012013617","geometry":{"type":"LineString","coordinates":[[76.2688968,10.0850517],[76.2689806,10.0847976],[76.269147,10.0844562],[76.269423,10.0839005],[76.2696851,10.0834681],[76.2699577,10.0830836],[76.2701877,10.0828155],[76.2705478,10.082437],[76.2709076,10.0820989],[76.2716116,10.0815023],[76.2718231,10.0813442],[76.2721235,10.0810685],[76.2724871,10.0807607]]},"properties":{"id":"osm-way-1012013617","kind":"route","name":"Kodungallur-Paravur-Ernakulam Highway","description":"OpenStreetMap trunk road segment","class":"trunk","osm_id":"1012013617","highway":"trunk","bridge":null,"tunnel":null,"source":"OpenStreetMap","is_simulated":false}},{"type":"Feature","id":"osm-way-825710918","geometry":{"type":"LineString","coordinates":[[76.3527618,10.1438726],[76.3527643,10.1439873],[76.3527683,10.1441374],[76.3527933,10.1443913],[76.3528311,10.1446901],[76.3528764,10.1449043],[76.352945,10.1451522],[76.3530544,10.1455],[76.3532694,10.1461291],[76.3533878,10.1464563],[76.3537338,10.1475123],[76.3539648,10.1482397],[76.3539819,10.1482917],[76.3540567,10.1485986],[76.3540789,10.1488025],[76.3540913,10.1490567],[76.354171,10.1501856],[76.3541774,10.1504747],[76.354182,10.1506288],[76.3541848,10.1507226],[76.3542032,10.1509029],[76.3542456,10.1511182],[76.3542969,10.1513269],[76.3545698,10.1523295],[76.3546254,10.1525339],[76.3546813,10.1527712],[76.354706,10.1529056]]},"properties":{"id":"osm-way-825710918","kind":"route","name":"Salem - Kochi - Kanyakumari Highway","description":"OpenStreetMap trunk road segment","class":"trunk","osm_id":"825710918","highway":"trunk","bridge":null,"tunnel":null,"source":"OpenStreetMap","is_simulated":false}},{"type":"Feature","id":"osm-way-1290865247","geometry":{"type":"LineString","coordinates":[[76.3115135,10.0145663],[76.311604,10.0145826]]},"properties":{"id":"osm-way-1290865247","kind":"route","name":"Unnamed trunk road · OSM 1290865247","description":"OpenStreetMap trunk link road segment","class":"trunk","osm_id":"1290865247","highway":"trunk_link","bridge":null,"tunnel":null,"source":"OpenStreetMap","is_simulated":false}},{"type":"Feature","id":"osm-way-761665897","geometry":{"type":"LineString","coordinates":[[76.3113848,10.0140774],[76.3114513,10.014088]]},"properties":{"id":"osm-way-761665897","kind":"route","name":"Unnamed trunk road · OSM 761665897","description":"OpenStreetMap trunk link road segment","class":"trunk","osm_id":"761665897","highway":"trunk_link","bridge":null,"tunnel":null,"source":"OpenStreetMap","is_simulated":false}},{"type":"Feature","id":"osm-way-1018495168","geometry":{"type":"LineString","coordinates":[[76.2665632,10.092113],[76.2667725,10.0915109],[76.2668105,10.0912989],[76.2668246,10.0912201],[76.2669763,10.0903728],[76.2671057,10.0900626],[76.2671614,10.0899291],[76.2672276,10.0897965],[76.2673576,10.0895362],[76.267553,10.0891449],[76.2677255,10.0886583],[76.2677738,10.0885219],[76.2680419,10.0876277],[76.268156,10.0872763],[76.2685035,10.0864195],[76.2687719,10.0858993],[76.2688047,10.0854918],[76.2688217,10.0852814],[76.2688968,10.0850517]]},"properties":{"id":"osm-way-1018495168","kind":"route","name":"Kodungallur-Paravur-Ernakulam Highway","description":"OpenStreetMap trunk road segment","class":"trunk","osm_id":"1018495168","highway":"trunk","bridge":null,"tunnel":null,"source":"OpenStreetMap","is_simulated":false}},{"type":"Feature","id":"osm-way-494573099","geometry":{"type":"LineString","coordinates":[[76.3117652,10.0122155],[76.3118919,10.0122313]]},"properties":{"id":"osm-way-494573099","kind":"route","name":"Unnamed trunk road · OSM 494573099","description":"OpenStreetMap trunk link road segment","class":"trunk","osm_id":"494573099","highway":"trunk_link","bridge":null,"tunnel":null,"source":"OpenStreetMap","is_simulated":false}},{"type":"Feature","id":"osm-way-925831367","geometry":{"type":"LineString","coordinates":[[76.3548348,10.1530462],[76.3548193,10.1529299]]},"properties":{"id":"osm-way-925831367","kind":"route","name":"Salem - Kochi - Kanyakumari Highway","description":"OpenStreetMap trunk road segment","class":"trunk","osm_id":"925831367","highway":"trunk","bridge":null,"tunnel":null,"source":"OpenStreetMap","is_simulated":false}},{"type":"Feature","id":"osm-way-925831368","geometry":{"type":"LineString","coordinates":[[76.354706,10.1529056],[76.3547118,10.1529522]]},"properties":{"id":"osm-way-925831368","kind":"route","name":"Salem - Kochi - Kanyakumari Highway","description":"OpenStreetMap trunk road segment","class":"trunk","osm_id":"925831368","highway":"trunk","bridge":null,"tunnel":null,"source":"OpenStreetMap","is_simulated":false}},{"type":"Feature","id":"osm-way-255922588","geometry":{"type":"LineString","coordinates":[[76.3547118,10.1529522],[76.3547214,10.153064],[76.3547245,10.1531238]]},"properties":{"id":"osm-way-255922588","kind":"route","name":"Salem - Kochi - Kanyakumari Highway","description":"OpenStreetMap trunk road segment","class":"trunk","osm_id":"255922588","highway":"trunk","bridge":null,"tunnel":null,"source":"OpenStreetMap","is_simulated":false}},{"type":"Feature","id":"osm-way-255922589","geometry":{"type":"LineString","coordinates":[[76.3548371,10.1531254],[76.3548348,10.1530462]]},"properties":{"id":"osm-way-255922589","kind":"route","name":"Salem - Kochi - Kanyakumari Highway","description":"OpenStreetMap trunk road segment","class":"trunk","osm_id":"255922589","highway":"trunk","bridge":null,"tunnel":null,"source":"OpenStreetMap","is_simulated":false}},{"type":"Feature","id":"osm-way-255220654","geometry":{"type":"LineString","coordinates":[[76.2700323,10.0485044],[76.2702952,10.0486259],[76.2706197,10.0487527],[76.2709684,10.0488768],[76.2711937,10.0489428],[76.2715049,10.0490247],[76.2717248,10.0490881],[76.2719743,10.0491436],[76.2722854,10.0492096],[76.2728272,10.04931],[76.2735219,10.0494658],[76.2740583,10.0495846],[76.2747396,10.0497827],[76.2751365,10.049891]]},"properties":{"id":"osm-way-255220654","kind":"route","name":"Vallarpadam ICT Highway","description":"OpenStreetMap trunk road segment","class":"trunk","osm_id":"255220654","highway":"trunk","bridge":"yes","tunnel":null,"source":"OpenStreetMap","is_simulated":false}},{"type":"Feature","id":"osm-way-1010024784","geometry":{"type":"LineString","coordinates":[[76.3547245,10.1531238],[76.3547243,10.1532492],[76.3547206,10.1534498],[76.3546937,10.1537013],[76.3545217,10.1547691],[76.3545108,10.1548368],[76.3544256,10.1553914]]},"properties":{"id":"osm-way-1010024784","kind":"route","name":"Salem - Kochi - Kanyakumari Highway","description":"OpenStreetMap trunk road segment","class":"trunk","osm_id":"1010024784","highway":"trunk","bridge":null,"tunnel":null,"source":"OpenStreetMap","is_simulated":false}},{"type":"Feature","id":"osm-way-255207239","geometry":{"type":"LineString","coordinates":[[76.2751768,10.0498265],[76.2744091,10.049598],[76.2737216,10.0494231],[76.2719984,10.049064],[76.2714218,10.048919],[76.2710583,10.0488035],[76.2706355,10.0486507],[76.2700606,10.0484164],[76.269258,10.0480242]]},"properties":{"id":"osm-way-255207239","kind":"route","name":"Vallarpadam ICT Highway","description":"OpenStreetMap trunk road segment","class":"trunk","osm_id":"255207239","highway":"trunk","bridge":"yes","tunnel":null,"source":"OpenStreetMap","is_simulated":false}},{"type":"Feature","id":"osm-way-1010024780","geometry":{"type":"LineString","coordinates":[[76.3545199,10.1556783],[76.354503,10.1555094],[76.3545111,10.1553401],[76.354532,10.1551756],[76.3545786,10.1549027],[76.3546089,10.1547248],[76.3546465,10.1545041],[76.354668,10.1543783],[76.3546879,10.1542616],[76.3547184,10.154083],[76.3547504,10.1538954],[76.3547612,10.1538168],[76.3547981,10.1535494],[76.3548132,10.153421],[76.3548225,10.1533415],[76.3548257,10.1532944],[76.3548371,10.1531254]]},"properties":{"id":"osm-way-1010024780","kind":"route","name":"Salem - Kochi - Kanyakumari Highway","description":"OpenStreetMap trunk road segment","class":"trunk","osm_id":"1010024780","highway":"trunk","bridge":null,"tunnel":null,"source":"OpenStreetMap","is_simulated":false}},{"type":"Feature","id":"osm-way-566613245","geometry":{"type":"LineString","coordinates":[[76.3124782,10.0080883],[76.3123577,10.0086879]]},"properties":{"id":"osm-way-566613245","kind":"route","name":"Salem - Kochi - Kanyakumari Road","description":"OpenStreetMap trunk road segment","class":"trunk","osm_id":"566613245","highway":"trunk","bridge":null,"tunnel":null,"source":"OpenStreetMap","is_simulated":false}},{"type":"Feature","id":"osm-way-1013072866","geometry":{"type":"LineString","coordinates":[[76.2665632,10.092113],[76.2664455,10.0928541],[76.2664363,10.092912],[76.2663738,10.09354],[76.2662853,10.0937644],[76.2660064,10.0942635],[76.2659311,10.0945111],[76.2658786,10.0947389],[76.2658051,10.095063],[76.2657742,10.0953431],[76.2657434,10.0955964],[76.2656952,10.0958294],[76.2656167,10.0960484],[76.265587,10.0961468],[76.2654993,10.0964731],[76.2654253,10.0967638],[76.2653625,10.0970144],[76.2653166,10.0971829],[76.2653107,10.0972005],[76.2653008,10.0972298],[76.265264,10.0973391],[76.2651801,10.0975954],[76.265092,10.0978402],[76.265019,10.0980187],[76.2648755,10.0983446],[76.2648057,10.0985032],[76.2646329,10.0989025],[76.2645578,10.0990885],[76.2644926,10.0992745],[76.264476,10.0993418],[76.2644437,10.099425],[76.2644158,10.0995073],[76.2643406,10.0996815],[76.2642767,10.0998508],[76.2642045,10.1000484],[76.2641367,10.1002228],[76.2640374,10.1003872],[76.2639922,10.1005097],[76.2639835,10.1005406]]},"properties":{"id":"osm-way-1013072866","kind":"route","name":"Kodungallur-Paravur-Ernakulam Highway","description":"OpenStreetMap trunk road segment","class":"trunk","osm_id":"1013072866","highway":"trunk","bridge":null,"tunnel":null,"source":"OpenStreetMap","is_simulated":false}},{"type":"Feature","id":"osm-way-1012202819","geometry":{"type":"LineString","coordinates":[[76.3544256,10.1553914],[76.3544235,10.1554859],[76.3544213,10.1555804],[76.3544334,10.1556972]]},"properties":{"id":"osm-way-1012202819","kind":"route","name":"Salem - Kochi - Kanyakumari Highway","description":"OpenStreetMap trunk road segment","class":"trunk","osm_id":"1012202819","highway":"trunk","bridge":null,"tunnel":null,"source":"OpenStreetMap","is_simulated":false}},{"type":"Feature","id":"osm-way-566613243","geometry":{"type":"LineString","coordinates":[[76.3124754,10.0086543],[76.3125614,10.0080949]]},"properties":{"id":"osm-way-566613243","kind":"route","name":"Salem - Kochi - Kanyakumari Road","description":"OpenStreetMap trunk road segment","class":"trunk","osm_id":"566613243","highway":"trunk","bridge":null,"tunnel":null,"source":"OpenStreetMap","is_simulated":false}},{"type":"Feature","id":"osm-way-896039579","geometry":{"type":"LineString","coordinates":[[76.3133638,10.0027431],[76.3124782,10.0080883]]},"properties":{"id":"osm-way-896039579","kind":"route","name":"Salem - Kochi - Kanyakumari Road","description":"OpenStreetMap trunk road segment","class":"trunk","osm_id":"896039579","highway":"trunk","bridge":"yes","tunnel":null,"source":"OpenStreetMap","is_simulated":false}},{"type":"Feature","id":"osm-way-1012202820","geometry":{"type":"LineString","coordinates":[[76.3544334,10.1556972],[76.3543811,10.1557028]]},"properties":{"id":"osm-way-1012202820","kind":"route","name":"Unnamed trunk road · OSM 1012202820","description":"OpenStreetMap trunk link road segment","class":"trunk","osm_id":"1012202820","highway":"trunk_link","bridge":null,"tunnel":null,"source":"OpenStreetMap","is_simulated":false}},{"type":"Feature","id":"osm-way-237416417","geometry":{"type":"LineString","coordinates":[[76.3545199,10.1556783],[76.3544334,10.1556972]]},"properties":{"id":"osm-way-237416417","kind":"route","name":"Unnamed trunk road · OSM 237416417","description":"OpenStreetMap trunk link road segment","class":"trunk","osm_id":"237416417","highway":"trunk_link","bridge":null,"tunnel":null,"source":"OpenStreetMap","is_simulated":false}},{"type":"Feature","id":"osm-way-1012568823","geometry":{"type":"LineString","coordinates":[[76.3544334,10.1556972],[76.3544824,10.155879],[76.3545643,10.1561292],[76.3546837,10.1563841],[76.3548044,10.1566045],[76.3549203,10.1567962],[76.3550425,10.15695]]},"properties":{"id":"osm-way-1012568823","kind":"route","name":"Salem - Kochi - Kanyakumari Highway","description":"OpenStreetMap trunk road segment","class":"trunk","osm_id":"1012568823","highway":"trunk","bridge":null,"tunnel":null,"source":"OpenStreetMap","is_simulated":false}},{"type":"Feature","id":"osm-way-1012202823","geometry":{"type":"LineString","coordinates":[[76.3564572,10.1577272],[76.3563804,10.1576828],[76.3562345,10.1575984],[76.356042,10.157487],[76.3559185,10.1574155],[76.3554859,10.1571651],[76.3553094,10.1570527],[76.3552386,10.1570017],[76.3551801,10.1569596],[76.3550908,10.1568742],[76.3550625,10.1568471],[76.355038,10.1568135],[76.3550071,10.1567712],[76.354925,10.1566586],[76.3548038,10.1564477],[76.3547554,10.1563636],[76.3547197,10.1562767],[76.3546612,10.156134],[76.354616,10.1560238],[76.3545848,10.1559117],[76.3545353,10.1557338],[76.3545199,10.1556783]]},"properties":{"id":"osm-way-1012202823","kind":"route","name":"Salem - Kochi - Kanyakumari Highway","description":"OpenStreetMap trunk road segment","class":"trunk","osm_id":"1012202823","highway":"trunk","bridge":null,"tunnel":null,"source":"OpenStreetMap","is_simulated":false}},{"type":"Feature","id":"osm-way-1012568822","geometry":{"type":"LineString","coordinates":[[76.3550425,10.15695],[76.3551368,10.1570263],[76.3552949,10.1571362],[76.3554821,10.1572555],[76.3564221,10.1578074]]},"properties":{"id":"osm-way-1012568822","kind":"route","name":"Salem - Kochi - Kanyakumari Highway","description":"OpenStreetMap trunk road segment","class":"trunk","osm_id":"1012568822","highway":"trunk","bridge":null,"tunnel":null,"source":"OpenStreetMap","is_simulated":false}},{"type":"Feature","id":"osm-way-256294435","geometry":{"type":"LineString","coordinates":[[76.3564221,10.1578074],[76.3564572,10.1577272]]},"properties":{"id":"osm-way-256294435","kind":"route","name":"Unnamed trunk road · OSM 256294435","description":"OpenStreetMap trunk link road segment","class":"trunk","osm_id":"256294435","highway":"trunk_link","bridge":null,"tunnel":null,"source":"OpenStreetMap","is_simulated":false}},{"type":"Feature","id":"osm-way-255220638","geometry":{"type":"LineString","coordinates":[[76.2634668,10.0421211],[76.2639169,10.0426439],[76.2642763,10.0431087],[76.2643771,10.0432509],[76.2645553,10.0435022],[76.2653304,10.0445983],[76.265537,10.0448888],[76.2658374,10.0452638],[76.2660251,10.0454936],[76.2661678,10.0456642],[76.2663261,10.0458253],[76.2665514,10.0460525],[76.2668196,10.0463086],[76.2671039,10.0465675],[76.2672702,10.0467101],[76.2675572,10.0469557],[76.2677471,10.0471205],[76.2679617,10.0472843],[76.2682272,10.0474771],[76.2684847,10.047654],[76.268879,10.0478996],[76.2692223,10.0481003],[76.2700323,10.0485044]]},"properties":{"id":"osm-way-255220638","kind":"route","name":"Vallarpadam ICT Highway","description":"OpenStreetMap trunk road segment","class":"trunk","osm_id":"255220638","highway":"trunk","bridge":"yes","tunnel":null,"source":"OpenStreetMap","is_simulated":false}},{"type":"Feature","id":"osm-way-255207249","geometry":{"type":"LineString","coordinates":[[76.269258,10.0480242],[76.2689126,10.0478168],[76.2684758,10.047552],[76.2680309,10.0472423],[76.2676774,10.046957],[76.2671175,10.0464717],[76.2666322,10.0460197],[76.2663324,10.0457083],[76.266122,10.0454666],[76.2658214,10.0451127],[76.2655172,10.0447231],[76.2644095,10.0431636],[76.264328,10.0430488],[76.2637116,10.0422616],[76.2635252,10.0420403]]},"properties":{"id":"osm-way-255207249","kind":"route","name":"Vallarpadam ICT Highway","description":"OpenStreetMap trunk road segment","class":"trunk","osm_id":"255207249","highway":"trunk","bridge":"yes","tunnel":null,"source":"OpenStreetMap","is_simulated":false}},{"type":"Feature","id":"osm-way-896039580","geometry":{"type":"LineString","coordinates":[[76.3125614,10.0080949],[76.3134456,10.002752]]},"properties":{"id":"osm-way-896039580","kind":"route","name":"Salem - Kochi - Kanyakumari Road","description":"OpenStreetMap trunk road segment","class":"trunk","osm_id":"896039580","highway":"trunk","bridge":"yes","tunnel":null,"source":"OpenStreetMap","is_simulated":false}},{"type":"Feature","id":"osm-way-896039582","geometry":{"type":"LineString","coordinates":[[76.3135302,10.0015699],[76.3133638,10.0027431]]},"properties":{"id":"osm-way-896039582","kind":"route","name":"Salem - Kochi - Kanyakumari Road","description":"OpenStreetMap trunk road segment","class":"trunk","osm_id":"896039582","highway":"trunk","bridge":"yes","tunnel":null,"source":"OpenStreetMap","is_simulated":false}},{"type":"Feature","id":"osm-way-896039581","geometry":{"type":"LineString","coordinates":[[76.3134456,10.002752],[76.313622,10.0015842]]},"properties":{"id":"osm-way-896039581","kind":"route","name":"Salem - Kochi - Kanyakumari Road","description":"OpenStreetMap trunk road segment","class":"trunk","osm_id":"896039581","highway":"trunk","bridge":"yes","tunnel":null,"source":"OpenStreetMap","is_simulated":false}},{"type":"Feature","id":"osm-way-1447073826","geometry":{"type":"LineString","coordinates":[[76.3137206,10.0015947],[76.313622,10.0015842]]},"properties":{"id":"osm-way-1447073826","kind":"route","name":"Salem - Kochi - Kanyakumari Road","description":"OpenStreetMap trunk link road segment","class":"trunk","osm_id":"1447073826","highway":"trunk_link","bridge":null,"tunnel":null,"source":"OpenStreetMap","is_simulated":false}},{"type":"Feature","id":"osm-way-1447073825","geometry":{"type":"LineString","coordinates":[[76.3135302,10.0015699],[76.3134555,10.0015576]]},"properties":{"id":"osm-way-1447073825","kind":"route","name":"Salem - Kochi - Kanyakumari Road","description":"OpenStreetMap trunk link road segment","class":"trunk","osm_id":"1447073825","highway":"trunk_link","bridge":null,"tunnel":null,"source":"OpenStreetMap","is_simulated":false}},{"type":"Feature","id":"osm-way-794868096","geometry":{"type":"LineString","coordinates":[[76.370082,10.164467],[76.3700837,10.1644263],[76.3701041,10.1639462],[76.3701039,10.1637602],[76.3700706,10.1636031],[76.3699193,10.1633364],[76.3697799,10.1631406],[76.369582,10.1629141],[76.3693616,10.1627205],[76.3691935,10.1626149],[76.3691227,10.1625704],[76.3690533,10.162539],[76.3689293,10.1624829],[76.368831,10.1624384],[76.3686647,10.1623799],[76.368577,10.1623511],[76.3684135,10.1623246],[76.3682241,10.1623108],[76.368123,10.1623035],[76.3679125,10.1622935],[76.3676517,10.1622811],[76.3674658,10.1622723],[76.3672918,10.1622641],[76.3671064,10.1622553],[76.3668595,10.162233],[76.3666328,10.1622014],[76.3665528,10.1621827],[76.3663962,10.162146],[76.3661466,10.1620876],[76.365999,10.1620547],[76.3658418,10.1620092],[76.3657264,10.1619797],[76.3655614,10.1619375],[76.3652154,10.1618489],[76.3650125,10.161797],[76.3647204,10.1617222],[76.3645118,10.1616688],[76.3643698,10.1616325],[76.3641213,10.1615561],[76.3639574,10.1615057],[76.3637291,10.1614355],[76.3635736,10.1613877],[76.3632924,10.1613013],[76.3630961,10.161241],[76.3629116,10.1611823],[76.3627289,10.1611242],[76.3624155,10.1610245],[76.3622123,10.1609598],[76.3621009,10.1609185],[76.3619799,10.1608736],[76.3618079,10.1607789],[76.3616504,10.1606676],[76.3615198,10.1605733],[76.3614418,10.160517],[76.3613846,10.1604756],[76.3613112,10.1604174],[76.3609486,10.1601298],[76.3607395,10.1599815],[76.3604778,10.1598439],[76.3602671,10.159754],[76.3600052,10.1596632],[76.3598726,10.1596225],[76.3598379,10.1596119],[76.3597892,10.1595931],[76.3590845,10.1594217],[76.359077,10.1594199],[76.3589746,10.159396],[76.358842,10.1593651],[76.3586881,10.1593293],[76.3585803,10.1593041],[76.3585462,10.1592962],[76.3584511,10.1592611],[76.3584122,10.1592468],[76.3583092,10.1591858],[76.3582773,10.159167],[76.3581595,10.1590662],[76.3580182,10.1589454],[76.357903,10.1588468],[76.3578226,10.1587759],[76.3576196,10.1585969],[76.3573707,10.1583775],[76.3572632,10.1582828],[76.3571824,10.1582116],[76.3570102,10.1580795],[76.3569448,10.1580293],[76.3567605,10.1579044],[76.3565815,10.1577998],[76.3564572,10.1577272]]},"properties":{"id":"osm-way-794868096","kind":"route","name":"Salem - Kochi - Kanyakumari Highway","description":"OpenStreetMap trunk road segment","class":"trunk","osm_id":"794868096","highway":"trunk","bridge":null,"tunnel":null,"source":"OpenStreetMap","is_simulated":false}},{"type":"Feature","id":"osm-way-232005122","geometry":{"type":"LineString","coordinates":[[76.3138904,9.9991809],[76.3140036,9.9991897]]},"properties":{"id":"osm-way-232005122","kind":"route","name":"Unnamed trunk road · OSM 232005122","description":"OpenStreetMap trunk link road segment","class":"trunk","osm_id":"232005122","highway":"trunk_link","bridge":null,"tunnel":null,"source":"OpenStreetMap","is_simulated":false}},{"type":"Feature","id":"osm-way-585847777","geometry":{"type":"LineString","coordinates":[[76.3564221,10.1578074],[76.3571351,10.1582772],[76.3580572,10.1590858],[76.3582144,10.1592089],[76.3583286,10.1592891],[76.3584332,10.1593383],[76.3585446,10.1593708],[76.3586262,10.1594009],[76.3586741,10.1594067],[76.3590658,10.1594926],[76.359268,10.1595445],[76.3595976,10.1596133],[76.3598326,10.1596846],[76.3601702,10.1597948],[76.3605513,10.1599617],[76.3608582,10.1601598],[76.3613881,10.1605768],[76.3616003,10.1607401],[76.3617619,10.160849],[76.3618208,10.1608851],[76.3619154,10.1609349],[76.3620857,10.1610033],[76.3622983,10.16107],[76.3628358,10.1612454],[76.3640798,10.1616243],[76.364312,10.1616936],[76.3644274,10.161724],[76.3645355,10.1617521],[76.3652952,10.16195],[76.3655325,10.1620079],[76.3658175,10.1620775],[76.3659219,10.1621031],[76.3661479,10.1621586],[76.3664717,10.1622434],[76.3666432,10.1622756],[76.3667779,10.1623006],[76.3670451,10.1623285],[76.3674359,10.162354],[76.3680584,10.1623781],[76.3682018,10.1623836],[76.3684321,10.1624096],[76.3686429,10.1624569],[76.3687808,10.1625049],[76.3690107,10.1626025],[76.3692883,10.1627664],[76.3695018,10.1629424],[76.369683,10.1631433],[76.3698295,10.163346],[76.3699423,10.1635426],[76.3700039,10.1637321],[76.3700233,10.1638779],[76.3700194,10.1640376],[76.3700192,10.1640462],[76.3700017,10.1644886]]},"properties":{"id":"osm-way-585847777","kind":"route","name":"Salem - Kochi - Kanyakumari Highway","description":"OpenStreetMap trunk road segment","class":"trunk","osm_id":"585847777","highway":"trunk","bridge":null,"tunnel":null,"source":"OpenStreetMap","is_simulated":false}},{"type":"Feature","id":"osm-way-1032466168","geometry":{"type":"LineString","coordinates":[[76.2631423,10.0418059],[76.2634668,10.0421211]]},"properties":{"id":"osm-way-1032466168","kind":"route","name":"Vallarpadam ICT Highway","description":"OpenStreetMap trunk road segment","class":"trunk","osm_id":"1032466168","highway":"trunk","bridge":null,"tunnel":null,"source":"OpenStreetMap","is_simulated":false}},{"type":"Feature","id":"osm-way-1032466166","geometry":{"type":"LineString","coordinates":[[76.2635252,10.0420403],[76.2634132,10.0419272]]},"properties":{"id":"osm-way-1032466166","kind":"route","name":"Vallarpadam ICT Highway","description":"OpenStreetMap trunk road segment","class":"trunk","osm_id":"1032466166","highway":"trunk","bridge":null,"tunnel":null,"source":"OpenStreetMap","is_simulated":false}},{"type":"Feature","id":"osm-way-1032466167","geometry":{"type":"LineString","coordinates":[[76.2629932,10.0416547],[76.2631423,10.0418059]]},"properties":{"id":"osm-way-1032466167","kind":"route","name":"Vallarpadam ICT Highway","description":"OpenStreetMap trunk road segment","class":"trunk","osm_id":"1032466167","highway":"trunk","bridge":null,"tunnel":null,"source":"OpenStreetMap","is_simulated":false}},{"type":"Feature","id":"osm-way-1078185253","geometry":{"type":"LineString","coordinates":[[76.3142594,9.9976155],[76.3143488,9.9976342]]},"properties":{"id":"osm-way-1078185253","kind":"route","name":"Unnamed trunk road · OSM 1078185253","description":"OpenStreetMap trunk link road segment","class":"trunk","osm_id":"1078185253","highway":"trunk_link","bridge":null,"tunnel":null,"source":"OpenStreetMap","is_simulated":false}},{"type":"Feature","id":"osm-way-46513969","geometry":{"type":"LineString","coordinates":[[76.3686429,10.1624569],[76.3686647,10.1623799]]},"properties":{"id":"osm-way-46513969","kind":"route","name":"Unnamed trunk road · OSM 46513969","description":"OpenStreetMap trunk link road segment","class":"trunk","osm_id":"46513969","highway":"trunk_link","bridge":null,"tunnel":null,"source":"OpenStreetMap","is_simulated":false}},{"type":"Feature","id":"osm-way-272363652","geometry":{"type":"LineString","coordinates":[[76.2639835,10.1005406],[76.26391,10.1008367],[76.2637651,10.1013668],[76.263706,10.1015773],[76.2636544,10.1017719],[76.2636444,10.1018097],[76.2636191,10.1019049],[76.2635318,10.1021973],[76.2634767,10.1024832],[76.2634486,10.102629],[76.2634486,10.1026674],[76.2634486,10.1027901],[76.263501,10.1030509],[76.2635506,10.1032733],[76.2635955,10.1035757],[76.2636015,10.1037302],[76.2635828,10.1039757],[76.2635398,10.1041527],[76.2634191,10.1044115],[76.2633582,10.1044953],[76.2633371,10.1045244],[76.2632409,10.1046696],[76.2631479,10.1047848],[76.262868,10.1051608],[76.2626431,10.1055117],[76.2625779,10.1056056],[76.2625526,10.105642],[76.2624389,10.105813],[76.2623349,10.1059746],[76.262274,10.1060838],[76.2621447,10.1063935],[76.2620396,10.106691],[76.2618676,10.1071967],[76.2618272,10.1073096],[76.2617047,10.107652],[76.2616289,10.1079248],[76.261494,10.1084297],[76.2614304,10.1087045],[76.2613483,10.1089293],[76.2612548,10.1091415],[76.2611737,10.1093282],[76.2611166,10.1094597],[76.2610385,10.1097603],[76.2609342,10.110199],[76.2608537,10.1104367],[76.2607536,10.1107496],[76.2606591,10.1110332],[76.2605801,10.111308],[76.2604932,10.1117147],[76.2604801,10.111819],[76.2604228,10.1121462],[76.2603494,10.1125359],[76.2602708,10.1128955],[76.260211,10.1132859],[76.2601617,10.1134918],[76.2601125,10.1136402],[76.2600598,10.1138218],[76.2599703,10.1140311],[76.2598801,10.1142206],[76.2597991,10.11437],[76.2596372,10.1146044],[76.2595198,10.1147547],[76.2593812,10.114915],[76.2589493,10.1154352],[76.2587374,10.1157521],[76.2585825,10.1160687],[76.2585014,10.1161904],[76.2583784,10.1163306],[76.2582815,10.1164122],[76.2581417,10.1164868],[76.257973,10.1165653],[76.2577756,10.1166488],[76.2575895,10.1166894],[76.2574612,10.1167482],[76.2571013,10.117038],[76.2568706,10.1171647],[76.2566128,10.1173117],[76.256539,10.1174616],[76.2565097,10.1175212],[76.2563834,10.117858],[76.2562564,10.1183556],[76.256184,10.1186593],[76.2561357,10.1189074],[76.256027,10.1192191],[76.2559091,10.11945],[76.2558135,10.1196149],[76.2557355,10.1197139],[76.2554922,10.1200017],[76.2553793,10.1201036],[76.255253,10.1201999],[76.2551622,10.1203301],[76.2551253,10.1204791],[76.2550722,10.1206933],[76.2550194,10.1209796],[76.2549582,10.1212522],[76.2549261,10.1213415],[76.2548603,10.1215248],[76.2547651,10.1217407],[76.2546772,10.1219885],[76.25458,10.1223506],[76.2545111,10.1225029],[76.2543038,10.1227652],[76.2540451,10.1230432],[76.2539761,10.12313],[76.2537754,10.1233519],[76.2535405,10.1236174],[76.2533972,10.1236682],[76.2532513,10.1236721],[76.2527343,10.1237416],[76.2523967,10.1238953],[76.2521247,10.1240137],[76.2518777,10.1241084],[76.2516538,10.1241943],[76.2514553,10.1242704],[76.2510663,10.12436],[76.2507164,10.1244372],[76.2504451,10.1244764],[76.25021,10.124461],[76.2500232,10.1244364]]},"properties":{"id":"osm-way-272363652","kind":"route","name":"Kodungallur-Paravur-Ernakulam Highway","description":"OpenStreetMap trunk road segment","class":"trunk","osm_id":"272363652","highway":"trunk","bridge":null,"tunnel":null,"source":"OpenStreetMap","is_simulated":false}},{"type":"Feature","id":"osm-way-255207242","geometry":{"type":"LineString","coordinates":[[76.2634132,10.0419272],[76.2633669,10.0418805],[76.2629072,10.0413751],[76.2620748,10.0405775],[76.2614186,10.0400448],[76.259826,10.0388362],[76.2593643,10.0384566]]},"properties":{"id":"osm-way-255207242","kind":"route","name":"Vallarpadam ICT Highway","description":"OpenStreetMap trunk road segment","class":"trunk","osm_id":"255207242","highway":"trunk","bridge":null,"tunnel":null,"source":"OpenStreetMap","is_simulated":false}},{"type":"Feature","id":"osm-way-761668303","geometry":{"type":"LineString","coordinates":[[76.3143867,9.9956536],[76.3144969,9.9956769]]},"properties":{"id":"osm-way-761668303","kind":"route","name":"Unnamed trunk road · OSM 761668303","description":"OpenStreetMap trunk link road segment","class":"trunk","osm_id":"761668303","highway":"trunk_link","bridge":null,"tunnel":null,"source":"OpenStreetMap","is_simulated":false}},{"type":"Feature","id":"osm-way-255220643","geometry":{"type":"LineString","coordinates":[[76.2593035,10.0385501],[76.2598399,10.039007],[76.2611435,10.0399473],[76.2624846,10.0411331],[76.2629932,10.0416547]]},"properties":{"id":"osm-way-255220643","kind":"route","name":"Vallarpadam ICT Highway","description":"OpenStreetMap trunk road segment","class":"trunk","osm_id":"255220643","highway":"trunk","bridge":null,"tunnel":null,"source":"OpenStreetMap","is_simulated":false}},{"type":"Feature","id":"osm-way-232005123","geometry":{"type":"LineString","coordinates":[[76.3145976,9.9950287],[76.3147047,9.9950418]]},"properties":{"id":"osm-way-232005123","kind":"route","name":"Unnamed trunk road · OSM 232005123","description":"OpenStreetMap trunk link road segment","class":"trunk","osm_id":"232005123","highway":"trunk_link","bridge":null,"tunnel":null,"source":"OpenStreetMap","is_simulated":false}},{"type":"Feature","id":"osm-way-794868097","geometry":{"type":"LineString","coordinates":[[76.3700785,10.1645478],[76.370082,10.164467]]},"properties":{"id":"osm-way-794868097","kind":"route","name":"Salem - Kochi - Kanyakumari Highway","description":"OpenStreetMap trunk road segment","class":"trunk","osm_id":"794868097","highway":"trunk","bridge":"yes","tunnel":null,"source":"OpenStreetMap","is_simulated":false}},{"type":"Feature","id":"osm-way-794868099","geometry":{"type":"LineString","coordinates":[[76.3700017,10.1644886],[76.3699996,10.1645425]]},"properties":{"id":"osm-way-794868099","kind":"route","name":"Salem - Kochi - Kanyakumari Highway","description":"OpenStreetMap trunk road segment","class":"trunk","osm_id":"794868099","highway":"trunk","bridge":"yes","tunnel":null,"source":"OpenStreetMap","is_simulated":false}},{"type":"Feature","id":"osm-way-761889852","geometry":{"type":"LineString","coordinates":[[76.3148497,9.992925],[76.3149461,9.9929422]]},"properties":{"id":"osm-way-761889852","kind":"route","name":"Unnamed trunk road · OSM 761889852","description":"OpenStreetMap trunk link road segment","class":"trunk","osm_id":"761889852","highway":"trunk_link","bridge":null,"tunnel":null,"source":"OpenStreetMap","is_simulated":false}},{"type":"Feature","id":"osm-way-255220649","geometry":{"type":"LineString","coordinates":[[76.258362,10.0378159],[76.2593035,10.0385501]]},"properties":{"id":"osm-way-255220649","kind":"route","name":"Vallarpadam ICT Highway","description":"OpenStreetMap trunk road segment","class":"trunk","osm_id":"255220649","highway":"trunk","bridge":"yes","tunnel":null,"source":"OpenStreetMap","is_simulated":false}},{"type":"Feature","id":"osm-way-255207240","geometry":{"type":"LineString","coordinates":[[76.2593643,10.0384566],[76.2584161,10.0377082]]},"properties":{"id":"osm-way-255207240","kind":"route","name":"Vallarpadam ICT Highway","description":"OpenStreetMap trunk road segment","class":"trunk","osm_id":"255207240","highway":"trunk","bridge":"yes","tunnel":null,"source":"OpenStreetMap","is_simulated":false}},{"type":"Feature","id":"osm-way-761668304","geometry":{"type":"LineString","coordinates":[[76.3153859,9.9904989],[76.3154427,9.9905077],[76.3154995,9.9905164]]},"properties":{"id":"osm-way-761668304","kind":"route","name":"Unnamed trunk road · OSM 761668304","description":"OpenStreetMap trunk link road segment","class":"trunk","osm_id":"761668304","highway":"trunk_link","bridge":null,"tunnel":null,"source":"OpenStreetMap","is_simulated":false}},{"type":"Feature","id":"osm-way-622675579","geometry":{"type":"LineString","coordinates":[[76.2569942,10.0368304],[76.2572972,10.0370341],[76.258362,10.0378159]]},"properties":{"id":"osm-way-622675579","kind":"route","name":"Vallarpadam ICT Highway","description":"OpenStreetMap trunk road segment","class":"trunk","osm_id":"622675579","highway":"trunk","bridge":null,"tunnel":null,"source":"OpenStreetMap","is_simulated":false}},{"type":"Feature","id":"osm-way-622675583","geometry":{"type":"LineString","coordinates":[[76.2584161,10.0377082],[76.2573261,10.0368939],[76.2570438,10.0367163]]},"properties":{"id":"osm-way-622675583","kind":"route","name":"Vallarpadam ICT Highway","description":"OpenStreetMap trunk road segment","class":"trunk","osm_id":"622675583","highway":"trunk","bridge":null,"tunnel":null,"source":"OpenStreetMap","is_simulated":false}},{"type":"Feature","id":"osm-way-254993626","geometry":{"type":"LineString","coordinates":[[76.3174238,9.9766135],[76.317263,9.9782879],[76.3171923,9.9789979],[76.3171406,9.9794449],[76.3171195,9.9796279],[76.3169647,9.9807672],[76.3169303,9.9810204],[76.3168572,9.9814899],[76.3167203,9.9823689],[76.3166071,9.9830962],[76.3162195,9.9854356],[76.3162074,9.9855092],[76.3161601,9.9857972],[76.3159832,9.9868733],[76.3156594,9.9888279],[76.3155802,9.9893059],[76.3155181,9.989681],[76.3155126,9.9897143],[76.3153859,9.9904989],[76.3151565,9.9917512],[76.3149665,9.9927766],[76.3149461,9.9929422],[76.3148243,9.9936694],[76.3145976,9.9950287],[76.3144969,9.9956769],[76.3144397,9.9959738],[76.3142186,9.9971862],[76.3140456,9.998178],[76.3139816,9.9986048],[76.3138904,9.9991809],[76.31368,10.0004705],[76.3135302,10.0015699]]},"properties":{"id":"osm-way-254993626","kind":"route","name":"Salem - Kochi - Kanyakumari Road","description":"OpenStreetMap trunk road segment","class":"trunk","osm_id":"254993626","highway":"trunk","bridge":null,"tunnel":null,"source":"OpenStreetMap","is_simulated":false}},{"type":"Feature","id":"osm-way-1042838375","geometry":{"type":"LineString","coordinates":[[76.3154492,9.9896676],[76.3155181,9.989681]]},"properties":{"id":"osm-way-1042838375","kind":"route","name":"Unnamed trunk road · OSM 1042838375","description":"OpenStreetMap trunk link road segment","class":"trunk","osm_id":"1042838375","highway":"trunk_link","bridge":null,"tunnel":null,"source":"OpenStreetMap","is_simulated":false}},{"type":"Feature","id":"osm-way-254994083","geometry":{"type":"LineString","coordinates":[[76.313622,10.0015842],[76.3137968,10.0004343],[76.3140036,9.9991897],[76.3140949,9.9986217],[76.3141785,9.9980889],[76.3142121,9.9978923],[76.3142594,9.9976155],[76.3143478,9.9970987],[76.3145369,9.9959631],[76.3147047,9.9950418],[76.3148797,9.9940102],[76.3150581,9.9929418],[76.3151516,9.9923513],[76.3154995,9.9905164],[76.3156433,9.9896419],[76.3156938,9.9893193],[76.3157771,9.9888365],[76.3157988,9.9887059],[76.3159893,9.9875592],[76.3160977,9.9868951],[76.3163215,9.9855247],[76.3163459,9.9853752],[76.3163844,9.9851388],[76.3167086,9.9831486],[76.3168256,9.9823899],[76.3170714,9.9807969],[76.3172562,9.9795501],[76.3173449,9.9789262],[76.3174218,9.9784229],[76.3175297,9.977378],[76.3176077,9.9766242]]},"properties":{"id":"osm-way-254994083","kind":"route","name":"Salem - Kochi - Kanyakumari Road","description":"OpenStreetMap trunk road segment","class":"trunk","osm_id":"254994083","highway":"trunk","bridge":null,"tunnel":null,"source":"OpenStreetMap","is_simulated":false}},{"type":"Feature","id":"osm-way-622675584","geometry":{"type":"LineString","coordinates":[[76.2570438,10.0367163],[76.2558156,10.0359437],[76.2552779,10.0356054]]},"properties":{"id":"osm-way-622675584","kind":"route","name":"Vallarpadam ICT Highway","description":"OpenStreetMap trunk road segment","class":"trunk","osm_id":"622675584","highway":"trunk","bridge":"yes","tunnel":null,"source":"OpenStreetMap","is_simulated":false}},{"type":"Feature","id":"osm-way-751821971","geometry":{"type":"LineString","coordinates":[[76.2557576,10.0360238],[76.2558156,10.0359437]]},"properties":{"id":"osm-way-751821971","kind":"route","name":"Unnamed trunk road · OSM 751821971","description":"OpenStreetMap trunk link road segment","class":"trunk","osm_id":"751821971","highway":"trunk_link","bridge":null,"tunnel":null,"source":"OpenStreetMap","is_simulated":false}},{"type":"Feature","id":"osm-way-622675575","geometry":{"type":"LineString","coordinates":[[76.2553835,10.0357898],[76.2556021,10.0359248],[76.2557576,10.0360238],[76.2564604,10.0364715],[76.2569942,10.0368304]]},"properties":{"id":"osm-way-622675575","kind":"route","name":"Vallarpadam ICT Highway","description":"OpenStreetMap trunk road segment","class":"trunk","osm_id":"622675575","highway":"trunk","bridge":"yes","tunnel":null,"source":"OpenStreetMap","is_simulated":false}},{"type":"Feature","id":"osm-way-1081664484","geometry":{"type":"LineString","coordinates":[[76.3719991,10.1694968],[76.3720836,10.1694598]]},"properties":{"id":"osm-way-1081664484","kind":"route","name":"Unnamed trunk road · OSM 1081664484","description":"OpenStreetMap trunk link road segment","class":"trunk","osm_id":"1081664484","highway":"trunk_link","bridge":null,"tunnel":null,"source":"OpenStreetMap","is_simulated":false}},{"type":"Feature","id":"osm-way-1116273025","geometry":{"type":"LineString","coordinates":[[76.3159832,9.9868733],[76.3160977,9.9868951]]},"properties":{"id":"osm-way-1116273025","kind":"route","name":"Unnamed trunk road · OSM 1116273025","description":"OpenStreetMap trunk link road segment","class":"trunk","osm_id":"1116273025","highway":"trunk_link","bridge":null,"tunnel":null,"source":"OpenStreetMap","is_simulated":false}},{"type":"Feature","id":"osm-way-257589335","geometry":{"type":"LineString","coordinates":[[76.3775174,10.1771159],[76.3774823,10.1770866],[76.3774114,10.1770168],[76.3773447,10.1769612],[76.3772691,10.1769168],[76.3771449,10.1768451],[76.3769773,10.1767751],[76.3768395,10.1767057],[76.3766951,10.176633],[76.3766024,10.1765864],[76.3765408,10.1765554],[76.3763618,10.17645],[76.3762352,10.1763454],[76.3760917,10.1761928],[76.3759943,10.1760649],[76.3758382,10.1758599],[76.3756901,10.1756655],[76.375573,10.1755117],[76.3754266,10.1753194],[76.3753557,10.1752263],[76.3752668,10.1751095],[76.375176,10.1749903],[76.3750156,10.1747797],[76.3749015,10.1746299],[76.3747948,10.17448],[76.3746793,10.1743176],[76.3746016,10.1742085],[76.3745648,10.1741499],[76.3744922,10.1740343],[76.3744153,10.173912],[76.3743368,10.1737643],[76.3743008,10.1736965],[76.3742321,10.1735671],[76.3741026,10.1733166],[76.3740104,10.1731382],[76.3739672,10.1730545],[76.3739216,10.1729663],[76.3738499,10.1728168],[76.3737788,10.1726687],[76.3737127,10.1725308],[76.3736396,10.1723786],[76.3735633,10.1722013],[76.3735096,10.1720766],[76.3734463,10.1719294],[76.373349,10.1717032],[76.3732139,10.1714182],[76.3732102,10.1714104],[76.3731237,10.1712303],[76.3730316,10.1710387],[76.3729672,10.1709047],[76.3729635,10.1708984],[76.3728498,10.1707029],[76.3727855,10.1705937],[76.3726708,10.1704097],[76.3726317,10.1703471],[76.3725793,10.1702692],[76.3724495,10.1700763],[76.3723431,10.1699181],[76.372215,10.1697276],[76.3721625,10.1696257],[76.372112,10.1695278],[76.3720836,10.1694598],[76.3720553,10.1693922],[76.3720173,10.1693015],[76.3719725,10.1691694],[76.3718983,10.1689508],[76.3718577,10.1688313],[76.3718134,10.1687009],[76.3717792,10.1686001],[76.3717136,10.1684068],[76.3716566,10.1682607],[76.3715989,10.1681124],[76.3715447,10.1679734],[76.371372,10.1675924],[76.3712755,10.1674056],[76.3711586,10.1671792],[76.3710837,10.1670377],[76.3710081,10.1668949],[76.3709406,10.1667675],[76.3708859,10.1666642],[76.3707518,10.1664109],[76.370659,10.1662355],[76.370575,10.1660769],[76.3705211,10.1659751],[76.3704767,10.1658912],[76.3704246,10.1657803],[76.3703608,10.1656446],[76.3702935,10.1655014],[76.3702585,10.1654269],[76.370193,10.1652262],[76.3701537,10.1651056],[76.3700953,10.164862],[76.3700742,10.1646493],[76.3700785,10.1645478]]},"properties":{"id":"osm-way-257589335","kind":"route","name":"Salem - Kochi - Kanyakumari Highway","description":"OpenStreetMap trunk road segment","class":"trunk","osm_id":"257589335","highway":"trunk","bridge":null,"tunnel":null,"source":"OpenStreetMap","is_simulated":false}},{"type":"Feature","id":"osm-way-1116273026","geometry":{"type":"LineString","coordinates":[[76.3163844,9.9851388],[76.3164586,9.9851579]]},"properties":{"id":"osm-way-1116273026","kind":"route","name":"Unnamed trunk road · OSM 1116273026","description":"OpenStreetMap trunk link road segment","class":"trunk","osm_id":"1116273026","highway":"trunk_link","bridge":null,"tunnel":null,"source":"OpenStreetMap","is_simulated":false}},{"type":"Feature","id":"osm-way-255207236","geometry":{"type":"LineString","coordinates":[[76.2552779,10.0356054],[76.2545913,10.0351735],[76.2539775,10.0347534],[76.2531959,10.0340786],[76.2523094,10.0333133],[76.2519759,10.0329899],[76.2515042,10.0324051],[76.2511915,10.0319059],[76.2509875,10.0314832]]},"properties":{"id":"osm-way-255207236","kind":"route","name":"Vallarpadam ICT Highway","description":"OpenStreetMap trunk road segment","class":"trunk","osm_id":"255207236","highway":"trunk","bridge":null,"tunnel":null,"source":"OpenStreetMap","is_simulated":false}},{"type":"Feature","id":"osm-way-255220653","geometry":{"type":"LineString","coordinates":[[76.2509001,10.031551],[76.2509994,10.0317887],[76.2511871,10.0321215],[76.2514312,10.0325018],[76.2516726,10.0328188],[76.2519328,10.0331093],[76.2522225,10.0333734],[76.2532524,10.034319],[76.2535421,10.0345514],[76.2539337,10.0348578],[76.2548537,10.0354626],[76.2553835,10.0357898]]},"properties":{"id":"osm-way-255220653","kind":"route","name":"Vallarpadam ICT Highway","description":"OpenStreetMap trunk road segment","class":"trunk","osm_id":"255220653","highway":"trunk","bridge":null,"tunnel":null,"source":"OpenStreetMap","is_simulated":false}},{"type":"Feature","id":"osm-way-794868098","geometry":{"type":"LineString","coordinates":[[76.3699996,10.1645425],[76.3699933,10.1647021],[76.3700086,10.1648408],[76.3700279,10.1649769],[76.3700623,10.1651025],[76.3701079,10.1652379],[76.3701968,10.1654742],[76.3702857,10.165675],[76.3704418,10.1659995],[76.3705123,10.1661393],[76.3706793,10.1664422],[76.3706823,10.1664479],[76.3711286,10.1672872],[76.3712911,10.1676139],[76.3715333,10.1681882],[76.3715767,10.1682658],[76.3717171,10.1686575],[76.3717488,10.1687806],[76.3718961,10.1692201],[76.3719991,10.1694968],[76.3720604,10.1696127],[76.3721265,10.1697378],[76.3722397,10.1699278],[76.372779,10.1707175],[76.3728499,10.170859],[76.3728887,10.1709364],[76.3728943,10.1709476],[76.3731389,10.1714508],[76.3732481,10.1716738],[76.3735252,10.1723157],[76.3737515,10.1727945],[76.3741535,10.1736012],[76.3743697,10.1740045],[76.3744177,10.174075],[76.3745803,10.1743176],[76.3747323,10.1745301],[76.3756014,10.1756753],[76.3759557,10.1761334],[76.3760284,10.1762273],[76.3761567,10.1763866],[76.3763207,10.1765187],[76.37649,10.1766209],[76.3767118,10.1767203],[76.376984,10.176853],[76.3770981,10.1769086],[76.3772039,10.1769626],[76.3773167,10.1770248],[76.3774695,10.1771923],[76.3775719,10.1773495],[76.3776223,10.1774444],[76.3776532,10.1774985],[76.3777536,10.1777057],[76.3779086,10.1780195],[76.3779876,10.1781673],[76.3780762,10.1783427],[76.3781561,10.1784819],[76.3782573,10.178625],[76.3783519,10.1787762],[76.3784227,10.1788599],[76.378533,10.1790079],[76.3785571,10.1790403],[76.3786409,10.1791346],[76.3788371,10.1793166]]},"properties":{"id":"osm-way-794868098","kind":"route","name":"Salem - Kochi - Kanyakumari Highway","description":"OpenStreetMap trunk road segment","class":"trunk","osm_id":"794868098","highway":"trunk","bridge":null,"tunnel":null,"source":"OpenStreetMap","is_simulated":false}},{"type":"Feature","id":"osm-way-969154809","geometry":{"type":"LineString","coordinates":[[76.3167203,9.9823689],[76.3168256,9.9823899]]},"properties":{"id":"osm-way-969154809","kind":"route","name":"Unnamed trunk road · OSM 969154809","description":"OpenStreetMap trunk link road segment","class":"trunk","osm_id":"969154809","highway":"trunk_link","bridge":null,"tunnel":null,"source":"OpenStreetMap","is_simulated":false}},{"type":"Feature","id":"osm-way-272363650","geometry":{"type":"LineString","coordinates":[[76.2500232,10.1244364],[76.2491378,10.1242544],[76.2488515,10.124173]]},"properties":{"id":"osm-way-272363650","kind":"route","name":"Cheriyapilly Bridge","description":"OpenStreetMap trunk road segment","class":"trunk","osm_id":"272363650","highway":"trunk","bridge":"yes","tunnel":null,"source":"OpenStreetMap","is_simulated":false}},{"type":"Feature","id":"osm-way-255220651","geometry":{"type":"LineString","coordinates":[[76.2506322,10.0308334],[76.2509001,10.031551]]},"properties":{"id":"osm-way-255220651","kind":"route","name":"Vallarpadam ICT Highway","description":"OpenStreetMap trunk road segment","class":"trunk","osm_id":"255220651","highway":"trunk","bridge":"yes","tunnel":null,"source":"OpenStreetMap","is_simulated":false}},{"type":"Feature","id":"osm-way-255207245","geometry":{"type":"LineString","coordinates":[[76.2509875,10.0314832],[76.2507309,10.0307849]]},"properties":{"id":"osm-way-255207245","kind":"route","name":"Vallarpadam ICT Highway","description":"OpenStreetMap trunk road segment","class":"trunk","osm_id":"255207245","highway":"trunk","bridge":"yes","tunnel":null,"source":"OpenStreetMap","is_simulated":false}},{"type":"Feature","id":"osm-way-255220642","geometry":{"type":"LineString","coordinates":[[76.2513105,10.0255818],[76.250898,10.0269225],[76.2506534,10.0277054],[76.2505515,10.0280884],[76.2504549,10.0286404],[76.2504066,10.0291607],[76.2504227,10.0296995],[76.2504485,10.0299377],[76.2504924,10.030167],[76.2506322,10.0308334]]},"properties":{"id":"osm-way-255220642","kind":"route","name":"Vallarpadam ICT Highway","description":"OpenStreetMap trunk road segment","class":"trunk","osm_id":"255220642","highway":"trunk","bridge":null,"tunnel":null,"source":"OpenStreetMap","is_simulated":false}},{"type":"Feature","id":"osm-way-633160307","geometry":{"type":"LineString","coordinates":[[76.2488515,10.124173],[76.2485724,10.1240987],[76.2479871,10.1239323],[76.2476465,10.1238531],[76.2473609,10.1237696],[76.2472116,10.1237323],[76.2469217,10.1236482],[76.2466997,10.1235864],[76.2464601,10.123489],[76.2461474,10.1233788],[76.2460649,10.1233496],[76.2458092,10.1232371],[76.2454417,10.1230571],[76.2453888,10.1230339],[76.2453492,10.1230174],[76.2453126,10.1230149]]},"properties":{"id":"osm-way-633160307","kind":"route","name":"Kodungallur-Paravur-Ernakulam Highway","description":"OpenStreetMap trunk road segment","class":"trunk","osm_id":"633160307","highway":"trunk","bridge":null,"tunnel":null,"source":"OpenStreetMap","is_simulated":false}},{"type":"Feature","id":"osm-way-255207253","geometry":{"type":"LineString","coordinates":[[76.2507309,10.0307849],[76.2505875,10.0301249],[76.2505454,10.0298213],[76.2505124,10.0295],[76.2505245,10.0289495],[76.25059,10.0284162],[76.2507202,10.0278432],[76.2510085,10.0269554],[76.251388,10.0257174],[76.2514243,10.0255816]]},"properties":{"id":"osm-way-255207253","kind":"route","name":"Vallarpadam ICT Highway","description":"OpenStreetMap trunk road segment","class":"trunk","osm_id":"255207253","highway":"trunk","bridge":null,"tunnel":null,"source":"OpenStreetMap","is_simulated":false}},{"type":"Feature","id":"osm-way-751821970","geometry":{"type":"LineString","coordinates":[[76.250898,10.0269225],[76.2510085,10.0269554]]},"properties":{"id":"osm-way-751821970","kind":"route","name":"Unnamed trunk road · OSM 751821970","description":"OpenStreetMap trunk link road segment","class":"trunk","osm_id":"751821970","highway":"trunk_link","bridge":null,"tunnel":null,"source":"OpenStreetMap","is_simulated":false}},{"type":"Feature","id":"osm-way-255220641","geometry":{"type":"LineString","coordinates":[[76.251458,10.0250668],[76.2513105,10.0255818]]},"properties":{"id":"osm-way-255220641","kind":"route","name":"Vallarpadam ICT Highway","description":"OpenStreetMap trunk road segment","class":"trunk","osm_id":"255220641","highway":"trunk","bridge":"yes","tunnel":null,"source":"OpenStreetMap","is_simulated":false}},{"type":"Feature","id":"osm-way-255207227","geometry":{"type":"LineString","coordinates":[[76.2514243,10.0255816],[76.2515621,10.0250663]]},"properties":{"id":"osm-way-255207227","kind":"route","name":"Vallarpadam ICT Highway","description":"OpenStreetMap trunk road segment","class":"trunk","osm_id":"255207227","highway":"trunk","bridge":"yes","tunnel":null,"source":"OpenStreetMap","is_simulated":false}},{"type":"Feature","id":"osm-way-1018495167","geometry":{"type":"LineString","coordinates":[[76.2453126,10.1230149],[76.2452768,10.1230339],[76.2452593,10.1230715],[76.245118,10.1233916],[76.2447792,10.1239824],[76.2446109,10.1242288],[76.2444225,10.124492],[76.2443493,10.1246023]]},"properties":{"id":"osm-way-1018495167","kind":"route","name":"Kodungallur-Paravur-Ernakulam Highway","description":"OpenStreetMap trunk road segment","class":"trunk","osm_id":"1018495167","highway":"trunk","bridge":null,"tunnel":null,"source":"OpenStreetMap","is_simulated":false}},{"type":"Feature","id":"osm-way-255207237","geometry":{"type":"LineString","coordinates":[[76.2515621,10.0250663],[76.2516087,10.024892],[76.2518153,10.0240273],[76.2518414,10.0239321],[76.252202,10.0223268],[76.2531088,10.0191483],[76.2533429,10.0184935],[76.2538132,10.0174849],[76.25474,10.0159409]]},"properties":{"id":"osm-way-255207237","kind":"route","name":"Vallarpadam ICT Highway","description":"OpenStreetMap trunk road segment","class":"trunk","osm_id":"255207237","highway":"trunk","bridge":null,"tunnel":null,"source":"OpenStreetMap","is_simulated":false}},{"type":"Feature","id":"osm-way-1012202825","geometry":{"type":"LineString","coordinates":[[76.3789088,10.1791889],[76.3788156,10.1791054],[76.3786781,10.1789775],[76.3786328,10.1789353],[76.3785567,10.1788418],[76.3784575,10.17872],[76.3783995,10.1786404],[76.3782939,10.1784956],[76.3782218,10.1783895],[76.3781978,10.1783451],[76.3781437,10.1782448],[76.378081,10.1781327],[76.3780136,10.1780122],[76.3779764,10.1779453],[76.3779241,10.177851],[76.3778739,10.1777552],[76.3778195,10.1776516],[76.3777916,10.1775967],[76.3777296,10.1774747],[76.377659,10.1773276],[76.3775909,10.177219],[76.3775455,10.1771553],[76.3775174,10.1771159]]},"properties":{"id":"osm-way-1012202825","kind":"route","name":"Salem - Kochi - Kanyakumari Highway","description":"OpenStreetMap trunk road segment","class":"trunk","osm_id":"1012202825","highway":"trunk","bridge":null,"tunnel":null,"source":"OpenStreetMap","is_simulated":false}},{"type":"Feature","id":"osm-way-633160308","geometry":{"type":"LineString","coordinates":[[76.2443493,10.1246023],[76.2442743,10.1247325]]},"properties":{"id":"osm-way-633160308","kind":"route","name":"Kodungallur-Paravur-Ernakulam Highway","description":"OpenStreetMap trunk road segment","class":"trunk","osm_id":"633160308","highway":"trunk","bridge":"yes","tunnel":null,"source":"OpenStreetMap","is_simulated":false}},{"type":"Feature","id":"osm-way-719120207","geometry":{"type":"LineString","coordinates":[[76.3785571,10.1790403],[76.3786328,10.1789353]]},"properties":{"id":"osm-way-719120207","kind":"route","name":"Unnamed trunk road · OSM 719120207","description":"OpenStreetMap trunk link road segment","class":"trunk","osm_id":"719120207","highway":"trunk_link","bridge":null,"tunnel":null,"source":"OpenStreetMap","is_simulated":false}},{"type":"Feature","id":"osm-way-255220647","geometry":{"type":"LineString","coordinates":[[76.254623,10.0159015],[76.2541,10.0167652],[76.2537923,10.0172649],[76.2536789,10.0174493],[76.2535858,10.0176508],[76.2533919,10.01807],[76.2531371,10.0186352],[76.2526114,10.0203098],[76.2522252,10.0217573],[76.2517611,10.0236458],[76.2516592,10.024071],[76.251458,10.0250668]]},"properties":{"id":"osm-way-255220647","kind":"route","name":"Vallarpadam ICT Highway","description":"OpenStreetMap trunk road segment","class":"trunk","osm_id":"255220647","highway":"trunk","bridge":null,"tunnel":null,"source":"OpenStreetMap","is_simulated":false}},{"type":"Feature","id":"osm-way-255207257","geometry":{"type":"LineString","coordinates":[[76.25474,10.0159409],[76.2550651,10.0153343]]},"properties":{"id":"osm-way-255207257","kind":"route","name":"Vallarpadam ICT Highway","description":"OpenStreetMap trunk road segment","class":"trunk","osm_id":"255207257","highway":"trunk","bridge":"yes","tunnel":null,"source":"OpenStreetMap","is_simulated":false}},{"type":"Feature","id":"osm-way-255220645","geometry":{"type":"LineString","coordinates":[[76.2549701,10.0152657],[76.254623,10.0159015]]},"properties":{"id":"osm-way-255220645","kind":"route","name":"Vallarpadam ICT Highway","description":"OpenStreetMap trunk road segment","class":"trunk","osm_id":"255220645","highway":"trunk","bridge":"yes","tunnel":null,"source":"OpenStreetMap","is_simulated":false}},{"type":"Feature","id":"osm-way-254993629","geometry":{"type":"LineString","coordinates":[[76.3178589,9.9721204],[76.3176766,9.974119],[76.3175853,9.9749614],[76.3175229,9.9756152],[76.3174862,9.9760003],[76.3174546,9.9763311],[76.3174238,9.9766135]]},"properties":{"id":"osm-way-254993629","kind":"route","name":"Salem - Kochi - Kanyakumari Road","description":"OpenStreetMap trunk road segment","class":"trunk","osm_id":"254993629","highway":"trunk","bridge":"yes","tunnel":null,"source":"OpenStreetMap","is_simulated":false}},{"type":"Feature","id":"osm-way-1408495688","geometry":{"type":"LineString","coordinates":[[76.2550651,10.0153343],[76.2553447,10.0145803],[76.2554684,10.014323],[76.2558022,10.0137239],[76.2558598,10.0136279],[76.2560333,10.0133679],[76.2571027,10.011996],[76.2573178,10.0117707]]},"properties":{"id":"osm-way-1408495688","kind":"route","name":"Vallarpadam ICT Highway","description":"OpenStreetMap trunk road segment","class":"trunk","osm_id":"1408495688","highway":"trunk","bridge":null,"tunnel":null,"source":"OpenStreetMap","is_simulated":false}},{"type":"Feature","id":"osm-way-751821969","geometry":{"type":"LineString","coordinates":[[76.2554684,10.014323],[76.2553447,10.0142739]]},"properties":{"id":"osm-way-751821969","kind":"route","name":"Unnamed trunk road · OSM 751821969","description":"OpenStreetMap trunk link road segment","class":"trunk","osm_id":"751821969","highway":"trunk_link","bridge":null,"tunnel":null,"source":"OpenStreetMap","is_simulated":false}},{"type":"Feature","id":"osm-way-1408495687","geometry":{"type":"LineString","coordinates":[[76.2571579,10.0116644],[76.2570075,10.0119078],[76.2559574,10.0132813],[76.2556919,10.0136867],[76.2553447,10.0142739],[76.2553204,10.014322],[76.2549701,10.0152657]]},"properties":{"id":"osm-way-1408495687","kind":"route","name":"Vallarpadam ICT Highway","description":"OpenStreetMap trunk road segment","class":"trunk","osm_id":"1408495687","highway":"trunk","bridge":null,"tunnel":null,"source":"OpenStreetMap","is_simulated":false}},{"type":"Feature","id":"osm-way-1408495686","geometry":{"type":"LineString","coordinates":[[76.2573178,10.0117707],[76.2575402,10.011429],[76.2578466,10.011],[76.2580145,10.0106454],[76.2580969,10.0104713],[76.2582436,10.0100873],[76.2587856,10.0086094]]},"properties":{"id":"osm-way-1408495686","kind":"route","name":"Vallarpadam ICT Highway","description":"OpenStreetMap trunk road segment","class":"trunk","osm_id":"1408495686","highway":"trunk","bridge":null,"tunnel":null,"source":"OpenStreetMap","is_simulated":false}},{"type":"Feature","id":"osm-way-751821968","geometry":{"type":"LineString","coordinates":[[76.2573178,10.0117707],[76.2571579,10.0116644]]},"properties":{"id":"osm-way-751821968","kind":"route","name":"Unnamed trunk road · OSM 751821968","description":"OpenStreetMap trunk link road segment","class":"trunk","osm_id":"751821968","highway":"trunk_link","bridge":null,"tunnel":null,"source":"OpenStreetMap","is_simulated":false}},{"type":"Feature","id":"osm-way-1408495689","geometry":{"type":"LineString","coordinates":[[76.2586773,10.0085578],[76.2583674,10.0092321],[76.2578404,10.0103196],[76.2575842,10.010904],[76.2573187,10.0114271],[76.2571579,10.0116644]]},"properties":{"id":"osm-way-1408495689","kind":"route","name":"Vallarpadam ICT Highway","description":"OpenStreetMap trunk road segment","class":"trunk","osm_id":"1408495689","highway":"trunk","bridge":null,"tunnel":null,"source":"OpenStreetMap","is_simulated":false}},{"type":"Feature","id":"osm-way-235994424","geometry":{"type":"LineString","coordinates":[[76.3797748,10.1813531],[76.3797768,10.181195],[76.379779,10.1810291],[76.3797619,10.180831],[76.379757,10.1807735],[76.3797381,10.1806685],[76.3797072,10.1804964],[76.3796841,10.1804155],[76.3796622,10.1803388],[76.3796173,10.1801812],[76.3795961,10.1801069],[76.3795706,10.1800454],[76.3794938,10.1798605],[76.3794324,10.1797454],[76.3793672,10.1796233],[76.3793168,10.1795632],[76.3792363,10.1794672],[76.3791349,10.1793658],[76.3791028,10.1793401],[76.3789712,10.1792439],[76.3789088,10.1791889]]},"properties":{"id":"osm-way-235994424","kind":"route","name":"Salem - Kochi - Kanyakumari Highway","description":"OpenStreetMap trunk road segment","class":"trunk","osm_id":"235994424","highway":"trunk","bridge":"yes","tunnel":null,"source":"OpenStreetMap","is_simulated":false}},{"type":"Feature","id":"osm-way-254994084","geometry":{"type":"LineString","coordinates":[[76.3176077,9.9766242],[76.3176873,9.9758654],[76.317821,9.9745388],[76.3180016,9.9725893]]},"properties":{"id":"osm-way-254994084","kind":"route","name":"Salem - Kochi - Kanyakumari Road","description":"OpenStreetMap trunk road segment","class":"trunk","osm_id":"254994084","highway":"trunk","bridge":"yes","tunnel":null,"source":"OpenStreetMap","is_simulated":false}},{"type":"Feature","id":"osm-way-257589334","geometry":{"type":"LineString","coordinates":[[76.3788371,10.1793166],[76.3791344,10.1795754],[76.3792759,10.1797468],[76.3793689,10.1798887],[76.3794085,10.1799892],[76.3795197,10.1803594],[76.379579,10.1805836],[76.3796172,10.1808032],[76.3796389,10.1809722],[76.3796532,10.1811373],[76.3796531,10.1813364]]},"properties":{"id":"osm-way-257589334","kind":"route","name":"Salem - Kochi - Kanyakumari Highway","description":"OpenStreetMap trunk road segment","class":"trunk","osm_id":"257589334","highway":"trunk","bridge":"yes","tunnel":null,"source":"OpenStreetMap","is_simulated":false}},{"type":"Feature","id":"osm-way-751821967","geometry":{"type":"LineString","coordinates":[[76.2586773,10.0085578],[76.2587856,10.0086094]]},"properties":{"id":"osm-way-751821967","kind":"route","name":"Unnamed trunk road · OSM 751821967","description":"OpenStreetMap trunk link road segment","class":"trunk","osm_id":"751821967","highway":"trunk_link","bridge":null,"tunnel":null,"source":"OpenStreetMap","is_simulated":false}},{"type":"Feature","id":"osm-way-1220250312","geometry":{"type":"LineString","coordinates":[[76.2442743,10.1247325],[76.2440979,10.125131],[76.2439964,10.1254308],[76.2439692,10.1255113],[76.2437702,10.126195],[76.2437094,10.1264098],[76.2436106,10.1267574],[76.2434271,10.1272577],[76.2433919,10.1273488],[76.2431358,10.1276987],[76.2428967,10.1284294],[76.2428508,10.1285503],[76.2425631,10.129308],[76.2421771,10.1301684],[76.2421313,10.1302705],[76.242088,10.1303525],[76.2414641,10.131533],[76.2411904,10.132051],[76.2409913,10.1324336],[76.2409035,10.1326023],[76.2408147,10.1327729],[76.240381,10.13357],[76.2403429,10.13364],[76.2402106,10.133862]]},"properties":{"id":"osm-way-1220250312","kind":"route","name":"Kodungallur-Paravur-Ernakulam Highway","description":"OpenStreetMap trunk road segment","class":"trunk","osm_id":"1220250312","highway":"trunk","bridge":null,"tunnel":null,"source":"OpenStreetMap","is_simulated":false}},{"type":"Feature","id":"osm-way-1010545512","geometry":{"type":"LineString","coordinates":[[76.3798297,10.1832653],[76.3797819,10.1831022],[76.3797472,10.1830039],[76.3797085,10.182894],[76.3796906,10.182789],[76.3796854,10.1827764],[76.3796587,10.1826734],[76.3796548,10.1825939],[76.3796409,10.1825071],[76.3796334,10.18246],[76.3796336,10.1823451],[76.3796338,10.1822188],[76.379654,10.1820831],[76.3796657,10.1820042],[76.3796862,10.1819027],[76.3797101,10.1817675],[76.3797155,10.181737],[76.3797372,10.1816141],[76.3797564,10.1814806],[76.3797748,10.1813531]]},"properties":{"id":"osm-way-1010545512","kind":"route","name":"Salem - Kochi - Kanyakumari Highway","description":"OpenStreetMap trunk road segment","class":"trunk","osm_id":"1010545512","highway":"trunk","bridge":null,"tunnel":null,"source":"OpenStreetMap","is_simulated":false}},{"type":"Feature","id":"osm-way-1010545509","geometry":{"type":"LineString","coordinates":[[76.3796531,10.1813364],[76.3796373,10.1815567],[76.3795683,10.182012],[76.3795474,10.1822355],[76.3795501,10.1824585],[76.3795619,10.1825849],[76.3795774,10.1826781],[76.3796133,10.1828665],[76.3796782,10.1830926],[76.3797546,10.1832967]]},"properties":{"id":"osm-way-1010545509","kind":"route","name":"Salem - Kochi - Kanyakumari Highway","description":"OpenStreetMap trunk road segment","class":"trunk","osm_id":"1010545509","highway":"trunk","bridge":null,"tunnel":null,"source":"OpenStreetMap","is_simulated":false}},{"type":"Feature","id":"osm-way-896040327","geometry":{"type":"LineString","coordinates":[[76.3180016,9.9725893],[76.3180416,9.9721282]]},"properties":{"id":"osm-way-896040327","kind":"route","name":"Salem - Kochi - Kanyakumari Road","description":"OpenStreetMap trunk road segment","class":"trunk","osm_id":"896040327","highway":"trunk","bridge":null,"tunnel":null,"source":"OpenStreetMap","is_simulated":false}},{"type":"Feature","id":"osm-way-896040328","geometry":{"type":"LineString","coordinates":[[76.3179377,9.971525],[76.3178589,9.9721204]]},"properties":{"id":"osm-way-896040328","kind":"route","name":"Vytilla Flyover","description":"OpenStreetMap trunk road segment","class":"trunk","osm_id":"896040328","highway":"trunk","bridge":null,"tunnel":null,"source":"OpenStreetMap","is_simulated":false}},{"type":"Feature","id":"osm-way-948612298","geometry":{"type":"LineString","coordinates":[[76.3180416,9.9721282],[76.3180733,9.9715589]]},"properties":{"id":"osm-way-948612298","kind":"route","name":"Vytilla Flyover","description":"OpenStreetMap trunk road segment","class":"trunk","osm_id":"948612298","highway":"trunk","bridge":null,"tunnel":null,"source":"OpenStreetMap","is_simulated":false}},{"type":"Feature","id":"osm-way-237417924","geometry":{"type":"LineString","coordinates":[[76.3798297,10.1832653],[76.3797546,10.1832967]]},"properties":{"id":"osm-way-237417924","kind":"route","name":"Unnamed trunk road · OSM 237417924","description":"OpenStreetMap trunk link road segment","class":"trunk","osm_id":"237417924","highway":"trunk_link","bridge":null,"tunnel":null,"source":"OpenStreetMap","is_simulated":false}},{"type":"Feature","id":"osm-way-948612295","geometry":{"type":"LineString","coordinates":[[76.3179841,9.971037],[76.3179377,9.971525]]},"properties":{"id":"osm-way-948612295","kind":"route","name":"Vytilla Flyover","description":"OpenStreetMap trunk road segment","class":"trunk","osm_id":"948612295","highway":"trunk","bridge":null,"tunnel":null,"source":"OpenStreetMap","is_simulated":false}},{"type":"Feature","id":"osm-way-635235585","geometry":{"type":"LineString","coordinates":[[76.3179648,9.9704087],[76.3178923,9.9711674],[76.3178802,9.9713298],[76.3179377,9.971525]]},"properties":{"id":"osm-way-635235585","kind":"route","name":"Salem - Kochi - Kanyakumari Road","description":"OpenStreetMap trunk link road segment","class":"trunk","osm_id":"635235585","highway":"trunk_link","bridge":null,"tunnel":null,"source":"OpenStreetMap","is_simulated":false}},{"type":"Feature","id":"osm-way-1020481144","geometry":{"type":"LineString","coordinates":[[76.3797546,10.1832967],[76.379901,10.1836492],[76.3801033,10.184153]]},"properties":{"id":"osm-way-1020481144","kind":"route","name":"Salem - Kochi - Kanyakumari Highway","description":"OpenStreetMap trunk road segment","class":"trunk","osm_id":"1020481144","highway":"trunk","bridge":null,"tunnel":null,"source":"OpenStreetMap","is_simulated":false}},{"type":"Feature","id":"osm-way-896040331","geometry":{"type":"LineString","coordinates":[[76.3180733,9.9715589],[76.3180987,9.9710432]]},"properties":{"id":"osm-way-896040331","kind":"route","name":"Vytilla Flyover","description":"OpenStreetMap trunk road segment","class":"trunk","osm_id":"896040331","highway":"trunk","bridge":null,"tunnel":null,"source":"OpenStreetMap","is_simulated":false}},{"type":"Feature","id":"osm-way-948612296","geometry":{"type":"LineString","coordinates":[[76.3180421,9.9705347],[76.3179841,9.971037]]},"properties":{"id":"osm-way-948612296","kind":"route","name":"Vytilla Flyover","description":"OpenStreetMap trunk road segment","class":"trunk","osm_id":"948612296","highway":"trunk","bridge":"yes","tunnel":null,"source":"OpenStreetMap","is_simulated":false}},{"type":"Feature","id":"osm-way-768625203","geometry":{"type":"LineString","coordinates":[[76.3180733,9.9715589],[76.3181524,9.9714329],[76.3182082,9.9707803],[76.3182476,9.9701754],[76.3183098,9.9699551]]},"properties":{"id":"osm-way-768625203","kind":"route","name":"Salem - Kochi - Kanyakumari Road","description":"OpenStreetMap trunk link road segment","class":"trunk","osm_id":"768625203","highway":"trunk_link","bridge":null,"tunnel":null,"source":"OpenStreetMap","is_simulated":false}},{"type":"Feature","id":"osm-way-30921613","geometry":{"type":"LineString","coordinates":[[76.3175877,9.970296],[76.3178443,9.9702405],[76.3179328,9.9702441],[76.3179807,9.9702418]]},"properties":{"id":"osm-way-30921613","kind":"route","name":"Unnamed trunk road · OSM 30921613","description":"OpenStreetMap trunk link road segment","class":"trunk","osm_id":"30921613","highway":"trunk_link","bridge":null,"tunnel":null,"source":"OpenStreetMap","is_simulated":false}},{"type":"Feature","id":"osm-way-30921643","geometry":{"type":"LineString","coordinates":[[76.3179931,9.96991],[76.3175877,9.970296]]},"properties":{"id":"osm-way-30921643","kind":"route","name":"Unnamed trunk road · OSM 30921643","description":"OpenStreetMap trunk link road segment","class":"trunk","osm_id":"30921643","highway":"trunk_link","bridge":null,"tunnel":null,"source":"OpenStreetMap","is_simulated":false}},{"type":"Feature","id":"osm-way-1285264192","geometry":{"type":"LineString","coordinates":[[76.3180296,9.9694026],[76.3179931,9.96991],[76.3179784,9.9701708],[76.3179807,9.9702418],[76.3179648,9.9704087]]},"properties":{"id":"osm-way-1285264192","kind":"route","name":"Salem - Kochi - Kanyakumari Road","description":"OpenStreetMap trunk link road segment","class":"trunk","osm_id":"1285264192","highway":"trunk_link","bridge":null,"tunnel":null,"source":"OpenStreetMap","is_simulated":false}},{"type":"Feature","id":"osm-way-82282450","geometry":{"type":"LineString","coordinates":[[76.2587856,10.0086094],[76.2592239,10.0076457],[76.2592924,10.007461],[76.25938,10.0071811],[76.2594964,10.0067163],[76.2596472,10.0061271],[76.259771,10.0056323],[76.2598329,10.0053451],[76.2599644,10.0048614],[76.2601694,10.0039693],[76.2603565,10.0025982],[76.2605855,10.0018086],[76.2611781,10.0001427],[76.2614236,9.9996498],[76.2615627,9.9994113],[76.2620684,9.9985369],[76.262176,9.9983017],[76.2622806,9.9979557],[76.2623578,9.9976103],[76.2624493,9.996604],[76.2626202,9.9957043],[76.2628921,9.9948769],[76.2632393,9.9941064],[76.2635941,9.9934337],[76.2642959,9.9922648],[76.2645521,9.9917881],[76.2646725,9.9915712]]},"properties":{"id":"osm-way-82282450","kind":"route","name":"Vallarpadam ICT Highway","description":"OpenStreetMap trunk road segment","class":"trunk","osm_id":"82282450","highway":"trunk","bridge":null,"tunnel":null,"source":"OpenStreetMap","is_simulated":false}},{"type":"Feature","id":"osm-way-945182101","geometry":{"type":"LineString","coordinates":[[76.3180373,9.9690712],[76.3180296,9.9694026]]},"properties":{"id":"osm-way-945182101","kind":"route","name":"Salem - Kochi - Kanyakumari Road","description":"OpenStreetMap trunk link road segment","class":"trunk","osm_id":"945182101","highway":"trunk_link","bridge":null,"tunnel":null,"source":"OpenStreetMap","is_simulated":false}},{"type":"Feature","id":"osm-way-255220656","geometry":{"type":"LineString","coordinates":[[76.2643189,9.9913683],[76.2643627,9.99153],[76.2643681,9.9916966],[76.2643551,9.9918117],[76.2643128,9.9919764],[76.2642009,9.9922171],[76.2638338,9.992789],[76.2635253,9.9933173],[76.2632919,9.9937743],[76.2630345,9.9942735],[76.262836,9.9947068],[76.262667,9.9951426],[76.2625141,9.9956313],[76.262329,9.9965558],[76.2622325,9.9975701],[76.2621707,9.9979478],[76.2620634,9.998278],[76.2619482,9.9985343],[76.26157,9.9991999],[76.2612299,9.9997298],[76.2610523,10.0001059],[76.260532,10.0016089],[76.260371,10.0020263],[76.2602691,10.0024146],[76.2600626,10.0039017],[76.2598613,10.0048288],[76.2595422,10.0061046],[76.2593889,10.0066739],[76.2592471,10.0071771],[76.2590942,10.007589],[76.2586773,10.0085578]]},"properties":{"id":"osm-way-255220656","kind":"route","name":"Vallarpadam ICT Highway","description":"OpenStreetMap trunk road segment","class":"trunk","osm_id":"255220656","highway":"trunk","bridge":null,"tunnel":null,"source":"OpenStreetMap","is_simulated":false}},{"type":"Feature","id":"osm-way-768626054","geometry":{"type":"LineString","coordinates":[[76.3183098,9.9699551],[76.3183755,9.9687714]]},"properties":{"id":"osm-way-768626054","kind":"route","name":"Salem - Kochi - Kanyakumari Road","description":"OpenStreetMap trunk link road segment","class":"trunk","osm_id":"768626054","highway":"trunk_link","bridge":null,"tunnel":null,"source":"OpenStreetMap","is_simulated":false}},{"type":"Feature","id":"osm-way-945182102","geometry":{"type":"LineString","coordinates":[[76.3180811,9.9684206],[76.3180714,9.9685581],[76.3180595,9.9687261],[76.3180582,9.9687462],[76.3180373,9.9690712]]},"properties":{"id":"osm-way-945182102","kind":"route","name":"Salem - Kochi - Kanyakumari Road","description":"OpenStreetMap trunk link road segment","class":"trunk","osm_id":"945182102","highway":"trunk_link","bridge":null,"tunnel":null,"source":"OpenStreetMap","is_simulated":false}},{"type":"Feature","id":"osm-way-1021414695","geometry":{"type":"LineString","coordinates":[[76.3183755,9.9687714],[76.3183845,9.9685956]]},"properties":{"id":"osm-way-1021414695","kind":"route","name":"Salem - Kochi - Kanyakumari Road","description":"OpenStreetMap trunk link road segment","class":"trunk","osm_id":"1021414695","highway":"trunk_link","bridge":null,"tunnel":null,"source":"OpenStreetMap","is_simulated":false}},{"type":"Feature","id":"osm-way-893919837","geometry":{"type":"LineString","coordinates":[[76.3180987,9.9710432],[76.3182195,9.9698412],[76.3182814,9.968614],[76.318308,9.9681149],[76.318372,9.9665705]]},"properties":{"id":"osm-way-893919837","kind":"route","name":"Vytilla Flyover","description":"OpenStreetMap trunk road segment","class":"trunk","osm_id":"893919837","highway":"trunk","bridge":"yes","tunnel":null,"source":"OpenStreetMap","is_simulated":false}},{"type":"Feature","id":"osm-way-1022325313","geometry":{"type":"LineString","coordinates":[[76.3183845,9.9685956],[76.3183855,9.9685734],[76.318388,9.9685207],[76.3184005,9.9682493]]},"properties":{"id":"osm-way-1022325313","kind":"route","name":"Salem - Kochi - Kanyakumari Road","description":"OpenStreetMap trunk link road segment","class":"trunk","osm_id":"1022325313","highway":"trunk_link","bridge":null,"tunnel":null,"source":"OpenStreetMap","is_simulated":false}},{"type":"Feature","id":"osm-way-1477355494","geometry":{"type":"LineString","coordinates":[[76.318388,9.9685207],[76.318424,9.9684326]]},"properties":{"id":"osm-way-1477355494","kind":"route","name":"Unnamed trunk road · OSM 1477355494","description":"OpenStreetMap trunk link road segment","class":"trunk","osm_id":"1477355494","highway":"trunk_link","bridge":null,"tunnel":null,"source":"OpenStreetMap","is_simulated":false}},{"type":"Feature","id":"osm-way-254835133","geometry":{"type":"LineString","coordinates":[[76.3180679,9.96811],[76.317963,9.9683061],[76.3179013,9.9683985],[76.3178848,9.9684349]]},"properties":{"id":"osm-way-254835133","kind":"route","name":"Unnamed trunk road · OSM 254835133","description":"OpenStreetMap trunk link road segment","class":"trunk","osm_id":"254835133","highway":"trunk_link","bridge":null,"tunnel":null,"source":"OpenStreetMap","is_simulated":false}},{"type":"Feature","id":"osm-way-635235586","geometry":{"type":"LineString","coordinates":[[76.3180869,9.9683231],[76.3180859,9.9683404],[76.3180811,9.9684206]]},"properties":{"id":"osm-way-635235586","kind":"route","name":"Salem - Kochi - Kanyakumari Road","description":"OpenStreetMap trunk link road segment","class":"trunk","osm_id":"635235586","highway":"trunk_link","bridge":null,"tunnel":null,"source":"OpenStreetMap","is_simulated":false}},{"type":"Feature","id":"osm-way-1013677761","geometry":{"type":"LineString","coordinates":[[76.3180679,9.96811],[76.3180869,9.9683231]]},"properties":{"id":"osm-way-1013677761","kind":"route","name":"Salem - Kochi - Kanyakumari Road","description":"OpenStreetMap trunk link road segment","class":"trunk","osm_id":"1013677761","highway":"trunk_link","bridge":null,"tunnel":null,"source":"OpenStreetMap","is_simulated":false}},{"type":"Feature","id":"osm-way-1113247775","geometry":{"type":"LineString","coordinates":[[76.3184005,9.9682493],[76.3184019,9.9682016],[76.3184032,9.9681539]]},"properties":{"id":"osm-way-1113247775","kind":"route","name":"Salem - Kochi - Kanyakumari Road","description":"OpenStreetMap trunk road segment","class":"trunk","osm_id":"1113247775","highway":"trunk","bridge":null,"tunnel":null,"source":"OpenStreetMap","is_simulated":false}},{"type":"Feature","id":"osm-way-1268266112","geometry":{"type":"LineString","coordinates":[[76.318424,9.9684326],[76.3184502,9.9683467],[76.3185545,9.9681333],[76.3185715,9.9680984]]},"properties":{"id":"osm-way-1268266112","kind":"route","name":"Unnamed trunk road · OSM 1268266112","description":"OpenStreetMap trunk link road segment","class":"trunk","osm_id":"1268266112","highway":"trunk_link","bridge":null,"tunnel":null,"source":"OpenStreetMap","is_simulated":false}},{"type":"Feature","id":"osm-way-254835134","geometry":{"type":"LineString","coordinates":[[76.3184032,9.9681539],[76.3184055,9.9680964],[76.3184105,9.9680129]]},"properties":{"id":"osm-way-254835134","kind":"route","name":"Salem - Kochi - Kanyakumari Road","description":"OpenStreetMap trunk link road segment","class":"trunk","osm_id":"254835134","highway":"trunk_link","bridge":null,"tunnel":null,"source":"OpenStreetMap","is_simulated":false}},{"type":"Feature","id":"osm-way-896040329","geometry":{"type":"LineString","coordinates":[[76.3182779,9.9665573],[76.3181958,9.9681014],[76.3180421,9.9705347]]},"properties":{"id":"osm-way-896040329","kind":"route","name":"Vytilla Flyover","description":"OpenStreetMap trunk road segment","class":"trunk","osm_id":"896040329","highway":"trunk","bridge":"yes","tunnel":null,"source":"OpenStreetMap","is_simulated":false}},{"type":"Feature","id":"osm-way-1268266111","geometry":{"type":"LineString","coordinates":[[76.31808,9.9679512],[76.3180679,9.96811]]},"properties":{"id":"osm-way-1268266111","kind":"route","name":"Salem - Kochi - Kanyakumari Road","description":"OpenStreetMap trunk link road segment","class":"trunk","osm_id":"1268266111","highway":"trunk_link","bridge":null,"tunnel":null,"source":"OpenStreetMap","is_simulated":false}},{"type":"Feature","id":"osm-way-288783798","geometry":{"type":"LineString","coordinates":[[76.3185796,9.9680033],[76.3185112,9.9680081],[76.318488,9.9680055],[76.3184834,9.968004],[76.3184111,9.9679801]]},"properties":{"id":"osm-way-288783798","kind":"route","name":"Unnamed trunk road · OSM 288783798","description":"OpenStreetMap trunk link road segment","class":"trunk","osm_id":"288783798","highway":"trunk_link","bridge":null,"tunnel":null,"source":"OpenStreetMap","is_simulated":false}},{"type":"Feature","id":"osm-way-1154296972","geometry":{"type":"LineString","coordinates":[[76.31808,9.9679512],[76.3181597,9.9680092],[76.3182393,9.9680476],[76.3183402,9.968058],[76.3184105,9.9680129]]},"properties":{"id":"osm-way-1154296972","kind":"route","name":"Unnamed trunk road · OSM 1154296972","description":"OpenStreetMap trunk link road segment","class":"trunk","osm_id":"1154296972","highway":"trunk_link","bridge":null,"tunnel":null,"source":"OpenStreetMap","is_simulated":false}},{"type":"Feature","id":"osm-way-1268266115","geometry":{"type":"LineString","coordinates":[[76.3184105,9.9680129],[76.3184111,9.9679801]]},"properties":{"id":"osm-way-1268266115","kind":"route","name":"Salem - Kochi - Kanyakumari Road","description":"OpenStreetMap trunk link road segment","class":"trunk","osm_id":"1268266115","highway":"trunk_link","bridge":null,"tunnel":null,"source":"OpenStreetMap","is_simulated":false}},{"type":"Feature","id":"osm-way-896040324","geometry":{"type":"LineString","coordinates":[[76.3182707,9.9654245],[76.3181908,9.9654846],[76.3181496,9.9659918],[76.3181392,9.9663356],[76.3181372,9.9667912],[76.3181314,9.9669761],[76.3181132,9.9674602],[76.31808,9.9679512]]},"properties":{"id":"osm-way-896040324","kind":"route","name":"Salem - Kochi - Kanyakumari Road","description":"OpenStreetMap trunk link road segment","class":"trunk","osm_id":"896040324","highway":"trunk_link","bridge":null,"tunnel":null,"source":"OpenStreetMap","is_simulated":false}},{"type":"Feature","id":"osm-way-893919838","geometry":{"type":"LineString","coordinates":[[76.3182707,9.9654245],[76.3182779,9.9665573]]},"properties":{"id":"osm-way-893919838","kind":"route","name":"Vytilla Flyover","description":"OpenStreetMap trunk road segment","class":"trunk","osm_id":"893919838","highway":"trunk","bridge":null,"tunnel":null,"source":"OpenStreetMap","is_simulated":false}},{"type":"Feature","id":"osm-way-259236612","geometry":{"type":"LineString","coordinates":[[76.3868668,10.1923555],[76.3868493,10.1921795],[76.386835,10.1920719],[76.3868183,10.1919469],[76.3868063,10.1918659],[76.3867901,10.1917567],[76.3867746,10.1916519],[76.3867519,10.1915054],[76.3867445,10.1914579],[76.3867314,10.1913736],[76.3867204,10.1913028],[76.3867023,10.1912045],[76.3866445,10.1908899],[76.3866258,10.1907937],[76.3866136,10.1907314],[76.3866015,10.1906663],[76.3865862,10.1905845],[76.3865681,10.1905436],[76.3865238,10.1904422],[76.3864666,10.1903419],[76.3864418,10.1903051],[76.3863972,10.1902389],[76.3863275,10.1901497],[76.3862906,10.1901111],[76.3862179,10.1900351],[76.3861643,10.1899868],[76.386078,10.1899089],[76.3860249,10.1898592],[76.3859261,10.1897667],[76.3857725,10.1896275],[76.3856461,10.189513],[76.3855818,10.1894574],[76.3855159,10.1894005],[76.3854116,10.1893104],[76.3852894,10.1892318],[76.3851802,10.1891506],[76.385049,10.1890656],[76.3849369,10.1889992],[76.3848265,10.1889339],[76.3847886,10.1889115],[76.3846085,10.1888221],[76.384481,10.1887582],[76.3844016,10.1887183],[76.3842838,10.1886635],[76.3841443,10.1885985],[76.3840361,10.1885482],[76.3839537,10.1885098],[76.3838603,10.1884655],[76.3837975,10.1884249],[76.3836427,10.1883514],[76.3835134,10.1882785],[76.3831839,10.1881098],[76.3830859,10.1880528],[76.3829322,10.1879838],[76.3828105,10.1879122],[76.3827227,10.1878672],[76.3825828,10.1877879],[76.3824911,10.1877273],[76.3824758,10.1877172],[76.382394,10.1876597],[76.3823024,10.1875923],[76.3821654,10.1874817],[76.3820925,10.1874101],[76.3820062,10.1873014],[76.3819341,10.1872227],[76.38188,10.1871359],[76.3818633,10.1871149],[76.381818,10.1870389],[76.3817507,10.1869189],[76.381722,10.186869],[76.3816525,10.186741],[76.3815856,10.1866177],[76.3814994,10.1864589],[76.3814386,10.1863439],[76.3814373,10.1863452],[76.3813804,10.1862393],[76.3813286,10.1861547],[76.3812404,10.1860003],[76.381225,10.1859757],[76.3811414,10.1858197],[76.3811394,10.1858162],[76.3810343,10.185651],[76.3809912,10.1855755],[76.3809452,10.1854924],[76.3808663,10.1853521],[76.3808219,10.1852731],[76.3807955,10.185226],[76.3807084,10.1850819],[76.3806346,10.1849599],[76.3805904,10.1848867],[76.3805373,10.1847873],[76.3805105,10.1847371],[76.3804481,10.1846204],[76.3804082,10.184547],[76.3803783,10.184492],[76.3803166,10.1843783],[76.3802882,10.1843293],[76.3802579,10.1842736],[76.3802173,10.1841991],[76.3801849,10.1841193],[76.3800799,10.1838612],[76.3800183,10.1837086],[76.3799775,10.1836077],[76.3798942,10.1834089],[76.3798535,10.1833183],[76.3798297,10.1832653]]},"properties":{"id":"osm-way-259236612","kind":"route","name":"Salem - Kochi - Kanyakumari Highway","description":"OpenStreetMap trunk road segment","class":"trunk","osm_id":"259236612","highway":"trunk","bridge":null,"tunnel":null,"source":"OpenStreetMap","is_simulated":false}},{"type":"Feature","id":"osm-way-754975808","geometry":{"type":"LineString","coordinates":[[76.2644014,9.9914646],[76.2644617,9.9915307],[76.2644945,9.9915519],[76.2645496,9.9915789],[76.2646101,9.9915844],[76.2646725,9.9915712]]},"properties":{"id":"osm-way-754975808","kind":"route","name":"Unnamed trunk road · OSM 754975808","description":"OpenStreetMap trunk road segment","class":"trunk","osm_id":"754975808","highway":"trunk","bridge":null,"tunnel":null,"source":"OpenStreetMap","is_simulated":false}},{"type":"Feature","id":"osm-way-758696318","geometry":{"type":"LineString","coordinates":[[76.2646725,9.9915712],[76.2647169,9.991517],[76.2647442,9.9914483],[76.2647349,9.9913836],[76.2647322,9.9913044],[76.2647054,9.9912225],[76.2646155,9.9910878]]},"properties":{"id":"osm-way-758696318","kind":"route","name":"Unnamed trunk road · OSM 758696318","description":"OpenStreetMap trunk road segment","class":"trunk","osm_id":"758696318","highway":"trunk","bridge":null,"tunnel":null,"source":"OpenStreetMap","is_simulated":false}},{"type":"Feature","id":"osm-way-945480775","geometry":{"type":"LineString","coordinates":[[76.2643189,9.9913683],[76.2644014,9.9914646]]},"properties":{"id":"osm-way-945480775","kind":"route","name":"Unnamed trunk road · OSM 945480775","description":"OpenStreetMap trunk road segment","class":"trunk","osm_id":"945480775","highway":"trunk","bridge":null,"tunnel":null,"source":"OpenStreetMap","is_simulated":false}},{"type":"Feature","id":"osm-way-1268266114","geometry":{"type":"LineString","coordinates":[[76.3184111,9.9679801],[76.3184313,9.9674848],[76.3184622,9.9655643],[76.3183915,9.9654059]]},"properties":{"id":"osm-way-1268266114","kind":"route","name":"Salem - Kochi - Kanyakumari Road","description":"OpenStreetMap trunk link road segment","class":"trunk","osm_id":"1268266114","highway":"trunk_link","bridge":null,"tunnel":null,"source":"OpenStreetMap","is_simulated":false}},{"type":"Feature","id":"osm-way-758696317","geometry":{"type":"LineString","coordinates":[[76.2642816,9.9912753],[76.2643189,9.9913683]]},"properties":{"id":"osm-way-758696317","kind":"route","name":"Unnamed trunk road · OSM 758696317","description":"OpenStreetMap trunk road segment","class":"trunk","osm_id":"758696317","highway":"trunk","bridge":null,"tunnel":null,"source":"OpenStreetMap","is_simulated":false}},{"type":"Feature","id":"osm-way-896040330","geometry":{"type":"LineString","coordinates":[[76.318372,9.9665705],[76.3183915,9.9654059]]},"properties":{"id":"osm-way-896040330","kind":"route","name":"Vytilla Flyover","description":"OpenStreetMap trunk road segment","class":"trunk","osm_id":"896040330","highway":"trunk","bridge":null,"tunnel":null,"source":"OpenStreetMap","is_simulated":false}},{"type":"Feature","id":"osm-way-364410630","geometry":{"type":"LineString","coordinates":[[76.2646155,9.9910878],[76.2645656,9.9910481],[76.2644584,9.9910023]]},"properties":{"id":"osm-way-364410630","kind":"route","name":"Unnamed trunk road · OSM 364410630","description":"OpenStreetMap trunk road segment","class":"trunk","osm_id":"364410630","highway":"trunk","bridge":null,"tunnel":null,"source":"OpenStreetMap","is_simulated":false}},{"type":"Feature","id":"osm-way-754975809","geometry":{"type":"LineString","coordinates":[[76.2644584,9.9910023],[76.2643775,9.9910179],[76.264309,9.9910868],[76.2642884,9.9911639],[76.2642816,9.9912753]]},"properties":{"id":"osm-way-754975809","kind":"route","name":"Unnamed trunk road · OSM 754975809","description":"OpenStreetMap trunk road segment","class":"trunk","osm_id":"754975809","highway":"trunk","bridge":null,"tunnel":null,"source":"OpenStreetMap","is_simulated":false}},{"type":"Feature","id":"osm-way-398868155","geometry":{"type":"LineString","coordinates":[[76.2638159,9.9908992],[76.2640911,9.9910746],[76.2641636,9.9911512],[76.2642816,9.9912753]]},"properties":{"id":"osm-way-398868155","kind":"route","name":"Goshree Road","description":"OpenStreetMap trunk road segment","class":"trunk","osm_id":"398868155","highway":"trunk","bridge":null,"tunnel":null,"source":"OpenStreetMap","is_simulated":false}},{"type":"Feature","id":"osm-way-398868141","geometry":{"type":"LineString","coordinates":[[76.2634646,9.9907571],[76.2638159,9.9908992]]},"properties":{"id":"osm-way-398868141","kind":"route","name":"Goshree Road","description":"OpenStreetMap trunk road segment","class":"trunk","osm_id":"398868141","highway":"trunk","bridge":null,"tunnel":null,"source":"OpenStreetMap","is_simulated":false}},{"type":"Feature","id":"osm-way-259236611","geometry":{"type":"LineString","coordinates":[[76.3801033,10.184153],[76.3802259,10.1843926],[76.3803957,10.1846898],[76.3806117,10.1850633],[76.3807936,10.185384],[76.3809,10.1855702],[76.3809788,10.185695],[76.3811414,10.185986],[76.3812848,10.1862439],[76.3813333,10.1863188],[76.3814893,10.1866129],[76.3814932,10.1866203],[76.3816436,10.1869001],[76.381759,10.1870985],[76.3818568,10.1872426],[76.3819701,10.1873834],[76.3820746,10.1874957],[76.3822138,10.1876205],[76.3823575,10.1877342],[76.382522,10.1878414],[76.3826944,10.1879382],[76.3828596,10.1880239],[76.3831429,10.1881692],[76.3832843,10.1882481],[76.3837069,10.1884715],[76.3839175,10.1885744],[76.3840975,10.188661],[76.3841732,10.188694],[76.3842908,10.1887519],[76.384829,10.1890182],[76.3850126,10.1891246],[76.3851502,10.1892125],[76.3852377,10.1892773],[76.3852698,10.1893076],[76.3854704,10.1894605],[76.3860515,10.189998],[76.3861719,10.1901135],[76.386274,10.1902221],[76.3863809,10.1903568],[76.3864322,10.190454],[76.3864683,10.1905253],[76.3865074,10.1906343],[76.3865409,10.1908179],[76.3865894,10.1910454],[76.3867378,10.1918949],[76.3867673,10.1921423],[76.386788,10.1922961],[76.3867957,10.1924962],[76.3867958,10.1925419],[76.3867961,10.1925858],[76.3867906,10.192657],[76.3867873,10.192707]]},"properties":{"id":"osm-way-259236611","kind":"route","name":"Salem - Kochi - Kanyakumari Highway","description":"OpenStreetMap trunk road segment","class":"trunk","osm_id":"259236611","highway":"trunk","bridge":null,"tunnel":null,"source":"OpenStreetMap","is_simulated":false}},{"type":"Feature","id":"osm-way-255220648","geometry":{"type":"LineString","coordinates":[[76.2644584,9.9910023],[76.264183,9.9908825],[76.2638624,9.9907356],[76.2635047,9.9906099]]},"properties":{"id":"osm-way-255220648","kind":"route","name":"Goshree Road","description":"OpenStreetMap trunk road segment","class":"trunk","osm_id":"255220648","highway":"trunk","bridge":null,"tunnel":null,"source":"OpenStreetMap","is_simulated":false}},{"type":"Feature","id":"osm-way-1013628100","geometry":{"type":"LineString","coordinates":[[76.3186045,9.9630149],[76.3185286,9.9630241]]},"properties":{"id":"osm-way-1013628100","kind":"route","name":"Unnamed trunk road · OSM 1013628100","description":"OpenStreetMap trunk link road segment","class":"trunk","osm_id":"1013628100","highway":"trunk_link","bridge":null,"tunnel":null,"source":"OpenStreetMap","is_simulated":false}},{"type":"Feature","id":"osm-way-1013634169","geometry":{"type":"LineString","coordinates":[[76.3183915,9.9654059],[76.3185286,9.9630241]]},"properties":{"id":"osm-way-1013634169","kind":"route","name":"Salem - Kochi - Kanyakumari Road","description":"OpenStreetMap trunk road segment","class":"trunk","osm_id":"1013634169","highway":"trunk","bridge":null,"tunnel":null,"source":"OpenStreetMap","is_simulated":false}},{"type":"Feature","id":"osm-way-758560783","geometry":{"type":"LineString","coordinates":[[76.2402106,10.133862],[76.2401559,10.1339661],[76.2397981,10.134538],[76.2394035,10.1352913],[76.2390496,10.1359917],[76.2389808,10.1361378],[76.2389274,10.1362447],[76.2386394,10.1368057],[76.2385324,10.1370141],[76.2381789,10.1375535],[76.2381421,10.1376124],[76.2379281,10.1379543],[76.2377188,10.1384779],[76.2376655,10.1386422],[76.2375378,10.1390356],[76.2375266,10.1391029],[76.2375214,10.139247],[76.2375099,10.1395655],[76.2374839,10.1397482],[76.2374799,10.1397764],[76.2374609,10.1398289],[76.237355,10.1402671],[76.2373012,10.140418],[76.2370021,10.141033],[76.2369707,10.141091],[76.2368464,10.1414045],[76.2368109,10.1414956],[76.236748,10.1415638],[76.2366945,10.1415976],[76.2362082,10.1417975],[76.2358277,10.1420293],[76.2357216,10.1420697],[76.2355618,10.1420169],[76.2351817,10.1418709],[76.2349629,10.1417869],[76.234813,10.1417362],[76.2332132,10.141137],[76.2330852,10.1410944],[76.2330068,10.1410604],[76.2325457,10.1409791],[76.2318696,10.1409062],[76.2316286,10.1408692],[76.2311675,10.1406939],[76.2307222,10.1405436],[76.2306051,10.1405041],[76.2300805,10.1403471],[76.2298997,10.1402696],[76.2297723,10.1402155],[76.2296784,10.1401851],[76.2296087,10.1401944]]},"properties":{"id":"osm-way-758560783","kind":"route","name":"Kodungallur-Paravur-Ernakulam Highway","description":"OpenStreetMap trunk road segment","class":"trunk","osm_id":"758560783","highway":"trunk","bridge":null,"tunnel":null,"source":"OpenStreetMap","is_simulated":false}},{"type":"Feature","id":"osm-way-1032948282","geometry":{"type":"LineString","coordinates":[[76.3184326,9.9594583],[76.318427,9.9600477],[76.3184254,9.9601691],[76.3184107,9.9630284],[76.3182707,9.9654245]]},"properties":{"id":"osm-way-1032948282","kind":"route","name":"Salem - Kochi - Kanyakumari Road","description":"OpenStreetMap trunk road segment","class":"trunk","osm_id":"1032948282","highway":"trunk","bridge":null,"tunnel":null,"source":"OpenStreetMap","is_simulated":false}},{"type":"Feature","id":"osm-way-1318312864","geometry":{"type":"LineString","coordinates":[[76.318331,9.960132],[76.3184254,9.9601691]]},"properties":{"id":"osm-way-1318312864","kind":"route","name":"Unnamed trunk road · OSM 1318312864","description":"OpenStreetMap trunk link road segment","class":"trunk","osm_id":"1318312864","highway":"trunk_link","bridge":null,"tunnel":null,"source":"OpenStreetMap","is_simulated":false}},{"type":"Feature","id":"osm-way-1013708803","geometry":{"type":"LineString","coordinates":[[76.3868699,10.1926978],[76.3868727,10.1926486],[76.3868751,10.1924979],[76.3868699,10.1924093],[76.3868668,10.1923555]]},"properties":{"id":"osm-way-1013708803","kind":"route","name":"Salem - Kochi - Kanyakumari Highway","description":"OpenStreetMap trunk road segment","class":"trunk","osm_id":"1013708803","highway":"trunk","bridge":null,"tunnel":null,"source":"OpenStreetMap","is_simulated":false}},{"type":"Feature","id":"osm-way-1032948283","geometry":{"type":"LineString","coordinates":[[76.3185286,9.9630241],[76.3185193,9.9626654],[76.3185478,9.9599716],[76.3185548,9.9594582]]},"properties":{"id":"osm-way-1032948283","kind":"route","name":"Salem - Kochi - Kanyakumari Road","description":"OpenStreetMap trunk road segment","class":"trunk","osm_id":"1032948283","highway":"trunk","bridge":null,"tunnel":null,"source":"OpenStreetMap","is_simulated":false}},{"type":"Feature","id":"osm-way-259237550","geometry":{"type":"LineString","coordinates":[[76.3872351,10.1925281],[76.3871784,10.192519],[76.3871167,10.192519],[76.3870577,10.1925058],[76.3869862,10.1924714],[76.3869236,10.1924266],[76.3868668,10.1923555]]},"properties":{"id":"osm-way-259237550","kind":"route","name":"MC Road","description":"OpenStreetMap trunk link road segment","class":"trunk","osm_id":"259237550","highway":"trunk_link","bridge":null,"tunnel":null,"source":"OpenStreetMap","is_simulated":false}},{"type":"Feature","id":"osm-way-284944302","geometry":{"type":"LineString","coordinates":[[76.3868151,10.1932191],[76.3869088,10.1930391],[76.3869665,10.1929229],[76.3870255,10.1928332],[76.3871017,10.1927203],[76.3872351,10.1925281]]},"properties":{"id":"osm-way-284944302","kind":"route","name":"MC Road","description":"OpenStreetMap trunk link road segment","class":"trunk","osm_id":"284944302","highway":"trunk_link","bridge":null,"tunnel":null,"source":"OpenStreetMap","is_simulated":false}},{"type":"Feature","id":"osm-way-255220646","geometry":{"type":"LineString","coordinates":[[76.2635047,9.9906099],[76.2584458,9.9887271]]},"properties":{"id":"osm-way-255220646","kind":"route","name":"Goshree Bridge","description":"OpenStreetMap trunk road segment","class":"trunk","osm_id":"255220646","highway":"trunk","bridge":"yes","tunnel":null,"source":"OpenStreetMap","is_simulated":false}},{"type":"Feature","id":"osm-way-324728329","geometry":{"type":"LineString","coordinates":[[76.3185548,9.9594582],[76.3184326,9.9594583]]},"properties":{"id":"osm-way-324728329","kind":"route","name":"Unnamed trunk road · OSM 324728329","description":"OpenStreetMap trunk link road segment","class":"trunk","osm_id":"324728329","highway":"trunk_link","bridge":null,"tunnel":null,"source":"OpenStreetMap","is_simulated":false}},{"type":"Feature","id":"osm-way-1198602615","geometry":{"type":"LineString","coordinates":[[76.3184349,9.9592163],[76.3185509,9.9592164]]},"properties":{"id":"osm-way-1198602615","kind":"route","name":"Unnamed trunk road · OSM 1198602615","description":"OpenStreetMap trunk link road segment","class":"trunk","osm_id":"1198602615","highway":"trunk_link","bridge":null,"tunnel":null,"source":"OpenStreetMap","is_simulated":false}},{"type":"Feature","id":"osm-way-473721111","geometry":{"type":"LineString","coordinates":[[76.3860566,10.1951815],[76.3861236,10.1950171],[76.3861987,10.1948362],[76.3863572,10.1944417],[76.3863988,10.1943474],[76.3865207,10.1940535],[76.3865782,10.1939149],[76.3866266,10.193789],[76.3866614,10.1936985],[76.3867077,10.1935971],[76.3867357,10.1935358],[76.3867389,10.1935147],[76.3867768,10.1933877],[76.386788,10.1933384],[76.3868151,10.1932191],[76.3868361,10.1930794],[76.3868363,10.192965],[76.3868489,10.1928756],[76.3868538,10.1928181],[76.3868699,10.1926978]]},"properties":{"id":"osm-way-473721111","kind":"route","name":"Salem - Kochi - Kanyakumari Highway","description":"OpenStreetMap trunk road segment","class":"trunk","osm_id":"473721111","highway":"trunk","bridge":null,"tunnel":null,"source":"OpenStreetMap","is_simulated":false}},{"type":"Feature","id":"osm-way-398868140","geometry":{"type":"LineString","coordinates":[[76.2560778,9.9879778],[76.2567587,9.9882373],[76.2577595,9.9886328],[76.2634646,9.9907571]]},"properties":{"id":"osm-way-398868140","kind":"route","name":"Goshree Bridge","description":"OpenStreetMap trunk road segment","class":"trunk","osm_id":"398868140","highway":"trunk","bridge":"yes","tunnel":null,"source":"OpenStreetMap","is_simulated":false}},{"type":"Feature","id":"osm-way-1012202818","geometry":{"type":"LineString","coordinates":[[76.3867873,10.192707],[76.3867733,10.1928569],[76.3867411,10.1930443],[76.3866866,10.1932899],[76.3866488,10.1934611],[76.3866108,10.1935651],[76.3865865,10.1936512],[76.3865232,10.1938503],[76.3864083,10.1941429],[76.3863085,10.1943752],[76.3862799,10.1944418],[76.385888,10.1953563],[76.3856527,10.1959381],[76.3854224,10.1965114],[76.3853691,10.1966419]]},"properties":{"id":"osm-way-1012202818","kind":"route","name":"Salem - Kochi - Kanyakumari Highway","description":"OpenStreetMap trunk road segment","class":"trunk","osm_id":"1012202818","highway":"trunk","bridge":null,"tunnel":null,"source":"OpenStreetMap","is_simulated":false}},{"type":"Feature","id":"osm-way-896040325","geometry":{"type":"LineString","coordinates":[[76.3185548,9.9594582],[76.3185509,9.9592164],[76.3185485,9.9590722],[76.3185519,9.9586785],[76.3185582,9.9579569],[76.3185654,9.9573994]]},"properties":{"id":"osm-way-896040325","kind":"route","name":"Salem - Kochi - Kanyakumari Road","description":"OpenStreetMap trunk road segment","class":"trunk","osm_id":"896040325","highway":"trunk","bridge":null,"tunnel":null,"source":"OpenStreetMap","is_simulated":false}},{"type":"Feature","id":"osm-way-1013628102","geometry":{"type":"LineString","coordinates":[[76.3186544,9.9586337],[76.3185519,9.9586785]]},"properties":{"id":"osm-way-1013628102","kind":"route","name":"Unnamed trunk road · OSM 1013628102","description":"OpenStreetMap trunk link road segment","class":"trunk","osm_id":"1013628102","highway":"trunk_link","bridge":null,"tunnel":null,"source":"OpenStreetMap","is_simulated":false}},{"type":"Feature","id":"osm-way-254835131","geometry":{"type":"LineString","coordinates":[[76.3184448,9.9571674],[76.3184445,9.9572539],[76.3184413,9.9579912],[76.31844,9.958676],[76.3184349,9.9592163],[76.3184326,9.9594583]]},"properties":{"id":"osm-way-254835131","kind":"route","name":"Salem - Kochi - Kanyakumari Road","description":"OpenStreetMap trunk road segment","class":"trunk","osm_id":"254835131","highway":"trunk","bridge":null,"tunnel":null,"source":"OpenStreetMap","is_simulated":false}},{"type":"Feature","id":"osm-way-1013628101","geometry":{"type":"LineString","coordinates":[[76.31844,9.958676],[76.3183524,9.9586237]]},"properties":{"id":"osm-way-1013628101","kind":"route","name":"Unnamed trunk road · OSM 1013628101","description":"OpenStreetMap trunk link road segment","class":"trunk","osm_id":"1013628101","highway":"trunk_link","bridge":null,"tunnel":null,"source":"OpenStreetMap","is_simulated":false}},{"type":"Feature","id":"osm-way-1118294820","geometry":{"type":"LineString","coordinates":[[76.358382,9.9576831],[76.3584812,9.9577038]]},"properties":{"id":"osm-way-1118294820","kind":"route","name":"Refinery Road","description":"OpenStreetMap trunk road segment","class":"trunk","osm_id":"1118294820","highway":"trunk","bridge":null,"tunnel":null,"source":"OpenStreetMap","is_simulated":false}},{"type":"Feature","id":"osm-way-1118294821","geometry":{"type":"LineString","coordinates":[[76.3583903,9.9575857],[76.358382,9.9576831]]},"properties":{"id":"osm-way-1118294821","kind":"route","name":"Seaport Airport Road","description":"OpenStreetMap trunk road segment","class":"trunk","osm_id":"1118294821","highway":"trunk","bridge":null,"tunnel":null,"source":"OpenStreetMap","is_simulated":false}},{"type":"Feature","id":"osm-way-1368700090","geometry":{"type":"LineString","coordinates":[[76.3577961,9.9575376],[76.3578426,9.9575993],[76.3583739,9.9577416]]},"properties":{"id":"osm-way-1368700090","kind":"route","name":"Unnamed trunk road · OSM 1368700090","description":"OpenStreetMap trunk link road segment","class":"trunk","osm_id":"1368700090","highway":"trunk_link","bridge":null,"tunnel":null,"source":"OpenStreetMap","is_simulated":false}},{"type":"Feature","id":"osm-way-1118294819","geometry":{"type":"LineString","coordinates":[[76.357561,9.9574332],[76.3576927,9.9575117],[76.3577961,9.9575376],[76.358382,9.9576831]]},"properties":{"id":"osm-way-1118294819","kind":"route","name":"Refinery Road","description":"OpenStreetMap trunk road segment","class":"trunk","osm_id":"1118294819","highway":"trunk","bridge":null,"tunnel":null,"source":"OpenStreetMap","is_simulated":false}},{"type":"Feature","id":"osm-way-1244020188","geometry":{"type":"LineString","coordinates":[[76.3584812,9.9577038],[76.3584965,9.9576075]]},"properties":{"id":"osm-way-1244020188","kind":"route","name":"Seaport Airport Road","description":"OpenStreetMap trunk road segment","class":"trunk","osm_id":"1244020188","highway":"trunk","bridge":null,"tunnel":null,"source":"OpenStreetMap","is_simulated":false}},{"type":"Feature","id":"osm-way-1118294824","geometry":{"type":"LineString","coordinates":[[76.3584965,9.9576075],[76.3583903,9.9575857]]},"properties":{"id":"osm-way-1118294824","kind":"route","name":"Refinery Road","description":"OpenStreetMap trunk road segment","class":"trunk","osm_id":"1118294824","highway":"trunk","bridge":null,"tunnel":null,"source":"OpenStreetMap","is_simulated":false}},{"type":"Feature","id":"osm-way-1368700091","geometry":{"type":"LineString","coordinates":[[76.3590833,9.9577178],[76.3590546,9.9576637],[76.3584965,9.9575434]]},"properties":{"id":"osm-way-1368700091","kind":"route","name":"Unnamed trunk road · OSM 1368700091","description":"OpenStreetMap trunk link road segment","class":"trunk","osm_id":"1368700091","highway":"trunk_link","bridge":null,"tunnel":null,"source":"OpenStreetMap","is_simulated":false}},{"type":"Feature","id":"osm-way-1118294822","geometry":{"type":"LineString","coordinates":[[76.3584965,9.9576075],[76.3584965,9.9575434],[76.3584969,9.957004]]},"properties":{"id":"osm-way-1118294822","kind":"route","name":"Seaport Airport Road","description":"OpenStreetMap trunk road segment","class":"trunk","osm_id":"1118294822","highway":"trunk","bridge":null,"tunnel":null,"source":"OpenStreetMap","is_simulated":false}},{"type":"Feature","id":"osm-way-1118294825","geometry":{"type":"LineString","coordinates":[[76.3583903,9.9575857],[76.3583174,9.9575646],[76.3577136,9.9574241],[76.357561,9.9574332]]},"properties":{"id":"osm-way-1118294825","kind":"route","name":"Refinery Road","description":"OpenStreetMap trunk road segment","class":"trunk","osm_id":"1118294825","highway":"trunk","bridge":null,"tunnel":null,"source":"OpenStreetMap","is_simulated":false}},{"type":"Feature","id":"osm-way-812579005","geometry":{"type":"LineString","coordinates":[[76.3540486,9.9566021],[76.354058,9.9566039],[76.3545164,9.9567118],[76.3552443,9.9568831],[76.3561932,9.9571065],[76.3562919,9.9571297],[76.3566868,9.9572226],[76.3572538,9.9573561],[76.357561,9.9574332]]},"properties":{"id":"osm-way-812579005","kind":"route","name":"Refinery Road","description":"OpenStreetMap trunk road segment","class":"trunk","osm_id":"812579005","highway":"trunk","bridge":null,"tunnel":null,"source":"OpenStreetMap","is_simulated":false}},{"type":"Feature","id":"osm-way-1368700088","geometry":{"type":"LineString","coordinates":[[76.3584216,9.9570049],[76.358355,9.9571662],[76.3583497,9.9572367],[76.3583174,9.9575646]]},"properties":{"id":"osm-way-1368700088","kind":"route","name":"Unnamed trunk road · OSM 1368700088","description":"OpenStreetMap trunk link road segment","class":"trunk","osm_id":"1368700088","highway":"trunk_link","bridge":null,"tunnel":null,"source":"OpenStreetMap","is_simulated":false}},{"type":"Feature","id":"osm-way-1118294826","geometry":{"type":"LineString","coordinates":[[76.3584259,9.9568418],[76.3584216,9.9570049],[76.3584161,9.9572177],[76.3583903,9.9575857]]},"properties":{"id":"osm-way-1118294826","kind":"route","name":"Seaport Airport Road","description":"OpenStreetMap trunk road segment","class":"trunk","osm_id":"1118294826","highway":"trunk","bridge":null,"tunnel":null,"source":"OpenStreetMap","is_simulated":false}},{"type":"Feature","id":"osm-way-812579006","geometry":{"type":"LineString","coordinates":[[76.3535994,9.9565168],[76.3536713,9.9565305],[76.3540486,9.9566021]]},"properties":{"id":"osm-way-812579006","kind":"route","name":"Refinery Road","description":"OpenStreetMap trunk road segment","class":"trunk","osm_id":"812579006","highway":"trunk","bridge":"yes","tunnel":null,"source":"OpenStreetMap","is_simulated":false}},{"type":"Feature","id":"osm-way-1219503199","geometry":{"type":"LineString","coordinates":[[76.353334,9.9564513],[76.3535994,9.9565168]]},"properties":{"id":"osm-way-1219503199","kind":"route","name":"Refinery Road","description":"OpenStreetMap trunk road segment","class":"trunk","osm_id":"1219503199","highway":"trunk","bridge":"yes","tunnel":null,"source":"OpenStreetMap","is_simulated":false}},{"type":"Feature","id":"osm-way-1351745579","geometry":{"type":"LineString","coordinates":[[76.3532883,9.956438],[76.353334,9.9564513]]},"properties":{"id":"osm-way-1351745579","kind":"route","name":"Refinery Road","description":"OpenStreetMap trunk road segment","class":"trunk","osm_id":"1351745579","highway":"trunk","bridge":null,"tunnel":null,"source":"OpenStreetMap","is_simulated":false}},{"type":"Feature","id":"osm-way-684077264","geometry":{"type":"LineString","coordinates":[[76.3518461,9.9560766],[76.3520472,9.9561279],[76.3523424,9.95621],[76.3526874,9.9562999],[76.3532883,9.956438]]},"properties":{"id":"osm-way-684077264","kind":"route","name":"Refinery Road","description":"OpenStreetMap trunk road segment","class":"trunk","osm_id":"684077264","highway":"trunk","bridge":null,"tunnel":null,"source":"OpenStreetMap","is_simulated":false}},{"type":"Feature","id":"osm-way-1290829792","geometry":{"type":"LineString","coordinates":[[76.351109,9.9558886],[76.3518461,9.9560766]]},"properties":{"id":"osm-way-1290829792","kind":"route","name":"Refinery Road","description":"OpenStreetMap trunk road segment","class":"trunk","osm_id":"1290829792","highway":"trunk","bridge":"yes","tunnel":null,"source":"OpenStreetMap","is_simulated":false}},{"type":"Feature","id":"osm-way-1010545513","geometry":{"type":"LineString","coordinates":[[76.3856649,10.1961342],[76.3857387,10.1959648],[76.3858276,10.1957528],[76.3859868,10.1953801],[76.3860566,10.1951815]]},"properties":{"id":"osm-way-1010545513","kind":"route","name":"Salem - Kochi - Kanyakumari Highway","description":"OpenStreetMap trunk road segment","class":"trunk","osm_id":"1010545513","highway":"trunk","bridge":null,"tunnel":null,"source":"OpenStreetMap","is_simulated":false}},{"type":"Feature","id":"osm-way-1464534901","geometry":{"type":"LineString","coordinates":[[76.3185654,9.9573994],[76.3185661,9.957176]]},"properties":{"id":"osm-way-1464534901","kind":"route","name":"Salem - Kochi - Kanyakumari Road","description":"OpenStreetMap trunk road segment","class":"trunk","osm_id":"1464534901","highway":"trunk","bridge":null,"tunnel":null,"source":"OpenStreetMap","is_simulated":false}},{"type":"Feature","id":"osm-way-1464534900","geometry":{"type":"LineString","coordinates":[[76.3184452,9.9570148],[76.3184448,9.9571674]]},"properties":{"id":"osm-way-1464534900","kind":"route","name":"Salem - Kochi - Kanyakumari Road","description":"OpenStreetMap trunk road segment","class":"trunk","osm_id":"1464534900","highway":"trunk","bridge":"yes","tunnel":null,"source":"OpenStreetMap","is_simulated":false}},{"type":"Feature","id":"osm-way-459580750","geometry":{"type":"LineString","coordinates":[[76.2584458,9.9887271],[76.2560075,9.987776]]},"properties":{"id":"osm-way-459580750","kind":"route","name":"Goshree Road","description":"OpenStreetMap trunk road segment","class":"trunk","osm_id":"459580750","highway":"trunk","bridge":"yes","tunnel":null,"source":"OpenStreetMap","is_simulated":false}},{"type":"Feature","id":"osm-way-1464534902","geometry":{"type":"LineString","coordinates":[[76.3185661,9.957176],[76.3185651,9.9570125]]},"properties":{"id":"osm-way-1464534902","kind":"route","name":"Salem - Kochi - Kanyakumari Road","description":"OpenStreetMap trunk road segment","class":"trunk","osm_id":"1464534902","highway":"trunk","bridge":"yes","tunnel":null,"source":"OpenStreetMap","is_simulated":false}},{"type":"Feature","id":"osm-way-1464534899","geometry":{"type":"LineString","coordinates":[[76.3184469,9.9564712],[76.3184452,9.9570148]]},"properties":{"id":"osm-way-1464534899","kind":"route","name":"Salem - Kochi - Kanyakumari Road","description":"OpenStreetMap trunk road segment","class":"trunk","osm_id":"1464534899","highway":"trunk","bridge":null,"tunnel":null,"source":"OpenStreetMap","is_simulated":false}},{"type":"Feature","id":"osm-way-684077263","geometry":{"type":"LineString","coordinates":[[76.3480905,9.9551602],[76.3494135,9.9554729],[76.3495436,9.9555048],[76.351109,9.9558886]]},"properties":{"id":"osm-way-684077263","kind":"route","name":"Refinery Road","description":"OpenStreetMap trunk road segment","class":"trunk","osm_id":"684077263","highway":"trunk","bridge":"yes","tunnel":null,"source":"OpenStreetMap","is_simulated":false}},{"type":"Feature","id":"osm-way-1034263953","geometry":{"type":"LineString","coordinates":[[76.3854374,10.196705],[76.3855217,10.1965005],[76.3856137,10.1962696],[76.3856649,10.1961342]]},"properties":{"id":"osm-way-1034263953","kind":"route","name":"Salem - Kochi - Kanyakumari Highway","description":"OpenStreetMap trunk road segment","class":"trunk","osm_id":"1034263953","highway":"trunk","bridge":null,"tunnel":null,"source":"OpenStreetMap","is_simulated":false}},{"type":"Feature","id":"osm-way-1104477881","geometry":{"type":"LineString","coordinates":[[76.3479206,9.9551186],[76.3480103,9.9551433],[76.3480905,9.9551602]]},"properties":{"id":"osm-way-1104477881","kind":"route","name":"Refinery Road","description":"OpenStreetMap trunk road segment","class":"trunk","osm_id":"1104477881","highway":"trunk","bridge":null,"tunnel":null,"source":"OpenStreetMap","is_simulated":false}},{"type":"Feature","id":"osm-way-1090455113","geometry":{"type":"LineString","coordinates":[[76.3470203,9.9549605],[76.3472283,9.9550252],[76.3474446,9.9550712],[76.3475925,9.955097],[76.3479206,9.9551186]]},"properties":{"id":"osm-way-1090455113","kind":"route","name":"Unnamed trunk road · OSM 1090455113","description":"OpenStreetMap trunk road segment","class":"trunk","osm_id":"1090455113","highway":"trunk","bridge":null,"tunnel":null,"source":"OpenStreetMap","is_simulated":false}},{"type":"Feature","id":"osm-way-485536976","geometry":{"type":"LineString","coordinates":[[76.3479206,9.9551186],[76.347073,9.9548799],[76.3466965,9.9547839],[76.3465691,9.9547603]]},"properties":{"id":"osm-way-485536976","kind":"route","name":"Refinery Road","description":"OpenStreetMap trunk road segment","class":"trunk","osm_id":"485536976","highway":"trunk","bridge":null,"tunnel":null,"source":"OpenStreetMap","is_simulated":false}},{"type":"Feature","id":"osm-way-1192232315","geometry":{"type":"LineString","coordinates":[[76.3448609,9.9544205],[76.3458794,9.9546788],[76.3470203,9.9549605]]},"properties":{"id":"osm-way-1192232315","kind":"route","name":"Unnamed trunk road · OSM 1192232315","description":"OpenStreetMap trunk road segment","class":"trunk","osm_id":"1192232315","highway":"trunk","bridge":null,"tunnel":null,"source":"OpenStreetMap","is_simulated":false}},{"type":"Feature","id":"osm-way-1230314002","geometry":{"type":"LineString","coordinates":[[76.3438405,9.9541524],[76.3448609,9.9544205]]},"properties":{"id":"osm-way-1230314002","kind":"route","name":"Unnamed trunk road · OSM 1230314002","description":"OpenStreetMap trunk road segment","class":"trunk","osm_id":"1230314002","highway":"trunk","bridge":null,"tunnel":null,"source":"OpenStreetMap","is_simulated":false}},{"type":"Feature","id":"osm-way-254836605","geometry":{"type":"LineString","coordinates":[[76.3185651,9.9570125],[76.3185678,9.956621],[76.3185608,9.9561616],[76.3185298,9.9551984]]},"properties":{"id":"osm-way-254836605","kind":"route","name":"Salem - Kochi - Kanyakumari Road","description":"OpenStreetMap trunk road segment","class":"trunk","osm_id":"254836605","highway":"trunk","bridge":null,"tunnel":null,"source":"OpenStreetMap","is_simulated":false}},{"type":"Feature","id":"osm-way-483718092","geometry":{"type":"LineString","coordinates":[[76.3465691,9.9547603],[76.344894,9.9543302]]},"properties":{"id":"osm-way-483718092","kind":"route","name":"Refinery Road","description":"OpenStreetMap trunk road segment","class":"trunk","osm_id":"483718092","highway":"trunk","bridge":null,"tunnel":null,"source":"OpenStreetMap","is_simulated":false}},{"type":"Feature","id":"osm-way-982377516","geometry":{"type":"LineString","coordinates":[[76.2535935,9.9870073],[76.2540735,9.9871807],[76.2547816,9.9874413],[76.2560778,9.9879778]]},"properties":{"id":"osm-way-982377516","kind":"route","name":"Goshree Road","description":"OpenStreetMap trunk road segment","class":"trunk","osm_id":"982377516","highway":"trunk","bridge":null,"tunnel":null,"source":"OpenStreetMap","is_simulated":false}},{"type":"Feature","id":"osm-way-254835130","geometry":{"type":"LineString","coordinates":[[76.3184222,9.9551902],[76.3184422,9.9559857],[76.3184469,9.9564712]]},"properties":{"id":"osm-way-254835130","kind":"route","name":"Salem - Kochi - Kanyakumari Road","description":"OpenStreetMap trunk road segment","class":"trunk","osm_id":"254835130","highway":"trunk","bridge":null,"tunnel":null,"source":"OpenStreetMap","is_simulated":false}},{"type":"Feature","id":"osm-way-1368698060","geometry":{"type":"LineString","coordinates":[[76.3435253,9.9539708],[76.3435015,9.9540639]]},"properties":{"id":"osm-way-1368698060","kind":"route","name":"Unnamed trunk road · OSM 1368698060","description":"OpenStreetMap trunk link road segment","class":"trunk","osm_id":"1368698060","highway":"trunk_link","bridge":null,"tunnel":null,"source":"OpenStreetMap","is_simulated":false}},{"type":"Feature","id":"osm-way-1014125923","geometry":{"type":"LineString","coordinates":[[76.344894,9.9543302],[76.3438566,9.9540546],[76.3435253,9.9539708],[76.3433511,9.9539268],[76.3430076,9.9538523],[76.3425075,9.9537024],[76.3423804,9.9536683],[76.3422775,9.9536335],[76.3416466,9.9534476],[76.3410405,9.9532542],[76.3408414,9.9531907],[76.3400308,9.9529183]]},"properties":{"id":"osm-way-1014125923","kind":"route","name":"Ettumanoor - Ernakulam Road","description":"OpenStreetMap trunk road segment","class":"trunk","osm_id":"1014125923","highway":"trunk","bridge":null,"tunnel":null,"source":"OpenStreetMap","is_simulated":false}},{"type":"Feature","id":"osm-way-1007772439","geometry":{"type":"LineString","coordinates":[[76.2560075,9.987776],[76.2552044,9.9874875],[76.2540364,9.9870466],[76.2536433,9.986901]]},"properties":{"id":"osm-way-1007772439","kind":"route","name":"Goshree Road","description":"OpenStreetMap trunk road segment","class":"trunk","osm_id":"1007772439","highway":"trunk","bridge":null,"tunnel":null,"source":"OpenStreetMap","is_simulated":false}},{"type":"Feature","id":"osm-way-254835129","geometry":{"type":"LineString","coordinates":[[76.3183576,9.9542607],[76.3184222,9.9551902]]},"properties":{"id":"osm-way-254835129","kind":"route","name":"Salem - Kochi - Kanyakumari Road","description":"OpenStreetMap trunk road segment","class":"trunk","osm_id":"254835129","highway":"trunk","bridge":"yes","tunnel":null,"source":"OpenStreetMap","is_simulated":false}},{"type":"Feature","id":"osm-way-1007786525","geometry":{"type":"LineString","coordinates":[[76.2511763,9.9860929],[76.2535935,9.9870073]]},"properties":{"id":"osm-way-1007786525","kind":"route","name":"Goshree Road","description":"OpenStreetMap trunk road segment","class":"trunk","osm_id":"1007786525","highway":"trunk","bridge":null,"tunnel":null,"source":"OpenStreetMap","is_simulated":false}},{"type":"Feature","id":"osm-way-1192380637","geometry":{"type":"LineString","coordinates":[[76.3375776,9.9522197],[76.3386059,9.95257],[76.3386839,9.952596],[76.3389213,9.9526761],[76.3390362,9.9527148],[76.3397825,9.9529631],[76.3399711,9.9530123],[76.340808,9.9532794],[76.3410831,9.9533775],[76.3422296,9.9537259],[76.3422739,9.9537414],[76.3435015,9.9540639],[76.3438405,9.9541524]]},"properties":{"id":"osm-way-1192380637","kind":"route","name":"Unnamed trunk road · OSM 1192380637","description":"OpenStreetMap trunk road segment","class":"trunk","osm_id":"1192380637","highway":"trunk","bridge":null,"tunnel":null,"source":"OpenStreetMap","is_simulated":false}},{"type":"Feature","id":"osm-way-101555326","geometry":{"type":"LineString","coordinates":[[76.3584253,9.9519817],[76.3584595,9.9525956],[76.3584647,9.9529048],[76.3584714,9.9538427],[76.3584715,9.9538587],[76.3584734,9.9539896],[76.358452,9.9547269],[76.3584682,9.9554147],[76.358468,9.9554854],[76.3584634,9.955561],[76.3584259,9.9568418]]},"properties":{"id":"osm-way-101555326","kind":"route","name":"Seaport Airport Road","description":"OpenStreetMap trunk road segment","class":"trunk","osm_id":"101555326","highway":"trunk","bridge":null,"tunnel":null,"source":"OpenStreetMap","is_simulated":false}},{"type":"Feature","id":"osm-way-1118842719","geometry":{"type":"LineString","coordinates":[[76.3584969,9.957004],[76.3585264,9.9554149],[76.3585277,9.9551174],[76.358548,9.953903],[76.358549,9.9538399],[76.358519,9.9521748],[76.3584862,9.9512185]]},"properties":{"id":"osm-way-1118842719","kind":"route","name":"Seaport Airport Road","description":"OpenStreetMap trunk road segment","class":"trunk","osm_id":"1118842719","highway":"trunk","bridge":null,"tunnel":null,"source":"OpenStreetMap","is_simulated":false}},{"type":"Feature","id":"osm-way-1124055501","geometry":{"type":"LineString","coordinates":[[76.3386059,9.95257],[76.3386336,9.9524836]]},"properties":{"id":"osm-way-1124055501","kind":"route","name":"Unnamed trunk road · OSM 1124055501","description":"OpenStreetMap trunk link road segment","class":"trunk","osm_id":"1124055501","highway":"trunk_link","bridge":null,"tunnel":null,"source":"OpenStreetMap","is_simulated":false}},{"type":"Feature","id":"osm-way-254836606","geometry":{"type":"LineString","coordinates":[[76.3185298,9.9551984],[76.3184773,9.9542705]]},"properties":{"id":"osm-way-254836606","kind":"route","name":"Salem - Kochi - Kanyakumari Road","description":"OpenStreetMap trunk road segment","class":"trunk","osm_id":"254836606","highway":"trunk","bridge":"yes","tunnel":null,"source":"OpenStreetMap","is_simulated":false}},{"type":"Feature","id":"osm-way-276715030","geometry":{"type":"LineString","coordinates":[[76.3400308,9.9529183],[76.3398258,9.9528557],[76.338939,9.9525849],[76.3387447,9.9525218],[76.3386336,9.9524836],[76.3376373,9.9521409],[76.3376136,9.9521326],[76.3370263,9.9519356],[76.336929,9.9519017],[76.3367595,9.9518469],[76.3358325,9.9515353],[76.3354294,9.9514039]]},"properties":{"id":"osm-way-276715030","kind":"route","name":"Ettumanoor - Ernakulam Road","description":"OpenStreetMap trunk road segment","class":"trunk","osm_id":"276715030","highway":"trunk","bridge":null,"tunnel":null,"source":"OpenStreetMap","is_simulated":false}},{"type":"Feature","id":"osm-way-911805669","geometry":{"type":"LineString","coordinates":[[76.2296087,10.1401944],[76.2295282,10.1403026],[76.2294439,10.1404917],[76.2293029,10.140894],[76.2290972,10.1414198],[76.228911,10.1419953],[76.2288361,10.1421442],[76.2288286,10.142167],[76.2285175,10.1427402],[76.2284547,10.1428447],[76.2283638,10.142996],[76.2283024,10.1431139],[76.2281921,10.1433257],[76.2281755,10.1433577],[76.227887,10.1437915],[76.2276997,10.1440295],[76.2272577,10.1446147]]},"properties":{"id":"osm-way-911805669","kind":"route","name":"Kodungallur-Paravur-Ernakulam Highway","description":"OpenStreetMap trunk road segment","class":"trunk","osm_id":"911805669","highway":"trunk","bridge":null,"tunnel":null,"source":"OpenStreetMap","is_simulated":false}},{"type":"Feature","id":"osm-way-1090455112","geometry":{"type":"LineString","coordinates":[[76.334821,9.9512676],[76.3353529,9.9514652],[76.3357972,9.9516214],[76.3360395,9.9517027],[76.3369247,9.952006],[76.3375776,9.9522197]]},"properties":{"id":"osm-way-1090455112","kind":"route","name":"Unnamed trunk road · OSM 1090455112","description":"OpenStreetMap trunk road segment","class":"trunk","osm_id":"1090455112","highway":"trunk","bridge":null,"tunnel":null,"source":"OpenStreetMap","is_simulated":false}},{"type":"Feature","id":"osm-way-1243943330","geometry":{"type":"LineString","coordinates":[[76.3358325,9.9515353],[76.3357972,9.9516214]]},"properties":{"id":"osm-way-1243943330","kind":"route","name":"Unnamed trunk road · OSM 1243943330","description":"OpenStreetMap trunk link road segment","class":"trunk","osm_id":"1243943330","highway":"trunk_link","bridge":null,"tunnel":null,"source":"OpenStreetMap","is_simulated":false}},{"type":"Feature","id":"osm-way-1117979117","geometry":{"type":"LineString","coordinates":[[76.3354294,9.9514039],[76.335399,9.9513942],[76.3353423,9.9513735],[76.3348561,9.9512048]]},"properties":{"id":"osm-way-1117979117","kind":"route","name":"Ettumanoor - Ernakulam Road","description":"OpenStreetMap trunk road segment","class":"trunk","osm_id":"1117979117","highway":"trunk","bridge":null,"tunnel":null,"source":"OpenStreetMap","is_simulated":false}},{"type":"Feature","id":"osm-way-1202724606","geometry":{"type":"LineString","coordinates":[[76.3337068,9.9508262],[76.3342912,9.95107],[76.334821,9.9512676]]},"properties":{"id":"osm-way-1202724606","kind":"route","name":"Unnamed trunk road · OSM 1202724606","description":"OpenStreetMap trunk road segment","class":"trunk","osm_id":"1202724606","highway":"trunk","bridge":"yes","tunnel":null,"source":"OpenStreetMap","is_simulated":false}},{"type":"Feature","id":"osm-way-276715027","geometry":{"type":"LineString","coordinates":[[76.3348561,9.9512048],[76.3347339,9.9511597],[76.3339362,9.9508311],[76.3337379,9.9507522]]},"properties":{"id":"osm-way-276715027","kind":"route","name":"Ettumanoor - Ernakulam Road","description":"OpenStreetMap trunk road segment","class":"trunk","osm_id":"276715027","highway":"trunk","bridge":"yes","tunnel":null,"source":"OpenStreetMap","is_simulated":false}},{"type":"Feature","id":"osm-way-743766391","geometry":{"type":"LineString","coordinates":[[76.2536433,9.986901],[76.2532764,9.9867676],[76.2511552,9.9859844],[76.2508841,9.9858572],[76.2504619,9.9857276]]},"properties":{"id":"osm-way-743766391","kind":"route","name":"Goshree Road","description":"OpenStreetMap trunk road segment","class":"trunk","osm_id":"743766391","highway":"trunk","bridge":null,"tunnel":null,"source":"OpenStreetMap","is_simulated":false}},{"type":"Feature","id":"osm-way-46512983","geometry":{"type":"LineString","coordinates":[[76.3853691,10.1966419],[76.3852935,10.1968676],[76.3851725,10.1971693],[76.3850386,10.1974787],[76.3850157,10.1975273],[76.3849136,10.1977444],[76.3848306,10.1979194],[76.3848128,10.1979621],[76.3847235,10.1981757],[76.3845973,10.1984414],[76.3844068,10.1988654],[76.3842646,10.1992203],[76.3841174,10.1995882],[76.383833,10.2002545],[76.3836814,10.2006122],[76.3835377,10.2009352],[76.3834811,10.201095],[76.3833529,10.2014266],[76.3832872,10.2015929],[76.3831961,10.2017725],[76.38309,10.2020509],[76.3829837,10.2023023],[76.3829733,10.2023404],[76.3829712,10.2023504],[76.3828513,10.2029115],[76.3827642,10.2033523],[76.3826686,10.2037478],[76.3826528,10.203813],[76.3825978,10.2040703],[76.382531,10.204355],[76.3823253,10.2052142],[76.3822934,10.2053453],[76.3822465,10.2055024],[76.382204,10.2056372],[76.3821634,10.2057698],[76.3820538,10.2061274],[76.3820289,10.2062225],[76.3819757,10.2064383],[76.3819439,10.2066936],[76.3819445,10.2077302]]},"properties":{"id":"osm-way-46512983","kind":"route","name":"Salem - Kochi - Kanyakumari Highway","description":"OpenStreetMap trunk road segment","class":"trunk","osm_id":"46512983","highway":"trunk","bridge":null,"tunnel":null,"source":"OpenStreetMap","is_simulated":false}},{"type":"Feature","id":"osm-way-1194189682","geometry":{"type":"LineString","coordinates":[[76.3335237,9.9507541],[76.3335729,9.9506836]]},"properties":{"id":"osm-way-1194189682","kind":"route","name":"Unnamed trunk road · OSM 1194189682","description":"OpenStreetMap trunk link road segment","class":"trunk","osm_id":"1194189682","highway":"trunk_link","bridge":null,"tunnel":null,"source":"OpenStreetMap","is_simulated":false}},{"type":"Feature","id":"osm-way-1014908117","geometry":{"type":"LineString","coordinates":[[76.3583901,9.9512036],[76.358416,9.9516428],[76.3584176,9.9517665],[76.3584253,9.9519817]]},"properties":{"id":"osm-way-1014908117","kind":"route","name":"Seaport Airport Road","description":"OpenStreetMap trunk road segment","class":"trunk","osm_id":"1014908117","highway":"trunk","bridge":null,"tunnel":null,"source":"OpenStreetMap","is_simulated":false}},{"type":"Feature","id":"osm-way-982377517","geometry":{"type":"LineString","coordinates":[[76.2504619,9.9857276],[76.2508088,9.9859064],[76.2511763,9.9860929]]},"properties":{"id":"osm-way-982377517","kind":"route","name":"Unnamed trunk road · OSM 982377517","description":"OpenStreetMap trunk road segment","class":"trunk","osm_id":"982377517","highway":"trunk","bridge":null,"tunnel":null,"source":"OpenStreetMap","is_simulated":false}},{"type":"Feature","id":"osm-way-254836607","geometry":{"type":"LineString","coordinates":[[76.3184773,9.9542705],[76.318463,9.9539412],[76.3184219,9.9521076],[76.3183948,9.9500004]]},"properties":{"id":"osm-way-254836607","kind":"route","name":"Salem - Kochi - Kanyakumari Road","description":"OpenStreetMap trunk road segment","class":"trunk","osm_id":"254836607","highway":"trunk","bridge":null,"tunnel":null,"source":"OpenStreetMap","is_simulated":false}},{"type":"Feature","id":"osm-way-240180827","geometry":{"type":"LineString","coordinates":[[76.3821053,10.2076764],[76.3820723,10.2070888],[76.3820803,10.2066332],[76.3820963,10.2065161],[76.382121,10.2063676],[76.3821737,10.2061345],[76.38228,10.2057875],[76.3823651,10.2054556],[76.3824382,10.2051655],[76.382461,10.2050431],[76.3824905,10.2048887],[76.3825388,10.204673],[76.3826112,10.204362],[76.3826796,10.2040664],[76.3827386,10.2038275],[76.3828095,10.2035478],[76.3828741,10.2032388],[76.3829209,10.2029684],[76.3829787,10.2027003],[76.3830069,10.2025591],[76.3830365,10.2024136],[76.3831124,10.2022248],[76.3831879,10.2020337],[76.3832966,10.2017755],[76.3833649,10.2016233],[76.3834347,10.2014332],[76.3835547,10.2011256],[76.3837325,10.2006952],[76.3838209,10.2004868],[76.3839269,10.2002294],[76.3840704,10.1998995],[76.3841997,10.1995975],[76.3843399,10.1992487],[76.3844652,10.1989258],[76.3845639,10.1987208],[76.3846671,10.1984898],[76.3847946,10.1982139],[76.3849228,10.1979225],[76.3851495,10.1974319],[76.3852894,10.1970946],[76.3854374,10.196705]]},"properties":{"id":"osm-way-240180827","kind":"route","name":"Salem - Kochi - Kanyakumari Highway","description":"OpenStreetMap trunk road segment","class":"trunk","osm_id":"240180827","highway":"trunk","bridge":null,"tunnel":null,"source":"OpenStreetMap","is_simulated":false}},{"type":"Feature","id":"osm-way-1017814924","geometry":{"type":"LineString","coordinates":[[76.3614602,9.951847],[76.3611494,9.9518441],[76.3608515,9.9518472],[76.360521,9.9518207],[76.3601442,9.9517796],[76.3600253,9.951745],[76.3597483,9.9516572],[76.3594465,9.9515514],[76.3589217,9.9513407],[76.3586675,9.9512489],[76.3584862,9.9512185],[76.3583901,9.9512036]]},"properties":{"id":"osm-way-1017814924","kind":"route","name":"Kochi - Madurai - Dhanushkodi Road","description":"OpenStreetMap trunk road segment","class":"trunk","osm_id":"1017814924","highway":"trunk","bridge":null,"tunnel":null,"source":"OpenStreetMap","is_simulated":false}},{"type":"Feature","id":"osm-way-30921545","geometry":{"type":"LineString","coordinates":[[76.3337379,9.9507522],[76.3335729,9.9506836],[76.3332995,9.9505628],[76.3331913,9.9505075],[76.332841,9.9503244],[76.3327671,9.950288],[76.3325086,9.9501701],[76.3322396,9.9500987]]},"properties":{"id":"osm-way-30921545","kind":"route","name":"Ettumanoor - Ernakulam Road","description":"OpenStreetMap trunk road segment","class":"trunk","osm_id":"30921545","highway":"trunk","bridge":null,"tunnel":null,"source":"OpenStreetMap","is_simulated":false}},{"type":"Feature","id":"osm-way-1202724605","geometry":{"type":"LineString","coordinates":[[76.3315693,9.9502182],[76.3317242,9.9501388],[76.3319044,9.950115],[76.3319419,9.9501219],[76.3320152,9.9501355],[76.3322495,9.9501787],[76.3324776,9.9502431],[76.3326594,9.9503182],[76.3329341,9.9504688],[76.3331636,9.9505824],[76.3332368,9.9506186],[76.3335237,9.9507541],[76.3337068,9.9508262]]},"properties":{"id":"osm-way-1202724605","kind":"route","name":"Unnamed trunk road · OSM 1202724605","description":"OpenStreetMap trunk road segment","class":"trunk","osm_id":"1202724605","highway":"trunk","bridge":null,"tunnel":null,"source":"OpenStreetMap","is_simulated":false}},{"type":"Feature","id":"osm-way-1190420858","geometry":{"type":"LineString","coordinates":[[76.3315626,9.9500675],[76.3315693,9.9502182]]},"properties":{"id":"osm-way-1190420858","kind":"route","name":"Unnamed trunk road · OSM 1190420858","description":"OpenStreetMap trunk road segment","class":"trunk","osm_id":"1190420858","highway":"trunk","bridge":null,"tunnel":null,"source":"OpenStreetMap","is_simulated":false}},{"type":"Feature","id":"osm-way-1132276353","geometry":{"type":"LineString","coordinates":[[76.3318417,9.9495919],[76.3315626,9.9500675]]},"properties":{"id":"osm-way-1132276353","kind":"route","name":"Unnamed trunk road · OSM 1132276353","description":"OpenStreetMap trunk road segment","class":"trunk","osm_id":"1132276353","highway":"trunk","bridge":null,"tunnel":null,"source":"OpenStreetMap","is_simulated":false}},{"type":"Feature","id":"osm-way-1014125922","geometry":{"type":"LineString","coordinates":[[76.3322396,9.9500987],[76.3320569,9.9500522],[76.3319496,9.9500333],[76.3315626,9.9500675]]},"properties":{"id":"osm-way-1014125922","kind":"route","name":"Ettumanoor - Ernakulam Road","description":"OpenStreetMap trunk road segment","class":"trunk","osm_id":"1014125922","highway":"trunk","bridge":null,"tunnel":null,"source":"OpenStreetMap","is_simulated":false}},{"type":"Feature","id":"osm-way-288780544","geometry":{"type":"LineString","coordinates":[[76.3319419,9.9501219],[76.3319496,9.9500333],[76.3319136,9.9498995],[76.3319109,9.9498429],[76.3318921,9.949761],[76.3318854,9.9497152],[76.3318764,9.9496852],[76.3318669,9.94966]]},"properties":{"id":"osm-way-288780544","kind":"route","name":"NH49","description":"OpenStreetMap trunk road segment","class":"trunk","osm_id":"288780544","highway":"trunk","bridge":null,"tunnel":null,"source":"OpenStreetMap","is_simulated":false}},{"type":"Feature","id":"osm-way-1132276352","geometry":{"type":"LineString","coordinates":[[76.3318669,9.94966],[76.3318417,9.9495919]]},"properties":{"id":"osm-way-1132276352","kind":"route","name":"Unnamed trunk road · OSM 1132276352","description":"OpenStreetMap trunk road segment","class":"trunk","osm_id":"1132276352","highway":"trunk","bridge":null,"tunnel":null,"source":"OpenStreetMap","is_simulated":false}},{"type":"Feature","id":"osm-way-758560782","geometry":{"type":"LineString","coordinates":[[76.224628,10.1481963],[76.224879,10.1477746],[76.2250073,10.1476208],[76.2252214,10.1473643],[76.2256242,10.1468386],[76.2260424,10.146299],[76.2262008,10.1460774],[76.2263221,10.145908],[76.2267462,10.1453144],[76.2268129,10.1452212],[76.226883,10.1451233],[76.2270087,10.1449477],[76.227163,10.1447321],[76.227203,10.1446776],[76.2272369,10.1446403],[76.2272577,10.1446147]]},"properties":{"id":"osm-way-758560782","kind":"route","name":"Kodungallur-Paravur-Ernakulam Highway","description":"OpenStreetMap trunk road segment","class":"trunk","osm_id":"758560782","highway":"trunk","bridge":null,"tunnel":null,"source":"OpenStreetMap","is_simulated":false}},{"type":"Feature","id":"osm-way-1132276350","geometry":{"type":"LineString","coordinates":[[76.3318417,9.9495919],[76.3318763,9.949533],[76.3319672,9.9493779],[76.332105,9.9491431]]},"properties":{"id":"osm-way-1132276350","kind":"route","name":"Unnamed trunk road · OSM 1132276350","description":"OpenStreetMap trunk road segment","class":"trunk","osm_id":"1132276350","highway":"trunk","bridge":null,"tunnel":null,"source":"OpenStreetMap","is_simulated":false}},{"type":"Feature","id":"osm-way-289363978","geometry":{"type":"LineString","coordinates":[[76.2504619,9.9857276],[76.2488106,9.9851469]]},"properties":{"id":"osm-way-289363978","kind":"route","name":"Goshree Road","description":"OpenStreetMap trunk road segment","class":"trunk","osm_id":"289363978","highway":"trunk","bridge":"yes","tunnel":null,"source":"OpenStreetMap","is_simulated":false}},{"type":"Feature","id":"osm-way-180234619","geometry":{"type":"LineString","coordinates":[[76.3182919,9.9500051],[76.3182932,9.9500888],[76.3183576,9.9542607]]},"properties":{"id":"osm-way-180234619","kind":"route","name":"Salem - Kochi - Kanyakumari Road","description":"OpenStreetMap trunk road segment","class":"trunk","osm_id":"180234619","highway":"trunk","bridge":null,"tunnel":null,"source":"OpenStreetMap","is_simulated":false}},{"type":"Feature","id":"osm-way-398868142","geometry":{"type":"LineString","coordinates":[[76.2465803,9.984263],[76.2466581,9.9843676],[76.2475556,9.9847299],[76.2480681,9.9849368],[76.2484014,9.9850714],[76.2485204,9.9851174],[76.2486159,9.9851537],[76.2502094,9.9857593],[76.2511763,9.9860929]]},"properties":{"id":"osm-way-398868142","kind":"route","name":"Goshree Road","description":"OpenStreetMap trunk link road segment","class":"trunk","osm_id":"398868142","highway":"trunk_link","bridge":null,"tunnel":null,"source":"OpenStreetMap","is_simulated":false}},{"type":"Feature","id":"osm-way-982377533","geometry":{"type":"LineString","coordinates":[[76.2488106,9.9851469],[76.2483738,9.9849751]]},"properties":{"id":"osm-way-982377533","kind":"route","name":"Goshree Road","description":"OpenStreetMap trunk road segment","class":"trunk","osm_id":"982377533","highway":"trunk","bridge":"yes","tunnel":null,"source":"OpenStreetMap","is_simulated":false}},{"type":"Feature","id":"osm-way-761635775","geometry":{"type":"LineString","coordinates":[[76.3184648,9.9490299],[76.3183817,9.9490296]]},"properties":{"id":"osm-way-761635775","kind":"route","name":"Unnamed trunk road · OSM 761635775","description":"OpenStreetMap trunk link road segment","class":"trunk","osm_id":"761635775","highway":"trunk_link","bridge":null,"tunnel":null,"source":"OpenStreetMap","is_simulated":false}},{"type":"Feature","id":"osm-way-653581559","geometry":{"type":"LineString","coordinates":[[76.2508841,9.9858572],[76.250707,9.9857494],[76.2485816,9.9849367],[76.2485141,9.9849113],[76.2474053,9.9844941],[76.2473261,9.9844643],[76.2469035,9.9843148],[76.2466943,9.9842395],[76.24663,9.9842356],[76.2465803,9.984263]]},"properties":{"id":"osm-way-653581559","kind":"route","name":"Unnamed trunk road · OSM 653581559","description":"OpenStreetMap trunk link road segment","class":"trunk","osm_id":"653581559","highway":"trunk_link","bridge":null,"tunnel":null,"source":"OpenStreetMap","is_simulated":false}},{"type":"Feature","id":"osm-way-761635776","geometry":{"type":"LineString","coordinates":[[76.3183656,9.948267],[76.3182579,9.948267]]},"properties":{"id":"osm-way-761635776","kind":"route","name":"Unnamed trunk road · OSM 761635776","description":"OpenStreetMap trunk link road segment","class":"trunk","osm_id":"761635776","highway":"trunk_link","bridge":null,"tunnel":null,"source":"OpenStreetMap","is_simulated":false}},{"type":"Feature","id":"osm-way-982377534","geometry":{"type":"LineString","coordinates":[[76.2483738,9.9849751],[76.2467833,9.9843427]]},"properties":{"id":"osm-way-982377534","kind":"route","name":"Goshree Road","description":"OpenStreetMap trunk road segment","class":"trunk","osm_id":"982377534","highway":"trunk","bridge":"yes","tunnel":null,"source":"OpenStreetMap","is_simulated":false}},{"type":"Feature","id":"osm-way-653581562","geometry":{"type":"LineString","coordinates":[[76.2467833,9.9843427],[76.2465803,9.984263]]},"properties":{"id":"osm-way-653581562","kind":"route","name":"Goshree Road","description":"OpenStreetMap trunk road segment","class":"trunk","osm_id":"653581562","highway":"trunk","bridge":null,"tunnel":null,"source":"OpenStreetMap","is_simulated":false}},{"type":"Feature","id":"osm-way-670201730","geometry":{"type":"LineString","coordinates":[[76.2465803,9.984263],[76.2464394,9.9842145]]},"properties":{"id":"osm-way-670201730","kind":"route","name":"Goshree Road","description":"OpenStreetMap trunk road segment","class":"trunk","osm_id":"670201730","highway":"trunk","bridge":null,"tunnel":null,"source":"OpenStreetMap","is_simulated":false}},{"type":"Feature","id":"osm-way-1034184828","geometry":{"type":"LineString","coordinates":[[76.224628,10.1481963],[76.2245525,10.1483369],[76.2245018,10.1484312]]},"properties":{"id":"osm-way-1034184828","kind":"route","name":"Kodungallur-Paravur-Ernakulam Highway","description":"OpenStreetMap trunk road segment","class":"trunk","osm_id":"1034184828","highway":"trunk","bridge":null,"tunnel":null,"source":"OpenStreetMap","is_simulated":false}},{"type":"Feature","id":"osm-way-1019090481","geometry":{"type":"LineString","coordinates":[[76.2243752,10.1486658],[76.2244319,10.1485607],[76.2245018,10.1484312]]},"properties":{"id":"osm-way-1019090481","kind":"route","name":"Kodungallur-Paravur-Ernakulam Highway","description":"OpenStreetMap trunk road segment","class":"trunk","osm_id":"1019090481","highway":"trunk","bridge":null,"tunnel":null,"source":"OpenStreetMap","is_simulated":false}},{"type":"Feature","id":"osm-way-240180821","geometry":{"type":"LineString","coordinates":[[76.3821298,10.2084484],[76.3821053,10.2076764]]},"properties":{"id":"osm-way-240180821","kind":"route","name":"Unnamed trunk road · OSM 240180821","description":"OpenStreetMap trunk road segment","class":"trunk","osm_id":"240180821","highway":"trunk","bridge":"yes","tunnel":null,"source":"OpenStreetMap","is_simulated":false}},{"type":"Feature","id":"osm-way-1021131245","geometry":{"type":"LineString","coordinates":[[76.3352036,9.9428394],[76.3352364,9.9429493],[76.3352413,9.9430003],[76.3352051,9.943185],[76.3351385,9.943478],[76.3350393,9.9439148],[76.3349892,9.9439959],[76.3348603,9.944228],[76.3348407,9.9442589],[76.3346905,9.9445232],[76.3346327,9.9446254],[76.3345267,9.9448126],[76.334275,9.945257],[76.3342438,9.9453122],[76.3340511,9.9456743],[76.3339703,9.9458263],[76.3336102,9.9465037],[76.3334648,9.9467645],[76.3332468,9.9471554],[76.3330376,9.9475306],[76.3329369,9.9477113],[76.3328609,9.9478393],[76.3327377,9.9480467],[76.3326434,9.9482054],[76.3325208,9.9484117],[76.3324397,9.9485483],[76.3323528,9.9486945],[76.3323203,9.9487533],[76.332105,9.9491431]]},"properties":{"id":"osm-way-1021131245","kind":"route","name":"Kochi - Dhanushkodi Road","description":"OpenStreetMap trunk road segment","class":"trunk","osm_id":"1021131245","highway":"trunk","bridge":null,"tunnel":null,"source":"OpenStreetMap","is_simulated":false}},{"type":"Feature","id":"osm-way-240180798","geometry":{"type":"LineString","coordinates":[[76.3819445,10.2077302],[76.3819754,10.2083833],[76.3819785,10.2084479]]},"properties":{"id":"osm-way-240180798","kind":"route","name":"Unnamed trunk road · OSM 240180798","description":"OpenStreetMap trunk road segment","class":"trunk","osm_id":"240180798","highway":"trunk","bridge":"yes","tunnel":null,"source":"OpenStreetMap","is_simulated":false}},{"type":"Feature","id":"osm-way-552418645","geometry":{"type":"LineString","coordinates":[[76.2235371,10.1505772],[76.2236365,10.1503317],[76.2236779,10.1502331],[76.2238701,10.1497757],[76.224012,10.149438],[76.2243539,10.1486947],[76.2243752,10.1486658]]},"properties":{"id":"osm-way-552418645","kind":"route","name":"Kodungallur-Paravur-Ernakulam Highway","description":"OpenStreetMap trunk road segment","class":"trunk","osm_id":"552418645","highway":"trunk","bridge":null,"tunnel":null,"source":"OpenStreetMap","is_simulated":false}},{"type":"Feature","id":"osm-way-46513144","geometry":{"type":"LineString","coordinates":[[76.3183948,9.9500004],[76.3183869,9.9492731],[76.3183817,9.9490296],[76.3183656,9.948267],[76.3183627,9.9481325],[76.3183591,9.9479616],[76.3183572,9.9478932],[76.3183303,9.9469443],[76.3183236,9.946538],[76.3183138,9.9459464],[76.3183115,9.9458069],[76.3182997,9.9450474],[76.3182964,9.9443055],[76.3182834,9.9440046],[76.318271,9.9435812],[76.3182486,9.9428127],[76.3182418,9.94258],[76.318219,9.9415687],[76.3181982,9.9404965]]},"properties":{"id":"osm-way-46513144","kind":"route","name":"Salem - Kochi - Kanyakumari Road","description":"OpenStreetMap trunk road segment","class":"trunk","osm_id":"46513144","highway":"trunk","bridge":null,"tunnel":null,"source":"OpenStreetMap","is_simulated":false}},{"type":"Feature","id":"osm-way-46513147","geometry":{"type":"LineString","coordinates":[[76.3738374,9.9434557],[76.373559,9.9438573],[76.3733827,9.9440934],[76.3733037,9.9442285],[76.3732098,9.9442807],[76.3730466,9.9443611],[76.3726351,9.9445238],[76.372065,9.9447541],[76.3718533,9.9448803],[76.3717564,9.9449146],[76.3715171,9.9449985],[76.3714923,9.945006],[76.3712038,9.9450935],[76.3709545,9.945169],[76.3708812,9.9451812],[76.3706679,9.9452504],[76.3706491,9.9452565],[76.3701136,9.94544],[76.3696334,9.9455924],[76.3692253,9.9457016],[76.3691373,9.9457247],[76.3685431,9.9459457],[76.3685125,9.9459473],[76.368172,9.9460542],[76.3681,9.9460778],[76.3679821,9.9461195],[76.3678578,9.9461607],[76.3677633,9.9462099],[76.3676739,9.9462663],[76.3676315,9.9462965],[76.3674708,9.9464234],[76.3673288,9.9465527],[76.367181,9.9466826],[76.3670972,9.9467595],[76.3670155,9.9468248],[76.3669401,9.9468751],[76.3667737,9.9469715],[76.3664617,9.9472008],[76.3661417,9.9473973],[76.3658992,9.9475325],[76.3656396,9.9477232],[76.3654282,9.9479461],[76.3651739,9.9482704],[76.365038,9.9484436],[76.3648869,9.9486173],[76.3647807,9.9487371],[76.3646551,9.9489138],[76.3646209,9.9489559],[76.364405,9.9492275],[76.3641357,9.9494964],[76.3640097,9.9496332],[76.3638173,9.9498865],[76.3637501,9.9499831],[76.3636924,9.9500761],[76.3636294,9.950208],[76.3635559,9.9503945],[76.3635219,9.9505662],[76.3634742,9.9507233],[76.3633946,9.9508993],[76.3633546,9.9509448],[76.3632147,9.9510863],[76.3628084,9.9513531],[76.3627712,9.9513775],[76.3624017,9.9515932],[76.362155,9.9517252],[76.3619455,9.9518046],[76.3617092,9.9518394],[76.3615478,9.9518478],[76.3614602,9.951847]]},"properties":{"id":"osm-way-46513147","kind":"route","name":"കൊച്ചി - മധുരൈ - ധനുഷ്‌കോടി റോഡ്","description":"OpenStreetMap trunk road segment","class":"trunk","osm_id":"46513147","highway":"trunk","bridge":null,"tunnel":null,"source":"OpenStreetMap","is_simulated":false}},{"type":"Feature","id":"osm-way-96075226","geometry":{"type":"LineString","coordinates":[[76.3180724,9.9399104],[76.3180926,9.9407599],[76.3181385,9.9425355],[76.3181622,9.9440046],[76.3182005,9.9454638],[76.3182524,9.947983],[76.3182579,9.948267],[76.3182919,9.9500051]]},"properties":{"id":"osm-way-96075226","kind":"route","name":"Salem - Kochi - Kanyakumari Road","description":"OpenStreetMap trunk road segment","class":"trunk","osm_id":"96075226","highway":"trunk","bridge":null,"tunnel":null,"source":"OpenStreetMap","is_simulated":false}},{"type":"Feature","id":"osm-way-1015412469","geometry":{"type":"LineString","coordinates":[[76.2591698,9.96948],[76.2591981,9.9694689],[76.2592266,9.9694478],[76.2592406,9.9694311],[76.2592522,9.9694106],[76.2592595,9.9693884],[76.2592625,9.9693609],[76.25926,9.9693371],[76.2592497,9.9693076],[76.2592408,9.9692941]]},"properties":{"id":"osm-way-1015412469","kind":"route","name":"NH47A","description":"OpenStreetMap trunk road segment","class":"trunk","osm_id":"1015412469","highway":"trunk","bridge":null,"tunnel":null,"source":"OpenStreetMap","is_simulated":false}},{"type":"Feature","id":"osm-way-1028298459","geometry":{"type":"LineString","coordinates":[[76.2605843,9.9683703],[76.2606433,9.9683297],[76.2608248,9.968201],[76.2612763,9.9678809],[76.261716,9.9675692],[76.2624712,9.9670406]]},"properties":{"id":"osm-way-1028298459","kind":"route","name":"Indira Gandhi Road","description":"OpenStreetMap trunk road segment","class":"trunk","osm_id":"1028298459","highway":"trunk","bridge":null,"tunnel":null,"source":"OpenStreetMap","is_simulated":false}},{"type":"Feature","id":"osm-way-1010971188","geometry":{"type":"LineString","coordinates":[[76.2605843,9.9683703],[76.2594502,9.9691497],[76.259348,9.9692178]]},"properties":{"id":"osm-way-1010971188","kind":"route","name":"Indira Gandhi Road","description":"OpenStreetMap trunk road segment","class":"trunk","osm_id":"1010971188","highway":"trunk","bridge":null,"tunnel":null,"source":"OpenStreetMap","is_simulated":false}},{"type":"Feature","id":"osm-way-1010971187","geometry":{"type":"LineString","coordinates":[[76.2592408,9.9692941],[76.2593386,9.9692244],[76.259348,9.9692178]]},"properties":{"id":"osm-way-1010971187","kind":"route","name":"Indira Gandhi Road","description":"OpenStreetMap trunk road segment","class":"trunk","osm_id":"1010971187","highway":"trunk","bridge":null,"tunnel":null,"source":"OpenStreetMap","is_simulated":false}},{"type":"Feature","id":"osm-way-254808243","geometry":{"type":"LineString","coordinates":[[76.2592408,9.9692941],[76.2592343,9.9692841],[76.2592116,9.969263],[76.2591925,9.9692518],[76.2591725,9.9692442],[76.2591492,9.96924],[76.2591262,9.9692401],[76.2591043,9.9692442],[76.2590823,9.9692527],[76.2590613,9.969266],[76.2590458,9.9692804],[76.2590278,9.9693064],[76.2590164,9.9693396],[76.2590148,9.969372],[76.2590186,9.9693935],[76.2590267,9.9694149],[76.2590389,9.9694348],[76.2590576,9.9694545],[76.2590832,9.9694712],[76.2590998,9.9694779],[76.2591237,9.9694831],[76.2591486,9.9694836],[76.2591698,9.96948]]},"properties":{"id":"osm-way-254808243","kind":"route","name":"Port Trust Circle","description":"OpenStreetMap trunk road segment","class":"trunk","osm_id":"254808243","highway":"trunk","bridge":null,"tunnel":null,"source":"OpenStreetMap","is_simulated":false}},{"type":"Feature","id":"osm-way-289363980","geometry":{"type":"LineString","coordinates":[[76.2464394,9.9842145],[76.242665,9.9827869]]},"properties":{"id":"osm-way-289363980","kind":"route","name":"Goshree Bridge","description":"OpenStreetMap trunk road segment","class":"trunk","osm_id":"289363980","highway":"trunk","bridge":"yes","tunnel":null,"source":"OpenStreetMap","is_simulated":false}},{"type":"Feature","id":"osm-way-45731026","geometry":{"type":"LineString","coordinates":[[76.4228041,9.9688638],[76.4226031,9.9686708],[76.4219177,9.9680051],[76.4216509,9.9678473],[76.4215246,9.9677271],[76.4213768,9.9675885],[76.4212917,9.9673313],[76.4212189,9.9670025],[76.4211966,9.9665279],[76.4211094,9.9662676],[76.4209321,9.9660393],[76.4207376,9.9658464],[76.4204392,9.9656605],[76.4203099,9.9656006],[76.4199705,9.9654703],[76.4198297,9.9654252],[76.4191983,9.965273],[76.4187174,9.965178],[76.4181033,9.9648794],[76.4171345,9.9646575],[76.4170393,9.9646269],[76.4161706,9.9642725],[76.4159905,9.9642089],[76.4159723,9.964205],[76.4159158,9.9642067],[76.4157913,9.9642104],[76.4153758,9.9643184],[76.4151254,9.9643991],[76.4141743,9.9647166],[76.4140879,9.9647516],[76.4138244,9.9648807],[76.4135977,9.9650428],[76.4132125,9.9653719],[76.4131479,9.9654278],[76.4129943,9.9655613],[76.4129203,9.965629],[76.4126445,9.9657676],[76.4124792,9.9658121],[76.4124125,9.9658328],[76.4122814,9.9658471],[76.4115898,9.9658638],[76.4110567,9.9658402],[76.4105491,9.9657709],[76.410118,9.9656618],[76.4097966,9.9655845],[76.4083588,9.9652181],[76.4081282,9.9651283],[76.4080266,9.9650887],[76.4077994,9.964919],[76.4076322,9.964789],[76.4075956,9.9647605],[76.4074492,9.9646052],[76.407332,9.9643953],[76.4072694,9.964159],[76.4072496,9.9640841],[76.4071647,9.963607],[76.4071604,9.9635827],[76.4071529,9.9635406],[76.4071276,9.9633987],[76.4070501,9.9629634],[76.4068662,9.9626128],[76.406744,9.9623675],[76.4064025,9.9612696],[76.4060272,9.9600264],[76.4059548,9.9598075],[76.4058479,9.9595779],[76.4056765,9.9593403],[76.4052421,9.9588705],[76.4050481,9.9586606],[76.4049266,9.9584729],[76.4048515,9.9582112],[76.4048076,9.9575797],[76.404767,9.957435],[76.4047334,9.957397],[76.4046621,9.9573164],[76.4041188,9.9570426],[76.402376,9.9561347],[76.4020614,9.9557999],[76.4012825,9.9554541],[76.4010273,9.9552874],[76.4008734,9.9551262],[76.4007871,9.9549651],[76.4007069,9.9548084],[76.4006696,9.9547355],[76.4005662,9.9546674],[76.4004821,9.9546466],[76.4003179,9.9546129],[76.3997742,9.9545855],[76.3994797,9.9545247],[76.3991585,9.9544111],[76.3985752,9.9541877],[76.3983279,9.9541486],[76.3981088,9.9541825],[76.3978323,9.9542568],[76.3969554,9.9548334],[76.3963456,9.9550916],[76.3961042,9.9551622],[76.3957935,9.9552791],[76.3955637,9.9553281],[76.3953801,9.9553239],[76.3952225,9.9552753],[76.395114,9.9552068],[76.3950192,9.9550678],[76.3949812,9.9549142],[76.3949903,9.9546331],[76.3949381,9.9544508],[76.3946636,9.9541352],[76.3944836,9.9540115],[76.3942685,9.9539622],[76.3940591,9.9539881],[76.3938197,9.9541088],[76.3936233,9.9542852],[76.3933369,9.9546055],[76.3932059,9.9547142],[76.3930342,9.9548029],[76.3926816,9.9549283],[76.3925296,9.9550582],[76.3923732,9.9552469],[76.3921764,9.9553178],[76.3919801,9.955342],[76.3917534,9.9553311],[76.3914718,9.9552826],[76.3913011,9.9552074],[76.3911758,9.9550441],[76.3911222,9.954868],[76.3911322,9.9547238],[76.391178,9.9540667],[76.3911383,9.9536887],[76.3910609,9.9533983],[76.3909878,9.9532278],[76.3909201,9.9531484],[76.390851,9.9531043],[76.3907648,9.9530813],[76.3906257,9.9530647],[76.3904299,9.9530488],[76.3899932,9.9530328]]},"properties":{"id":"osm-way-45731026","kind":"route","name":"കൊച്ചി - മധുരൈ - ധനുഷ്‌കോടി റോഡ്","description":"OpenStreetMap trunk road segment","class":"trunk","osm_id":"45731026","highway":"trunk","bridge":null,"tunnel":null,"source":"OpenStreetMap","is_simulated":false}},{"type":"Feature","id":"osm-way-1039016180","geometry":{"type":"LineString","coordinates":[[76.3899932,9.9530328],[76.3892584,9.953025],[76.3890982,9.953031],[76.3889684,9.9530689],[76.3887526,9.9531445],[76.3883184,9.9533629],[76.3880287,9.9534087],[76.3876825,9.9534037],[76.3872958,9.9533098],[76.3869077,9.9533565],[76.3866729,9.9533209],[76.3864443,9.9532232],[76.3862457,9.9530657],[76.3860116,9.9529178],[76.3858807,9.9528186],[76.3855525,9.9525729],[76.3852781,9.9522973],[76.3851331,9.9520613],[76.3850114,9.9517946],[76.3845758,9.9505791],[76.3843099,9.949837],[76.3842719,9.9497204],[76.3842025,9.9495797],[76.3840657,9.9493974],[76.3839925,9.9493369],[76.3838896,9.9492998],[76.3834915,9.9491708],[76.3829138,9.9490495],[76.3819484,9.9488531],[76.3815879,9.9488338],[76.3814443,9.9488559],[76.3809778,9.948926],[76.3807038,9.9489678],[76.3806082,9.9489801],[76.3804106,9.94899],[76.3802271,9.9489914],[76.3799784,9.9489428],[76.3797616,9.9488218],[76.3795655,9.9486811],[76.3793599,9.9486045],[76.3785526,9.9484228],[76.3780886,9.9483266],[76.377928,9.9482767],[76.3778015,9.9482442],[76.3775599,9.9481529],[76.3772808,9.947973],[76.3770281,9.9477319],[76.3768605,9.9475377]]},"properties":{"id":"osm-way-1039016180","kind":"route","name":"കൊച്ചി - മധുരൈ - ധനുഷ്‌കോടി റോഡ്","description":"OpenStreetMap trunk road segment","class":"trunk","osm_id":"1039016180","highway":"trunk","bridge":null,"tunnel":null,"source":"OpenStreetMap","is_simulated":false}},{"type":"Feature","id":"osm-way-59266109","geometry":{"type":"LineString","coordinates":[[76.3768605,9.9475377],[76.3760444,9.9467724]]},"properties":{"id":"osm-way-59266109","kind":"route","name":"കൊച്ചി - മധുരൈ - ധനുഷ്‌കോടി റോഡ്","description":"OpenStreetMap trunk road segment","class":"trunk","osm_id":"59266109","highway":"trunk","bridge":"yes","tunnel":null,"source":"OpenStreetMap","is_simulated":false}},{"type":"Feature","id":"osm-way-289363979","geometry":{"type":"LineString","coordinates":[[76.242665,9.9827869],[76.2423912,9.9826802],[76.2423016,9.9826456],[76.2421076,9.9825724],[76.2420826,9.982563],[76.2419983,9.9825312]]},"properties":{"id":"osm-way-289363979","kind":"route","name":"Goshree Road","description":"OpenStreetMap trunk road segment","class":"trunk","osm_id":"289363979","highway":"trunk","bridge":null,"tunnel":null,"source":"OpenStreetMap","is_simulated":false}},{"type":"Feature","id":"osm-way-289364051","geometry":{"type":"LineString","coordinates":[[76.2411859,9.9823158],[76.2419068,9.9825357],[76.2419983,9.9825312]]},"properties":{"id":"osm-way-289364051","kind":"route","name":"Goshree Road","description":"OpenStreetMap trunk road segment","class":"trunk","osm_id":"289364051","highway":"trunk","bridge":null,"tunnel":null,"source":"OpenStreetMap","is_simulated":false}},{"type":"Feature","id":"osm-way-1019050139","geometry":{"type":"LineString","coordinates":[[76.4267275,9.971172],[76.4266479,9.9711763],[76.4262485,9.9711367],[76.4260342,9.9710893],[76.4259106,9.971062],[76.4252512,9.9709354],[76.4249768,9.970848],[76.4247276,9.9706532],[76.4241142,9.9700763],[76.423441,9.9694785],[76.423285,9.9693223]]},"properties":{"id":"osm-way-1019050139","kind":"route","name":"കൊച്ചി - മധുരൈ - ധനുഷ്‌കോടി റോഡ്","description":"OpenStreetMap trunk road segment","class":"trunk","osm_id":"1019050139","highway":"trunk","bridge":null,"tunnel":null,"source":"OpenStreetMap","is_simulated":false}},{"type":"Feature","id":"osm-way-1019191825","geometry":{"type":"LineString","coordinates":[[76.423285,9.9693223],[76.4232063,9.9692384],[76.4229895,9.9690461],[76.4228041,9.9688638]]},"properties":{"id":"osm-way-1019191825","kind":"route","name":"കൊച്ചി - മധുരൈ - ധനുഷ്‌കോടി റോഡ്","description":"OpenStreetMap trunk road segment","class":"trunk","osm_id":"1019191825","highway":"trunk","bridge":null,"tunnel":null,"source":"OpenStreetMap","is_simulated":false}},{"type":"Feature","id":"osm-way-187481383","geometry":{"type":"LineString","coordinates":[[76.2419983,9.9825312],[76.2419329,9.9824713],[76.2414639,9.9822993],[76.2412167,9.9821869]]},"properties":{"id":"osm-way-187481383","kind":"route","name":"Goshree Road","description":"OpenStreetMap trunk road segment","class":"trunk","osm_id":"187481383","highway":"trunk","bridge":null,"tunnel":null,"source":"OpenStreetMap","is_simulated":false}},{"type":"Feature","id":"osm-way-759812682","geometry":{"type":"LineString","coordinates":[[76.2411859,9.9823158],[76.2412092,9.9822877],[76.2412225,9.9822539],[76.2412246,9.9822177],[76.2412167,9.9821869]]},"properties":{"id":"osm-way-759812682","kind":"route","name":"Unnamed trunk road · OSM 759812682","description":"OpenStreetMap trunk road segment","class":"trunk","osm_id":"759812682","highway":"trunk","bridge":null,"tunnel":null,"source":"OpenStreetMap","is_simulated":false}},{"type":"Feature","id":"osm-way-754977112","geometry":{"type":"LineString","coordinates":[[76.2410185,9.9823048],[76.241047,9.9823285],[76.2410816,9.9823422],[76.2411172,9.9823466],[76.2411537,9.9823394],[76.2411859,9.9823158]]},"properties":{"id":"osm-way-754977112","kind":"route","name":"Unnamed trunk road · OSM 754977112","description":"OpenStreetMap trunk road segment","class":"trunk","osm_id":"754977112","highway":"trunk","bridge":null,"tunnel":null,"source":"OpenStreetMap","is_simulated":false}},{"type":"Feature","id":"osm-way-97252838","geometry":{"type":"LineString","coordinates":[[76.2235371,10.1505772],[76.2231038,10.1504459],[76.2228388,10.1504045],[76.2225635,10.1503733],[76.2225105,10.1503879],[76.2224497,10.1504359],[76.2223635,10.1505222],[76.2222865,10.1505394],[76.2222052,10.1505398],[76.2219703,10.1505114],[76.2217748,10.1504652],[76.2209317,10.1501613],[76.2205921,10.15008],[76.2202345,10.1499878],[76.2201309,10.1499611],[76.219819,10.1498413],[76.2197638,10.1498126],[76.2186927,10.1494303],[76.2183045,10.1492922],[76.2181533,10.149254],[76.2181015,10.1492812],[76.218066,10.1493364],[76.2180237,10.1494293],[76.2179537,10.1495299],[76.2178499,10.1496363],[76.2176717,10.1497347],[76.2174495,10.1498186],[76.2173144,10.1498764],[76.2171503,10.1499408],[76.2170463,10.1499807],[76.2169001,10.1500379]]},"properties":{"id":"osm-way-97252838","kind":"route","name":"Kodungallur-Paravur-Ernakulam Highway","description":"OpenStreetMap trunk road segment","class":"trunk","osm_id":"97252838","highway":"trunk","bridge":null,"tunnel":null,"source":"OpenStreetMap","is_simulated":false}},{"type":"Feature","id":"osm-way-289318577","geometry":{"type":"LineString","coordinates":[[76.2412167,9.9821869],[76.2411931,9.9821508],[76.2411649,9.9821282],[76.2411282,9.9821153],[76.2410894,9.9821149],[76.2410555,9.9821257],[76.2410216,9.9821504]]},"properties":{"id":"osm-way-289318577","kind":"route","name":"Unnamed trunk road · OSM 289318577","description":"OpenStreetMap trunk road segment","class":"trunk","osm_id":"289318577","highway":"trunk","bridge":null,"tunnel":null,"source":"OpenStreetMap","is_simulated":false}},{"type":"Feature","id":"osm-way-754977113","geometry":{"type":"LineString","coordinates":[[76.2410002,9.9821824],[76.2409909,9.9822135],[76.2409918,9.9822508],[76.2410185,9.9823048]]},"properties":{"id":"osm-way-754977113","kind":"route","name":"Unnamed trunk road · OSM 754977113","description":"OpenStreetMap trunk road segment","class":"trunk","osm_id":"754977113","highway":"trunk","bridge":null,"tunnel":null,"source":"OpenStreetMap","is_simulated":false}},{"type":"Feature","id":"osm-way-1019050134","geometry":{"type":"LineString","coordinates":[[76.4269711,9.9711467],[76.4267275,9.971172]]},"properties":{"id":"osm-way-1019050134","kind":"route","name":"കൊച്ചി - മധുരൈ - ധനുഷ്‌കോടി റോഡ്","description":"OpenStreetMap trunk road segment","class":"trunk","osm_id":"1019050134","highway":"trunk","bridge":null,"tunnel":null,"source":"OpenStreetMap","is_simulated":false}},{"type":"Feature","id":"osm-way-1417508756","geometry":{"type":"LineString","coordinates":[[76.2410216,9.9821504],[76.2410002,9.9821824]]},"properties":{"id":"osm-way-1417508756","kind":"route","name":"Unnamed trunk road · OSM 1417508756","description":"OpenStreetMap trunk road segment","class":"trunk","osm_id":"1417508756","highway":"trunk","bridge":null,"tunnel":null,"source":"OpenStreetMap","is_simulated":false}},{"type":"Feature","id":"osm-way-552418646","geometry":{"type":"LineString","coordinates":[[76.2169001,10.1500379],[76.2170719,10.1500469],[76.2172321,10.1500764],[76.2181317,10.1503096],[76.2182535,10.150395],[76.2182572,10.1504561],[76.2182681,10.1505046],[76.2183515,10.1505639],[76.2184355,10.1506142],[76.2186221,10.1507261],[76.2193609,10.1510039],[76.2196032,10.1510409],[76.2201905,10.1510617],[76.2202579,10.1510655],[76.2202987,10.1510684],[76.2203973,10.1510753],[76.221563,10.1512506],[76.2220773,10.1513614],[76.2223544,10.1513785],[76.2226467,10.1513757],[76.2233339,10.1513202],[76.2233595,10.1513181],[76.2234125,10.151146],[76.2234608,10.1507988],[76.2235371,10.1505772]]},"properties":{"id":"osm-way-552418646","kind":"route","name":"Kodungallur-Paravur-Ernakulam Highway","description":"OpenStreetMap trunk road segment","class":"trunk","osm_id":"552418646","highway":"trunk","bridge":null,"tunnel":null,"source":"OpenStreetMap","is_simulated":false}},{"type":"Feature","id":"osm-way-276728844","geometry":{"type":"LineString","coordinates":[[76.3760444,9.9467724],[76.3758554,9.9465592],[76.3755737,9.9461789],[76.3753187,9.9456491],[76.3752718,9.945554],[76.3749955,9.9450726],[76.3749089,9.9449234],[76.3743871,9.9440866],[76.3743016,9.9439653],[76.3740813,9.9436919],[76.3738374,9.9434557]]},"properties":{"id":"osm-way-276728844","kind":"route","name":"കൊച്ചി - മധുരൈ - ധനുഷ്‌കോടി റോഡ്","description":"OpenStreetMap trunk road segment","class":"trunk","osm_id":"276728844","highway":"trunk","bridge":null,"tunnel":null,"source":"OpenStreetMap","is_simulated":false}},{"type":"Feature","id":"osm-way-240180806","geometry":{"type":"LineString","coordinates":[[76.3819785,10.2084479],[76.3819879,10.2088257],[76.3819738,10.2090282],[76.3819595,10.209197],[76.3819392,10.2095067],[76.3818728,10.2098124],[76.381809,10.2099928],[76.3817805,10.2100855],[76.381661,10.2103914],[76.3815363,10.2106448],[76.3810652,10.211438],[76.3807726,10.2119856],[76.3804615,10.2125189],[76.379785,10.2136589],[76.3797582,10.2137081],[76.3794678,10.2142311],[76.3792799,10.2145475],[76.3790977,10.2148403],[76.37873,10.2155155],[76.3782774,10.216318],[76.3780475,10.2167074],[76.3779718,10.2168345],[76.377853,10.2170327],[76.3777368,10.2172626],[76.3776554,10.2174398],[76.3775457,10.217704],[76.3771077,10.2190177],[76.376925,10.2195655],[76.3767469,10.2200795],[76.3763598,10.2212455],[76.3757584,10.2230362],[76.375644,10.2234194],[76.3755619,10.2237387],[76.375503,10.2239986],[76.3751943,10.2252508],[76.3750054,10.2260096],[76.3748443,10.2266701]]},"properties":{"id":"osm-way-240180806","kind":"route","name":"Salem - Kochi - Kanyakumari Highway","description":"OpenStreetMap trunk road segment","class":"trunk","osm_id":"240180806","highway":"trunk","bridge":null,"tunnel":null,"source":"OpenStreetMap","is_simulated":false}},{"type":"Feature","id":"osm-way-895684083","geometry":{"type":"LineString","coordinates":[[76.430063,9.97017],[76.4298409,9.9701683],[76.4296159,9.9702152],[76.4293079,9.970307],[76.4292329,9.9703293],[76.4291479,9.9703546],[76.4287685,9.9704676],[76.4275418,9.9709448],[76.427138,9.9710876],[76.4269711,9.9711467]]},"properties":{"id":"osm-way-895684083","kind":"route","name":"കൊച്ചി - മധുരൈ - ധനുഷ്‌കോടി റോഡ്","description":"OpenStreetMap trunk road segment","class":"trunk","osm_id":"895684083","highway":"trunk","bridge":null,"tunnel":null,"source":"OpenStreetMap","is_simulated":false}},{"type":"Feature","id":"osm-way-1024904607","geometry":{"type":"LineString","coordinates":[[76.3180559,9.9392092],[76.3180724,9.9399104]]},"properties":{"id":"osm-way-1024904607","kind":"route","name":"Salem - Kochi - Kanyakumari Road","description":"OpenStreetMap trunk road segment","class":"trunk","osm_id":"1024904607","highway":"trunk","bridge":null,"tunnel":null,"source":"OpenStreetMap","is_simulated":false}},{"type":"Feature","id":"osm-way-1024904608","geometry":{"type":"LineString","coordinates":[[76.3179727,9.9397707],[76.3180724,9.9399104]]},"properties":{"id":"osm-way-1024904608","kind":"route","name":"Unnamed trunk road · OSM 1024904608","description":"OpenStreetMap trunk link road segment","class":"trunk","osm_id":"1024904608","highway":"trunk_link","bridge":null,"tunnel":null,"source":"OpenStreetMap","is_simulated":false}},{"type":"Feature","id":"osm-way-254815420","geometry":{"type":"LineString","coordinates":[[76.3181815,9.9368075],[76.3186175,9.9368874],[76.3189673,9.9369936],[76.3191941,9.9370624],[76.3194032,9.9371259],[76.3195993,9.9371876],[76.3197676,9.9372406],[76.3199452,9.9372965],[76.3201532,9.9373619],[76.3203124,9.937412],[76.3206128,9.9375065],[76.3207555,9.9375514],[76.3209525,9.9376134],[76.3212317,9.9377013],[76.321268,9.9377127],[76.3214007,9.9377545],[76.3216438,9.9378309],[76.3219217,9.9379184],[76.3222445,9.9380069],[76.3224843,9.9381062],[76.3227098,9.9381995],[76.3228977,9.9382773],[76.3231071,9.9383463],[76.3233948,9.9384127],[76.3236496,9.9384715],[76.3238564,9.9385192],[76.3239546,9.9385561],[76.3240974,9.9386098],[76.3242786,9.9387266],[76.3244141,9.9387974],[76.3247312,9.9389386],[76.3250244,9.9389854],[76.3253041,9.9390245],[76.325418,9.9390309],[76.3255253,9.939037],[76.3256737,9.9390534],[76.3258152,9.9390671],[76.3260625,9.9390477],[76.3263506,9.9390454],[76.3264309,9.9389821],[76.3264973,9.9389365],[76.3267106,9.9387857],[76.3268938,9.9386686],[76.3270614,9.9385913],[76.327262,9.9385996],[76.3275621,9.9386796],[76.3278912,9.9387403],[76.3282841,9.9388199],[76.3287963,9.9389304],[76.3290822,9.9389925],[76.3292376,9.9390539],[76.3293628,9.9391086],[76.3297988,9.9392325],[76.3299043,9.9392585],[76.3301367,9.9393395],[76.3303771,9.9394835],[76.3304272,9.9395234],[76.3304888,9.9395725],[76.3305807,9.9396457],[76.3308181,9.9398705],[76.3310893,9.9401272],[76.3312676,9.940296],[76.3313788,9.9404013],[76.3315054,9.9405212],[76.3316062,9.9406166],[76.3318198,9.9408188],[76.3325531,9.9414509],[76.3326464,9.9415314],[76.3329057,9.9417051],[76.3329402,9.9417282],[76.3329851,9.9417536],[76.3330952,9.9418161],[76.3335635,9.9420816],[76.3338427,9.9422019],[76.3340161,9.9422395],[76.3345664,9.9423622],[76.3347944,9.9424504],[76.3348191,9.9424599],[76.3350417,9.9425806],[76.3350927,9.9426502],[76.3351359,9.9427091],[76.3352036,9.9428394]]},"properties":{"id":"osm-way-254815420","kind":"route","name":"Kochi - Dhanushkodi Road","description":"OpenStreetMap trunk road segment","class":"trunk","osm_id":"254815420","highway":"trunk","bridge":null,"tunnel":null,"source":"OpenStreetMap","is_simulated":false}},{"type":"Feature","id":"osm-way-237421418","geometry":{"type":"LineString","coordinates":[[76.3779718,10.2168345],[76.3778838,10.2168079]]},"properties":{"id":"osm-way-237421418","kind":"route","name":"Unnamed trunk road · OSM 237421418","description":"OpenStreetMap trunk link road segment","class":"trunk","osm_id":"237421418","highway":"trunk_link","bridge":null,"tunnel":null,"source":"OpenStreetMap","is_simulated":false}},{"type":"Feature","id":"osm-way-237421276","geometry":{"type":"LineString","coordinates":[[76.3781548,10.2167479],[76.3782633,10.2167245]]},"properties":{"id":"osm-way-237421276","kind":"route","name":"Unnamed trunk road · OSM 237421276","description":"OpenStreetMap trunk link road segment","class":"trunk","osm_id":"237421276","highway":"trunk_link","bridge":null,"tunnel":null,"source":"OpenStreetMap","is_simulated":false}},{"type":"Feature","id":"osm-way-276733674","geometry":{"type":"LineString","coordinates":[[76.430063,9.97017],[76.4302486,9.9702528]]},"properties":{"id":"osm-way-276733674","kind":"route","name":"കൊച്ചി - മധുരൈ - ധനുഷ്‌കോടി റോഡ്","description":"OpenStreetMap trunk road segment","class":"trunk","osm_id":"276733674","highway":"trunk","bridge":"yes","tunnel":null,"source":"OpenStreetMap","is_simulated":false}},{"type":"Feature","id":"osm-way-272531211","geometry":{"type":"LineString","coordinates":[[76.2155732,10.1505739],[76.216165,10.1502273],[76.2163146,10.1501589],[76.2163958,10.1501276],[76.2166169,10.1500592],[76.2167433,10.1500497],[76.2169001,10.1500379]]},"properties":{"id":"osm-way-272531211","kind":"route","name":"Kodungallur-Paravur-Ernakulam Highway","description":"OpenStreetMap trunk road segment","class":"trunk","osm_id":"272531211","highway":"trunk","bridge":null,"tunnel":null,"source":"OpenStreetMap","is_simulated":false}},{"type":"Feature","id":"osm-way-265226534","geometry":{"type":"LineString","coordinates":[[76.3749592,10.2266976],[76.3751141,10.226074],[76.3753112,10.2252809],[76.3755717,10.2242324],[76.3757067,10.2236894],[76.3757381,10.2235629],[76.3758354,10.2232196],[76.3760311,10.2226093],[76.3760855,10.222442],[76.3760927,10.2224202],[76.3762006,10.2220931],[76.3762745,10.2218698],[76.3763417,10.2216654],[76.3763422,10.221664],[76.376382,10.2215438],[76.3764286,10.221402],[76.3768628,10.220102],[76.3770349,10.2196064],[76.3772106,10.2190815],[76.3774064,10.218511],[76.3775882,10.2179718],[76.377702,10.2176363],[76.3778102,10.2174008],[76.3779346,10.2171484],[76.3781548,10.2167479],[76.3783953,10.2163504],[76.3788454,10.2155756],[76.3792079,10.2149202],[76.3793819,10.2146254],[76.3795562,10.2143297],[76.3798924,10.2137426],[76.3804024,10.2128713],[76.3806452,10.2124595],[76.3808929,10.2120194],[76.3811991,10.2114617],[76.3815064,10.2109151],[76.3816619,10.2106239],[76.3817621,10.2104244],[76.3818444,10.2102037],[76.3819128,10.2100114],[76.3819521,10.2099076],[76.3820484,10.2095128],[76.3820999,10.2092217],[76.3821245,10.2091018],[76.3821268,10.2089904],[76.3821427,10.2088206],[76.3821298,10.2084484]]},"properties":{"id":"osm-way-265226534","kind":"route","name":"Salem - Kochi - Kanyakumari Highway","description":"OpenStreetMap trunk road segment","class":"trunk","osm_id":"265226534","highway":"trunk","bridge":null,"tunnel":null,"source":"OpenStreetMap","is_simulated":false}},{"type":"Feature","id":"osm-way-1024904603","geometry":{"type":"LineString","coordinates":[[76.3181982,9.9404965],[76.3181665,9.9395267],[76.3181652,9.9393139],[76.3181631,9.9391947]]},"properties":{"id":"osm-way-1024904603","kind":"route","name":"Salem - Kochi - Kanyakumari Road","description":"OpenStreetMap trunk road segment","class":"trunk","osm_id":"1024904603","highway":"trunk","bridge":null,"tunnel":null,"source":"OpenStreetMap","is_simulated":false}},{"type":"Feature","id":"osm-way-97252837","geometry":{"type":"LineString","coordinates":[[76.214782,10.1510371],[76.2155732,10.1505739]]},"properties":{"id":"osm-way-97252837","kind":"route","name":"Kodungallur-Paravur-Ernakulam Highway","description":"OpenStreetMap trunk road segment","class":"trunk","osm_id":"97252837","highway":"trunk","bridge":"yes","tunnel":null,"source":"OpenStreetMap","is_simulated":false}},{"type":"Feature","id":"osm-way-254808246","geometry":{"type":"LineString","coordinates":[[76.2683365,9.9438805],[76.2683655,9.9439658],[76.2684062,9.9440805],[76.2684277,9.9441869],[76.2684465,9.9443321],[76.2684575,9.9452727],[76.268463,9.947122],[76.2684604,9.9482942],[76.2684542,9.9488023],[76.2684517,9.9500175],[76.2684452,9.9526125],[76.2684455,9.9533724],[76.2684434,9.9536332],[76.2684451,9.9540566],[76.2684497,9.9552078],[76.2684385,9.9559869],[76.2684299,9.9562206],[76.2683999,9.9564228],[76.268334,9.9566505],[76.2677452,9.9586189],[76.2671382,9.9605733],[76.2667201,9.9617709],[76.2665728,9.9622382],[76.266508,9.9623714],[76.2660179,9.9630322],[76.2652949,9.9640009],[76.2649137,9.9645115],[76.2643634,9.9652489],[76.2636097,9.966231],[76.2624712,9.9670406]]},"properties":{"id":"osm-way-254808246","kind":"route","name":"Indira Gandhi Road","description":"OpenStreetMap trunk road segment","class":"trunk","osm_id":"254808246","highway":"trunk","bridge":null,"tunnel":null,"source":"OpenStreetMap","is_simulated":false}},{"type":"Feature","id":"osm-way-1034783568","geometry":{"type":"LineString","coordinates":[[76.3178917,9.9368075],[76.3180441,9.9368099],[76.3181815,9.9368075]]},"properties":{"id":"osm-way-1034783568","kind":"route","name":"Unnamed trunk road · OSM 1034783568","description":"OpenStreetMap trunk road segment","class":"trunk","osm_id":"1034783568","highway":"trunk","bridge":null,"tunnel":null,"source":"OpenStreetMap","is_simulated":false}},{"type":"Feature","id":"osm-way-254816516","geometry":{"type":"LineString","coordinates":[[76.3173438,9.9368101],[76.3175072,9.9368448],[76.3176267,9.9368701],[76.317803,9.9369087],[76.3178901,9.9369447]]},"properties":{"id":"osm-way-254816516","kind":"route","name":"Unnamed trunk road · OSM 254816516","description":"OpenStreetMap trunk link road segment","class":"trunk","osm_id":"254816516","highway":"trunk_link","bridge":null,"tunnel":null,"source":"OpenStreetMap","is_simulated":false}},{"type":"Feature","id":"osm-way-1027344597","geometry":{"type":"LineString","coordinates":[[76.3173438,9.9368101],[76.3178917,9.9368075]]},"properties":{"id":"osm-way-1027344597","kind":"route","name":"Unnamed trunk road · OSM 1027344597","description":"OpenStreetMap trunk road segment","class":"trunk","osm_id":"1027344597","highway":"trunk","bridge":null,"tunnel":null,"source":"OpenStreetMap","is_simulated":false}},{"type":"Feature","id":"osm-way-837950727","geometry":{"type":"LineString","coordinates":[[76.3179164,9.9345567],[76.3179481,9.9356357],[76.3179798,9.9367859],[76.3180233,9.9382498],[76.3180559,9.9392092]]},"properties":{"id":"osm-way-837950727","kind":"route","name":"Salem - Kochi - Kanyakumari Road","description":"OpenStreetMap trunk road segment","class":"trunk","osm_id":"837950727","highway":"trunk","bridge":"yes","tunnel":null,"source":"OpenStreetMap","is_simulated":false}},{"type":"Feature","id":"osm-way-180239905","geometry":{"type":"LineString","coordinates":[[76.3178759,9.9366189],[76.3178329,9.9366624],[76.3177668,9.9367012],[76.3176038,9.936747],[76.3173438,9.9368101]]},"properties":{"id":"osm-way-180239905","kind":"route","name":"Unnamed trunk road · OSM 180239905","description":"OpenStreetMap trunk link road segment","class":"trunk","osm_id":"180239905","highway":"trunk_link","bridge":null,"tunnel":null,"source":"OpenStreetMap","is_simulated":false}},{"type":"Feature","id":"osm-way-134786983","geometry":{"type":"LineString","coordinates":[[76.3155091,9.9367389],[76.316445,9.9367628],[76.3173438,9.9368101]]},"properties":{"id":"osm-way-134786983","kind":"route","name":"Unnamed trunk road · OSM 134786983","description":"OpenStreetMap trunk road segment","class":"trunk","osm_id":"134786983","highway":"trunk","bridge":null,"tunnel":null,"source":"OpenStreetMap","is_simulated":false}},{"type":"Feature","id":"osm-way-837950728","geometry":{"type":"LineString","coordinates":[[76.3181631,9.9391947],[76.3181291,9.9378347],[76.3180978,9.9367929],[76.3180524,9.9355946],[76.3180463,9.9348918],[76.3180292,9.9345514]]},"properties":{"id":"osm-way-837950728","kind":"route","name":"Salem - Kochi - Kanyakumari Road","description":"OpenStreetMap trunk road segment","class":"trunk","osm_id":"837950728","highway":"trunk","bridge":"yes","tunnel":null,"source":"OpenStreetMap","is_simulated":false}},{"type":"Feature","id":"osm-way-837950723","geometry":{"type":"LineString","coordinates":[[76.3178663,9.9332278],[76.3177876,9.9333084],[76.3177407,9.9334339],[76.3177205,9.9335819],[76.3177393,9.9338844],[76.3177688,9.934377],[76.3177796,9.9346082],[76.3177668,9.9348276]]},"properties":{"id":"osm-way-837950723","kind":"route","name":"Unnamed trunk road · OSM 837950723","description":"OpenStreetMap trunk link road segment","class":"trunk","osm_id":"837950723","highway":"trunk_link","bridge":null,"tunnel":null,"source":"OpenStreetMap","is_simulated":false}},{"type":"Feature","id":"osm-way-254822324","geometry":{"type":"LineString","coordinates":[[76.3178663,9.9332278],[76.3178906,9.9338223],[76.3179164,9.9345567]]},"properties":{"id":"osm-way-254822324","kind":"route","name":"Salem - Kochi - Kanyakumari Road","description":"OpenStreetMap trunk road segment","class":"trunk","osm_id":"254822324","highway":"trunk","bridge":null,"tunnel":null,"source":"OpenStreetMap","is_simulated":false}},{"type":"Feature","id":"osm-way-837950724","geometry":{"type":"LineString","coordinates":[[76.3182087,9.9350008],[76.3182248,9.9346254],[76.3182208,9.9341485],[76.3182167,9.9338777],[76.3181913,9.9336888],[76.3181725,9.9335818],[76.3181417,9.9334881],[76.317997,9.9332223]]},"properties":{"id":"osm-way-837950724","kind":"route","name":"Unnamed trunk road · OSM 837950724","description":"OpenStreetMap trunk link road segment","class":"trunk","osm_id":"837950724","highway":"trunk_link","bridge":null,"tunnel":null,"source":"OpenStreetMap","is_simulated":false}},{"type":"Feature","id":"osm-way-237423918","geometry":{"type":"LineString","coordinates":[[76.375503,10.2239986],[76.3754366,10.2239636]]},"properties":{"id":"osm-way-237423918","kind":"route","name":"Unnamed trunk road · OSM 237423918","description":"OpenStreetMap trunk link road segment","class":"trunk","osm_id":"237423918","highway":"trunk_link","bridge":null,"tunnel":null,"source":"OpenStreetMap","is_simulated":false}},{"type":"Feature","id":"osm-way-31518637","geometry":{"type":"LineString","coordinates":[[76.3004418,9.9329306],[76.3018247,9.9334453],[76.3021368,9.9335874],[76.3024855,9.9337565],[76.303137,9.9340898],[76.3047447,9.9348879],[76.305259,9.9351444],[76.305562,9.935281],[76.3058811,9.9354131],[76.3061258,9.9355014],[76.3063666,9.9355821],[76.306739,9.935702],[76.3088151,9.9363157],[76.3091937,9.936417],[76.3095237,9.936486],[76.3099073,9.9365413],[76.3102558,9.9365755],[76.3106135,9.9365926],[76.3129356,9.9366648],[76.3135684,9.9366786],[76.3155091,9.9367389]]},"properties":{"id":"osm-way-31518637","kind":"route","name":"Kundannoor Bridge","description":"OpenStreetMap trunk road segment","class":"trunk","osm_id":"31518637","highway":"trunk","bridge":"yes","tunnel":null,"source":"OpenStreetMap","is_simulated":false}},{"type":"Feature","id":"osm-way-837950725","geometry":{"type":"LineString","coordinates":[[76.3180292,9.9345514],[76.317997,9.9332223]]},"properties":{"id":"osm-way-837950725","kind":"route","name":"Salem - Kochi - Kanyakumari Road","description":"OpenStreetMap trunk road segment","class":"trunk","osm_id":"837950725","highway":"trunk","bridge":null,"tunnel":null,"source":"OpenStreetMap","is_simulated":false}},{"type":"Feature","id":"osm-way-1018791990","geometry":{"type":"LineString","coordinates":[[76.317867,9.9329925],[76.3178663,9.9332278]]},"properties":{"id":"osm-way-1018791990","kind":"route","name":"Salem - Kochi - Kanyakumari Road","description":"OpenStreetMap trunk road segment","class":"trunk","osm_id":"1018791990","highway":"trunk","bridge":null,"tunnel":null,"source":"OpenStreetMap","is_simulated":false}},{"type":"Feature","id":"osm-way-1021258522","geometry":{"type":"LineString","coordinates":[[76.317997,9.9332223],[76.3179922,9.9329827]]},"properties":{"id":"osm-way-1021258522","kind":"route","name":"Salem - Kochi - Kanyakumari Road","description":"OpenStreetMap trunk road segment","class":"trunk","osm_id":"1021258522","highway":"trunk","bridge":null,"tunnel":null,"source":"OpenStreetMap","is_simulated":false}},{"type":"Feature","id":"osm-way-254822325","geometry":{"type":"LineString","coordinates":[[76.3178201,9.9317066],[76.317867,9.9329925]]},"properties":{"id":"osm-way-254822325","kind":"route","name":"Kundannoor Bridge","description":"OpenStreetMap trunk road segment","class":"trunk","osm_id":"254822325","highway":"trunk","bridge":"yes","tunnel":null,"source":"OpenStreetMap","is_simulated":false}},{"type":"Feature","id":"osm-way-281902363","geometry":{"type":"LineString","coordinates":[[76.2121494,10.1703145],[76.2121601,10.1701775],[76.2122205,10.1700354],[76.21239,10.1698215],[76.2125364,10.1696281],[76.2126376,10.1694861],[76.2126944,10.1693662],[76.2127702,10.1689699],[76.2127555,10.1686722],[76.212743,10.1684373],[76.2127355,10.1682091],[76.2128085,10.1680627],[76.212917,10.1679113],[76.212971,10.1677827],[76.2130463,10.1674246],[76.2130624,10.1673479],[76.2130858,10.1672247],[76.2131982,10.1667756],[76.2132693,10.1664694],[76.2133201,10.1661302],[76.2133648,10.1658191],[76.2134212,10.1654413],[76.2135141,10.1651148],[76.2135517,10.1649629],[76.2136313,10.1647257],[76.2138119,10.1643035],[76.2138989,10.1641118],[76.2139411,10.16401],[76.213971,10.1637214],[76.2140515,10.163486],[76.2141711,10.1630956],[76.2142735,10.1628523],[76.2143342,10.1626862],[76.2143679,10.1624055],[76.2143869,10.1620415],[76.2143921,10.1617764],[76.2142978,10.1613459],[76.2140545,10.1606237],[76.2139776,10.1604829],[76.2138978,10.1603693],[76.2138041,10.160149],[76.2137752,10.1600479],[76.2137365,10.1599126],[76.2136735,10.1596563],[76.2135578,10.1593388],[76.2135451,10.1593032],[76.2134787,10.1591167],[76.2133665,10.1589185],[76.2132521,10.1586847],[76.2132356,10.1585329],[76.2132356,10.1584312],[76.213247,10.1583356],[76.2132672,10.1581979],[76.2133343,10.1579094],[76.2134236,10.1574751],[76.2134754,10.1571878],[76.2135437,10.1568152],[76.2135579,10.1566605],[76.2135223,10.1564624],[76.2134859,10.1563448],[76.2134638,10.1562105],[76.2134725,10.1559446],[76.2134852,10.1556604],[76.2135394,10.1551373],[76.2135594,10.1548784],[76.2135757,10.1547828],[76.2136163,10.1545441],[76.2136831,10.1543138],[76.2137084,10.1542266],[76.2138024,10.1540304],[76.2139989,10.1536371],[76.2141318,10.1533204],[76.2141699,10.1531347],[76.2141754,10.1531077],[76.2142063,10.152764],[76.2142262,10.1524452],[76.2142148,10.1523122],[76.2142074,10.1521436],[76.2142549,10.1519208],[76.2142829,10.1518128],[76.214311,10.1517076],[76.2143468,10.1516143],[76.214422,10.1514709],[76.2144823,10.1513653],[76.2145675,10.1512572],[76.214782,10.1510371]]},"properties":{"id":"osm-way-281902363","kind":"route","name":"Kodungallur-Paravur-Ernakulam Highway","description":"OpenStreetMap trunk road segment","class":"trunk","osm_id":"281902363","highway":"trunk","bridge":null,"tunnel":null,"source":"OpenStreetMap","is_simulated":false}},{"type":"Feature","id":"osm-way-254822687","geometry":{"type":"LineString","coordinates":[[76.3179922,9.9329827],[76.317939,9.9316975]]},"properties":{"id":"osm-way-254822687","kind":"route","name":"Kundannoor Bridge","description":"OpenStreetMap trunk road segment","class":"trunk","osm_id":"254822687","highway":"trunk","bridge":"yes","tunnel":null,"source":"OpenStreetMap","is_simulated":false}},{"type":"Feature","id":"osm-way-237423934","geometry":{"type":"LineString","coordinates":[[76.3748443,10.2266701],[76.3749592,10.2266976]]},"properties":{"id":"osm-way-237423934","kind":"route","name":"Unnamed trunk road · OSM 237423934","description":"OpenStreetMap trunk link road segment","class":"trunk","osm_id":"237423934","highway":"trunk_link","bridge":null,"tunnel":null,"source":"OpenStreetMap","is_simulated":false}},{"type":"Feature","id":"osm-way-270576091","geometry":{"type":"LineString","coordinates":[[76.4302486,9.9702528],[76.4320405,9.9710235],[76.4323793,9.9711631],[76.4326346,9.9711849],[76.4332001,9.9710575],[76.4339178,9.9709901],[76.4340605,9.9709391],[76.434761,9.9707345],[76.4349701,9.9706672],[76.4353083,9.9705476],[76.4355565,9.9704295],[76.4356588,9.9703722],[76.4359776,9.9701445],[76.4363633,9.9696979],[76.4365792,9.969509],[76.436643,9.969468],[76.4369525,9.9693956],[76.4372534,9.9693602],[76.4376293,9.9693949],[76.4377734,9.9694251],[76.4381451,9.9694883],[76.4385866,9.9696602],[76.4394965,9.9699868],[76.4397625,9.9701203],[76.4400503,9.9703223],[76.4402207,9.9704955],[76.4404209,9.9704901],[76.4413138,9.9703956],[76.4419063,9.9704369],[76.4424495,9.9704395],[76.4433474,9.9704101],[76.4435532,9.9704492],[76.4437487,9.9705405],[76.4437599,9.9705457],[76.4440492,9.9707863],[76.4441929,9.9708792],[76.444524,9.9710376],[76.4450024,9.9711694],[76.4450856,9.9712427],[76.4452861,9.971624],[76.4459062,9.9728035],[76.4460764,9.9730785],[76.4462428,9.9733208],[76.4469466,9.9737636],[76.4472842,9.9738987],[76.4475008,9.9739823],[76.4477049,9.9740851],[76.4478239,9.974167],[76.4479776,9.9742776],[76.4484014,9.9745739],[76.4485747,9.9746747],[76.4489934,9.974909],[76.4493275,9.9750429],[76.4495862,9.9751222],[76.4503965,9.9753622],[76.4515085,9.9756509],[76.4522772,9.9758555],[76.4524236,9.9759011],[76.4527529,9.9760043],[76.4530477,9.9761132],[76.4536147,9.9763034],[76.4543805,9.9764842],[76.4543965,9.976487],[76.4550441,9.9765987],[76.4555969,9.9766702],[76.4556594,9.9766745],[76.4565367,9.9767347],[76.4568915,9.9767174],[76.4572346,9.976656]]},"properties":{"id":"osm-way-270576091","kind":"route","name":"Kochi - Madurai - Dhanushkodi Road","description":"OpenStreetMap trunk road segment","class":"trunk","osm_id":"270576091","highway":"trunk","bridge":null,"tunnel":null,"source":"OpenStreetMap","is_simulated":false}},{"type":"Feature","id":"osm-way-254799457","geometry":{"type":"LineString","coordinates":[[76.2991512,9.9324558],[76.2998835,9.9327158],[76.3004418,9.9329306]]},"properties":{"id":"osm-way-254799457","kind":"route","name":"Unnamed trunk road · OSM 254799457","description":"OpenStreetMap trunk road segment","class":"trunk","osm_id":"254799457","highway":"trunk","bridge":null,"tunnel":null,"source":"OpenStreetMap","is_simulated":false}},{"type":"Feature","id":"osm-way-1027344598","geometry":{"type":"LineString","coordinates":[[76.2991512,9.9324558],[76.2984574,9.9321831]]},"properties":{"id":"osm-way-1027344598","kind":"route","name":"Unnamed trunk road · OSM 1027344598","description":"OpenStreetMap trunk road segment","class":"trunk","osm_id":"1027344598","highway":"trunk","bridge":null,"tunnel":null,"source":"OpenStreetMap","is_simulated":false}},{"type":"Feature","id":"osm-way-265772992","geometry":{"type":"LineString","coordinates":[[76.3733941,10.2386789],[76.373402,10.2385619],[76.3735215,10.2367926],[76.3735364,10.236581],[76.3735487,10.2363782],[76.373549,10.2362948],[76.3735495,10.2361288],[76.373544,10.2358338],[76.3735079,10.2354563],[76.3734011,10.2343221],[76.3733761,10.2339081],[76.3733718,10.2338589],[76.3733774,10.2336732],[76.3733749,10.233494],[76.3734147,10.233181],[76.3734404,10.2330079],[76.3734662,10.2328698],[76.3734942,10.2327085],[76.3735632,10.2323935],[76.3736614,10.2319807],[76.3737726,10.2315552],[76.3739414,10.2309008],[76.3740209,10.2305418],[76.3741332,10.2300624],[76.3741543,10.2299581],[76.3742047,10.2297582],[76.3742445,10.2296003],[76.3742819,10.2294517],[76.3743199,10.2293008],[76.3743324,10.2292513],[76.3743442,10.2292033],[76.374366,10.229115],[76.3743996,10.2289786],[76.37444,10.2288147],[76.3744671,10.2287047],[76.3744919,10.2286041],[76.3745242,10.2284732],[76.3745599,10.2283281],[76.3746004,10.2281636],[76.3746106,10.2281222],[76.3746425,10.2279929],[76.3746769,10.2278534],[76.3747069,10.2277318],[76.3747443,10.2275784],[76.3747759,10.2274487],[76.3748007,10.2273469],[76.3748182,10.2272754],[76.3748431,10.2271732],[76.3748906,10.2269786],[76.3749196,10.2268599],[76.3749592,10.2266976]]},"properties":{"id":"osm-way-265772992","kind":"route","name":"Salem - Kochi - Kanyakumari Highway","description":"OpenStreetMap trunk road segment","class":"trunk","osm_id":"265772992","highway":"trunk","bridge":null,"tunnel":null,"source":"OpenStreetMap","is_simulated":false}},{"type":"Feature","id":"osm-way-254822321","geometry":{"type":"LineString","coordinates":[[76.317149,9.91957],[76.3172779,9.9208855],[76.3173907,9.9229069],[76.3173981,9.9230388],[76.3174894,9.9246735],[76.3174976,9.9248813],[76.317614,9.9273734],[76.3176405,9.9277075],[76.3176561,9.928222],[76.3176972,9.9289684],[76.3177863,9.9304603],[76.3178201,9.9317066]]},"properties":{"id":"osm-way-254822321","kind":"route","name":"Salem - Kochi - Kanyakumari Road","description":"OpenStreetMap trunk road segment","class":"trunk","osm_id":"254822321","highway":"trunk","bridge":null,"tunnel":null,"source":"OpenStreetMap","is_simulated":false}},{"type":"Feature","id":"osm-way-582339182","geometry":{"type":"LineString","coordinates":[[76.3175432,9.9273717],[76.317614,9.9273734]]},"properties":{"id":"osm-way-582339182","kind":"route","name":"Unnamed trunk road · OSM 582339182","description":"OpenStreetMap trunk link road segment","class":"trunk","osm_id":"582339182","highway":"trunk_link","bridge":null,"tunnel":null,"source":"OpenStreetMap","is_simulated":false}},{"type":"Feature","id":"osm-way-31518634","geometry":{"type":"LineString","coordinates":[[76.2984574,9.9321831],[76.2979327,9.9319782],[76.2966238,9.9314815],[76.2948723,9.930821],[76.2933059,9.9302318],[76.2925813,9.9299631]]},"properties":{"id":"osm-way-31518634","kind":"route","name":"Alexander Parambithara Bridge","description":"OpenStreetMap trunk road segment","class":"trunk","osm_id":"31518634","highway":"trunk","bridge":"yes","tunnel":null,"source":"OpenStreetMap","is_simulated":false}},{"type":"Feature","id":"osm-way-733437598","geometry":{"type":"LineString","coordinates":[[76.2703082,9.9391002],[76.2697962,9.9394708],[76.2692115,9.9399701],[76.269131,9.9400943],[76.2690425,9.940237],[76.2689003,9.9405197],[76.2686884,9.9412383],[76.268439,9.9422475],[76.268329,9.9427944],[76.2682512,9.9433703],[76.26827,9.9436318],[76.2683365,9.9438805]]},"properties":{"id":"osm-way-733437598","kind":"route","name":"Indira Gandhi Road","description":"OpenStreetMap trunk road segment","class":"trunk","osm_id":"733437598","highway":"trunk","bridge":null,"tunnel":null,"source":"OpenStreetMap","is_simulated":false}},{"type":"Feature","id":"osm-way-281902362","geometry":{"type":"LineString","coordinates":[[76.2121364,10.1705506],[76.2121494,10.1703145]]},"properties":{"id":"osm-way-281902362","kind":"route","name":"Thuruthipuram Bridge","description":"OpenStreetMap trunk road segment","class":"trunk","osm_id":"281902362","highway":"trunk","bridge":"yes","tunnel":null,"source":"OpenStreetMap","is_simulated":false}},{"type":"Feature","id":"osm-way-483743803","geometry":{"type":"LineString","coordinates":[[76.4572346,9.976656],[76.4574577,9.9765992],[76.4575766,9.9765689],[76.4576733,9.9765443]]},"properties":{"id":"osm-way-483743803","kind":"route","name":"കൊച്ചി - മധുരൈ - ധനുഷ്‌കോടി റോഡ്","description":"OpenStreetMap trunk road segment","class":"trunk","osm_id":"483743803","highway":"trunk","bridge":"yes","tunnel":null,"source":"OpenStreetMap","is_simulated":false}},{"type":"Feature","id":"osm-way-619440372","geometry":{"type":"LineString","coordinates":[[76.317408,9.9248221],[76.3174976,9.9248813]]},"properties":{"id":"osm-way-619440372","kind":"route","name":"Unnamed trunk road · OSM 619440372","description":"OpenStreetMap trunk link road segment","class":"trunk","osm_id":"619440372","highway":"trunk_link","bridge":null,"tunnel":null,"source":"OpenStreetMap","is_simulated":false}},{"type":"Feature","id":"osm-way-254822688","geometry":{"type":"LineString","coordinates":[[76.317939,9.9316975],[76.3179003,9.9305489],[76.3178459,9.9296001],[76.3178146,9.9289324],[76.3178043,9.9287423],[76.3177884,9.9284498],[76.3177472,9.9278804],[76.3176108,9.9248169],[76.3176053,9.9247445],[76.3176018,9.9246162],[76.3175985,9.9245395],[76.3175348,9.9231089],[76.3174075,9.9208016],[76.3173951,9.9206162],[76.3172939,9.91957]]},"properties":{"id":"osm-way-254822688","kind":"route","name":"Salem - Kochi - Kanyakumari Road","description":"OpenStreetMap trunk road segment","class":"trunk","osm_id":"254822688","highway":"trunk","bridge":null,"tunnel":null,"source":"OpenStreetMap","is_simulated":false}},{"type":"Feature","id":"osm-way-1220355829","geometry":{"type":"LineString","coordinates":[[76.212036,10.171677],[76.2120996,10.1710757],[76.2121268,10.1707584],[76.2121364,10.1705506]]},"properties":{"id":"osm-way-1220355829","kind":"route","name":"Kodungallur-Paravur-Ernakulam Highway","description":"OpenStreetMap trunk road segment","class":"trunk","osm_id":"1220355829","highway":"trunk","bridge":null,"tunnel":null,"source":"OpenStreetMap","is_simulated":false}},{"type":"Feature","id":"osm-way-1010971191","geometry":{"type":"LineString","coordinates":[[76.2695362,9.9387541],[76.2695952,9.938786],[76.2698901,9.9389556],[76.2700355,9.9390224],[76.2701373,9.9390608],[76.2702278,9.9390955],[76.2703082,9.9391002]]},"properties":{"id":"osm-way-1010971191","kind":"route","name":"Old NH 47","description":"OpenStreetMap trunk road segment","class":"trunk","osm_id":"1010971191","highway":"trunk","bridge":null,"tunnel":null,"source":"OpenStreetMap","is_simulated":false}},{"type":"Feature","id":"osm-way-265226535","geometry":{"type":"LineString","coordinates":[[76.3748443,10.2266701],[76.3743187,10.2287741],[76.3742446,10.2290862],[76.3740339,10.2299266],[76.3739642,10.2301833],[76.3738239,10.2307645],[76.373595,10.2317315],[76.373396,10.2325901],[76.3733276,10.2329335],[76.3732798,10.2332959],[76.3732686,10.2333877],[76.3732557,10.2335924],[76.3732569,10.2339175],[76.3732776,10.2343211],[76.3732899,10.2343947],[76.3733901,10.2354508],[76.37343,10.2359106],[76.3734315,10.2361265],[76.3734323,10.2362358],[76.3734292,10.2363015],[76.3734174,10.2365504],[76.3734032,10.2366818],[76.3733997,10.2367919],[76.3732761,10.2385727],[76.3732692,10.2386714]]},"properties":{"id":"osm-way-265226535","kind":"route","name":"Salem - Kochi - Kanyakumari Highway","description":"OpenStreetMap trunk road segment","class":"trunk","osm_id":"265226535","highway":"trunk","bridge":null,"tunnel":null,"source":"OpenStreetMap","is_simulated":false}},{"type":"Feature","id":"osm-way-1220355828","geometry":{"type":"LineString","coordinates":[[76.2120481,10.1719674],[76.2120404,10.1718172],[76.212036,10.171677]]},"properties":{"id":"osm-way-1220355828","kind":"route","name":"Kodungallur-Paravur-Ernakulam Highway","description":"OpenStreetMap trunk road segment","class":"trunk","osm_id":"1220355828","highway":"trunk","bridge":null,"tunnel":null,"source":"OpenStreetMap","is_simulated":false}},{"type":"Feature","id":"osm-way-1220355827","geometry":{"type":"LineString","coordinates":[[76.2120576,10.1720228],[76.2120481,10.1719674]]},"properties":{"id":"osm-way-1220355827","kind":"route","name":"Kodungallur-Paravur-Ernakulam Highway","description":"OpenStreetMap trunk road segment","class":"trunk","osm_id":"1220355827","highway":"trunk","bridge":null,"tunnel":null,"source":"OpenStreetMap","is_simulated":false}},{"type":"Feature","id":"osm-way-1220355826","geometry":{"type":"LineString","coordinates":[[76.2121038,10.1721612],[76.2120576,10.1720228]]},"properties":{"id":"osm-way-1220355826","kind":"route","name":"Kodungallur-Paravur-Ernakulam Highway","description":"OpenStreetMap trunk road segment","class":"trunk","osm_id":"1220355826","highway":"trunk","bridge":null,"tunnel":null,"source":"OpenStreetMap","is_simulated":false}},{"type":"Feature","id":"osm-way-1220355825","geometry":{"type":"LineString","coordinates":[[76.2120891,10.1728939],[76.2121297,10.172584],[76.2121313,10.172376],[76.2121038,10.1721612]]},"properties":{"id":"osm-way-1220355825","kind":"route","name":"Kodungallur-Paravur-Ernakulam Highway","description":"OpenStreetMap trunk road segment","class":"trunk","osm_id":"1220355825","highway":"trunk","bridge":null,"tunnel":null,"source":"OpenStreetMap","is_simulated":false}},{"type":"Feature","id":"osm-way-1010971192","geometry":{"type":"LineString","coordinates":[[76.2695362,9.9387541],[76.2695549,9.9387226],[76.2695621,9.9386869],[76.2695567,9.9386508],[76.2695395,9.9386185],[76.2695125,9.9385936]]},"properties":{"id":"osm-way-1010971192","kind":"route","name":"CIFT Junction","description":"OpenStreetMap trunk road segment","class":"trunk","osm_id":"1010971192","highway":"trunk","bridge":null,"tunnel":null,"source":"OpenStreetMap","is_simulated":false}},{"type":"Feature","id":"osm-way-51190877","geometry":{"type":"LineString","coordinates":[[76.2695125,9.9385936],[76.2694795,9.9385793],[76.2694437,9.9385762],[76.2694087,9.9385846],[76.2693784,9.9386037],[76.2693559,9.9386315],[76.2693436,9.938666],[76.2693436,9.9387026],[76.269356,9.9387371],[76.2693794,9.9387656],[76.2694089,9.9387839],[76.2694427,9.9387922],[76.2694775,9.9387896],[76.2695098,9.9387765],[76.2695362,9.9387541]]},"properties":{"id":"osm-way-51190877","kind":"route","name":"CIFT Junction","description":"OpenStreetMap trunk road segment","class":"trunk","osm_id":"51190877","highway":"trunk","bridge":null,"tunnel":null,"source":"OpenStreetMap","is_simulated":false}},{"type":"Feature","id":"osm-way-1220355824","geometry":{"type":"LineString","coordinates":[[76.2120334,10.1731505],[76.2120891,10.1728939]]},"properties":{"id":"osm-way-1220355824","kind":"route","name":"Kodungallur-Paravur-Ernakulam Highway","description":"OpenStreetMap trunk road segment","class":"trunk","osm_id":"1220355824","highway":"trunk","bridge":null,"tunnel":null,"source":"OpenStreetMap","is_simulated":false}},{"type":"Feature","id":"osm-way-1220355823","geometry":{"type":"LineString","coordinates":[[76.2118719,10.1739142],[76.2119591,10.1735058],[76.2119872,10.1733559],[76.2120334,10.1731505]]},"properties":{"id":"osm-way-1220355823","kind":"route","name":"Kodungallur-Paravur-Ernakulam Highway","description":"OpenStreetMap trunk road segment","class":"trunk","osm_id":"1220355823","highway":"trunk","bridge":null,"tunnel":null,"source":"OpenStreetMap","is_simulated":false}},{"type":"Feature","id":"osm-way-1220355822","geometry":{"type":"LineString","coordinates":[[76.2118362,10.1741844],[76.2118719,10.1739142]]},"properties":{"id":"osm-way-1220355822","kind":"route","name":"Kodungallur-Paravur-Ernakulam Highway","description":"OpenStreetMap trunk road segment","class":"trunk","osm_id":"1220355822","highway":"trunk","bridge":null,"tunnel":null,"source":"OpenStreetMap","is_simulated":false}},{"type":"Feature","id":"osm-way-1299034418","geometry":{"type":"LineString","coordinates":[[76.2925813,9.9299631],[76.2923885,9.9298912],[76.2923411,9.9298735],[76.292235,9.9298339],[76.2920644,9.9297702],[76.2918745,9.9296993],[76.2917356,9.9296475],[76.2915131,9.9295645],[76.2913505,9.9295038],[76.2910783,9.9294022],[76.2908881,9.9293312],[76.290682,9.9292543],[76.290463,9.9291726],[76.2902707,9.9291008],[76.2900869,9.9290323],[76.2899212,9.9289704],[76.2898066,9.9289251],[76.2896956,9.9288812],[76.2895588,9.9288271],[76.2893726,9.9287535],[76.2892323,9.928698],[76.2890739,9.9286461],[76.2889601,9.9286089],[76.2889024,9.92859],[76.2887508,9.9285403],[76.2884958,9.9284699],[76.2883656,9.9284339],[76.2882711,9.9284178]]},"properties":{"id":"osm-way-1299034418","kind":"route","name":"Unnamed trunk road · OSM 1299034418","description":"OpenStreetMap trunk road segment","class":"trunk","osm_id":"1299034418","highway":"trunk","bridge":null,"tunnel":null,"source":"OpenStreetMap","is_simulated":false}},{"type":"Feature","id":"osm-way-51191744","geometry":{"type":"LineString","coordinates":[[76.2715663,9.9355574],[76.2714946,9.93563],[76.2714354,9.9356901],[76.2713264,9.9358006],[76.2711993,9.9359551],[76.2710595,9.936125],[76.2709831,9.9362178],[76.2708313,9.9364488],[76.2707053,9.9366405],[76.2705799,9.9368404],[76.2704316,9.937077],[76.2701926,9.9374581],[76.2701411,9.9375402],[76.2699035,9.9379383],[76.2697622,9.938175],[76.2696188,9.9384155],[76.2695447,9.938534],[76.2695125,9.9385936]]},"properties":{"id":"osm-way-51191744","kind":"route","name":"Unnamed trunk road · OSM 51191744","description":"OpenStreetMap trunk road segment","class":"trunk","osm_id":"51191744","highway":"trunk","bridge":null,"tunnel":null,"source":"OpenStreetMap","is_simulated":false}},{"type":"Feature","id":"osm-way-1220355821","geometry":{"type":"LineString","coordinates":[[76.2116437,10.1763268],[76.2116929,10.1760505],[76.2117663,10.1757101],[76.2118508,10.1752831],[76.2118616,10.1750194],[76.2118553,10.1746894],[76.2118451,10.1744982],[76.2118388,10.1743068],[76.2118362,10.1741844]]},"properties":{"id":"osm-way-1220355821","kind":"route","name":"Kodungallur-Paravur-Ernakulam Highway","description":"OpenStreetMap trunk road segment","class":"trunk","osm_id":"1220355821","highway":"trunk","bridge":null,"tunnel":null,"source":"OpenStreetMap","is_simulated":false}},{"type":"Feature","id":"osm-way-483743802","geometry":{"type":"LineString","coordinates":[[76.4576733,9.9765443],[76.4580002,9.9764172],[76.458085,9.9763824],[76.4584032,9.9762033],[76.4586021,9.9761289],[76.458855,9.9761256],[76.4596555,9.9762722],[76.4604109,9.9764225],[76.4605387,9.9764753],[76.4606416,9.9765177],[76.4611386,9.9768118],[76.4616793,9.9771221],[76.4620902,9.9773386],[76.4632303,9.9778452],[76.4634529,9.9780459],[76.4635199,9.9781939],[76.4637506,9.9790392],[76.4638054,9.9792059],[76.4638362,9.9792845],[76.4640323,9.9794011],[76.4643748,9.9795593],[76.4647301,9.97973],[76.4649605,9.9797737],[76.4650611,9.9797821],[76.4652698,9.9797982],[76.4657408,9.9797683],[76.4662163,9.9798315],[76.4665629,9.9799335],[76.4667761,9.9800483],[76.4670444,9.9803706],[76.4672026,9.9805608],[76.4673476,9.9806451],[76.4675218,9.9806268],[76.4677285,9.9805103],[76.4680943,9.9803346],[76.4685645,9.9800585],[76.4687923,9.9798781],[76.4692443,9.9795406],[76.4695543,9.9794301],[76.4699311,9.9793947]]},"properties":{"id":"osm-way-483743802","kind":"route","name":"കൊച്ചി - മധുരൈ - ധനുഷ്‌കോടി റോഡ്","description":"OpenStreetMap trunk road segment","class":"trunk","osm_id":"483743802","highway":"trunk","bridge":null,"tunnel":null,"source":"OpenStreetMap","is_simulated":false}},{"type":"Feature","id":"osm-way-1299034424","geometry":{"type":"LineString","coordinates":[[76.2882711,9.9284178],[76.2879394,9.9283638],[76.287897,9.9283553],[76.2878224,9.9283509],[76.2874496,9.9283167]]},"properties":{"id":"osm-way-1299034424","kind":"route","name":"IMU Junction","description":"OpenStreetMap trunk road segment","class":"trunk","osm_id":"1299034424","highway":"trunk","bridge":null,"tunnel":null,"source":"OpenStreetMap","is_simulated":false}},{"type":"Feature","id":"osm-way-134786985","geometry":{"type":"LineString","coordinates":[[76.2778419,9.9317205],[76.277524,9.9318938],[76.277297,9.9320357],[76.2769325,9.9322074],[76.2767498,9.9323019],[76.2765809,9.9323893],[76.2764267,9.932469],[76.2762589,9.9325558],[76.2761147,9.9326303],[76.2759648,9.9327078],[76.2758791,9.9327522],[76.2758085,9.9327887],[76.275576,9.9329089],[76.2754524,9.9329728],[76.2752505,9.9330824],[76.2750974,9.9331655],[76.2750516,9.9331903],[76.2749331,9.9332546],[76.2747111,9.9333751],[76.2745906,9.9334405],[76.2744748,9.9335033],[76.2743289,9.9335895],[76.2741798,9.9336776],[76.2740406,9.9337598],[76.2740157,9.9337745],[76.2738786,9.9338555],[76.2737563,9.9339342],[76.2736106,9.9340281],[76.2734881,9.934107],[76.273437,9.9341399],[76.2733628,9.9341877],[76.2732269,9.9342752],[76.2731336,9.9343409],[76.2731035,9.9343621],[76.2730489,9.9344006],[76.2729639,9.9344605],[76.272871,9.9345299],[76.2728072,9.9345775],[76.2727256,9.9346385],[76.2726378,9.934704],[76.2725052,9.9348096],[76.2724013,9.9348924],[76.272284,9.9349858],[76.2721964,9.9350556],[76.2720745,9.9351526],[76.2719589,9.9352447],[76.2718371,9.9353417],[76.2717117,9.9354416],[76.2716304,9.9355063],[76.2715663,9.9355574]]},"properties":{"id":"osm-way-134786985","kind":"route","name":"Unnamed trunk road · OSM 134786985","description":"OpenStreetMap trunk road segment","class":"trunk","osm_id":"134786985","highway":"trunk","bridge":null,"tunnel":null,"source":"OpenStreetMap","is_simulated":false}},{"type":"Feature","id":"osm-way-690881835","geometry":{"type":"LineString","coordinates":[[76.2882711,9.9284178],[76.2880776,9.9283217],[76.2880586,9.928309],[76.2879934,9.9282542],[76.2879302,9.9281972],[76.2878883,9.9281514]]},"properties":{"id":"osm-way-690881835","kind":"route","name":"IMU Junction","description":"OpenStreetMap trunk link road segment","class":"trunk","osm_id":"690881835","highway":"trunk_link","bridge":null,"tunnel":null,"source":"OpenStreetMap","is_simulated":false}},{"type":"Feature","id":"osm-way-690881834","geometry":{"type":"LineString","coordinates":[[76.2878166,9.9281243],[76.2876986,9.9281934],[76.2876467,9.9282191],[76.2874496,9.9283167]]},"properties":{"id":"osm-way-690881834","kind":"route","name":"IMU Junction","description":"OpenStreetMap trunk link road segment","class":"trunk","osm_id":"690881834","highway":"trunk_link","bridge":null,"tunnel":null,"source":"OpenStreetMap","is_simulated":false}},{"type":"Feature","id":"osm-way-845483973","geometry":{"type":"LineString","coordinates":[[76.2780362,9.9316283],[76.2778419,9.9317205]]},"properties":{"id":"osm-way-845483973","kind":"route","name":"Unnamed trunk road · OSM 845483973","description":"OpenStreetMap trunk road segment","class":"trunk","osm_id":"845483973","highway":"trunk","bridge":"yes","tunnel":null,"source":"OpenStreetMap","is_simulated":false}},{"type":"Feature","id":"osm-way-283000525","geometry":{"type":"LineString","coordinates":[[76.2113136,10.1769743],[76.2114223,10.1768621],[76.2115037,10.1767428],[76.21156,10.1766329],[76.2116437,10.1763268]]},"properties":{"id":"osm-way-283000525","kind":"route","name":"Kodungallur-Paravur-Ernakulam Highway","description":"OpenStreetMap trunk road segment","class":"trunk","osm_id":"283000525","highway":"trunk","bridge":null,"tunnel":null,"source":"OpenStreetMap","is_simulated":false}},{"type":"Feature","id":"osm-way-46513032","geometry":{"type":"LineString","coordinates":[[76.2874496,9.9283167],[76.2872755,9.9283014],[76.2870695,9.9283101],[76.2868852,9.9283178],[76.2867613,9.928323],[76.2867086,9.9283286],[76.2865878,9.9283414],[76.2863698,9.9283644],[76.2862623,9.9283758],[76.2860729,9.9284139],[76.2859156,9.9284456],[76.2857947,9.9284699],[76.2856405,9.9285144],[76.2854881,9.9285583],[76.2853516,9.9285977],[76.2851598,9.9286688],[76.2850226,9.9287196],[76.2848827,9.9287715],[76.2847396,9.9288245],[76.2846132,9.9288736],[76.2845117,9.928913],[76.2843231,9.9289862],[76.2840807,9.9290803],[76.28378,9.9291971],[76.2835483,9.929287],[76.2833416,9.9293673],[76.2831387,9.9294461],[76.2829491,9.9295197],[76.28278,9.9295853],[76.2825974,9.9296562],[76.2823514,9.9297517],[76.2821827,9.9298173],[76.2819316,9.9299147],[76.2816989,9.9300051],[76.2814622,9.930097],[76.2813092,9.9301564],[76.2810844,9.9302434],[76.2808841,9.9303209],[76.2807279,9.9303813],[76.2805317,9.9304572],[76.2803849,9.9305141],[76.2801669,9.9305984],[76.280078,9.9306328],[76.2799153,9.9306999],[76.2797361,9.9307739],[76.2796138,9.9308244],[76.2794816,9.9308789],[76.2793435,9.9309467],[76.2792018,9.9310162],[76.2790965,9.9310679],[76.2789889,9.9311207],[76.2788207,9.931209],[76.2786673,9.9312896],[76.2785117,9.9313713],[76.278341,9.9314609],[76.2780362,9.9316283]]},"properties":{"id":"osm-way-46513032","kind":"route","name":"Unnamed trunk road · OSM 46513032","description":"OpenStreetMap trunk road segment","class":"trunk","osm_id":"46513032","highway":"trunk","bridge":null,"tunnel":null,"source":"OpenStreetMap","is_simulated":false}},{"type":"Feature","id":"osm-way-619440728","geometry":{"type":"LineString","coordinates":[[76.3175138,9.9206092],[76.3174845,9.9206338],[76.317459,9.920645],[76.3174289,9.9206444],[76.3173951,9.9206162]]},"properties":{"id":"osm-way-619440728","kind":"route","name":"Unnamed trunk road · OSM 619440728","description":"OpenStreetMap trunk link road segment","class":"trunk","osm_id":"619440728","highway":"trunk_link","bridge":null,"tunnel":null,"source":"OpenStreetMap","is_simulated":false}},{"type":"Feature","id":"osm-way-283000526","geometry":{"type":"LineString","coordinates":[[76.211151,10.1771773],[76.2113136,10.1769743]]},"properties":{"id":"osm-way-283000526","kind":"route","name":"Kodungallur-Paravur-Ernakulam Highway","description":"OpenStreetMap trunk road segment","class":"trunk","osm_id":"283000526","highway":"trunk","bridge":"yes","tunnel":null,"source":"OpenStreetMap","is_simulated":false}},{"type":"Feature","id":"osm-way-237201873","geometry":{"type":"LineString","coordinates":[[76.3733941,10.2386789],[76.3732692,10.2386714]]},"properties":{"id":"osm-way-237201873","kind":"route","name":"Unnamed trunk road · OSM 237201873","description":"OpenStreetMap trunk link road segment","class":"trunk","osm_id":"237201873","highway":"trunk_link","bridge":null,"tunnel":null,"source":"OpenStreetMap","is_simulated":false}},{"type":"Feature","id":"osm-way-453562854","geometry":{"type":"LineString","coordinates":[[76.2100523,10.1785403],[76.2103198,10.178565],[76.2105763,10.1785641],[76.2106784,10.1785269],[76.2107314,10.1785042],[76.2107865,10.178461],[76.2108167,10.1783822],[76.2108276,10.1783536],[76.2108772,10.1781296],[76.2109233,10.1777753],[76.2109932,10.177426],[76.211029,10.1773208],[76.211151,10.1771773]]},"properties":{"id":"osm-way-453562854","kind":"route","name":"Kodungallur-Paravur-Ernakulam Highway","description":"OpenStreetMap trunk road segment","class":"trunk","osm_id":"453562854","highway":"trunk","bridge":null,"tunnel":null,"source":"OpenStreetMap","is_simulated":false}},{"type":"Feature","id":"osm-way-282985834","geometry":{"type":"LineString","coordinates":[[76.2047956,10.1819699],[76.20483,10.1817993],[76.2049075,10.1815077],[76.2049825,10.181261],[76.2050997,10.1810361],[76.2051672,10.1809312],[76.2052835,10.1807883],[76.2054915,10.1806567],[76.2057117,10.1805182],[76.2060108,10.1803879],[76.206179,10.1803513],[76.2063193,10.1802716],[76.2064897,10.1801318],[76.2066461,10.1799097],[76.206689,10.1798652],[76.2067534,10.1797984],[76.206976,10.1795777],[76.2073949,10.1792394],[76.2074277,10.17921],[76.2076156,10.1790292],[76.2077678,10.1788924],[76.2078811,10.178819],[76.2079891,10.1787716],[76.2082337,10.178723],[76.2084836,10.1786864],[76.2086761,10.1786438],[76.2088881,10.1785969],[76.2091955,10.1785379],[76.2095697,10.1785049],[76.2097861,10.1785142],[76.2100523,10.1785403]]},"properties":{"id":"osm-way-282985834","kind":"route","name":"Kodungallur-Paravur-Ernakulam Highway","description":"OpenStreetMap trunk road segment","class":"trunk","osm_id":"282985834","highway":"trunk","bridge":null,"tunnel":null,"source":"OpenStreetMap","is_simulated":false}},{"type":"Feature","id":"osm-way-265772990","geometry":{"type":"LineString","coordinates":[[76.3699289,10.2471892],[76.3699408,10.2471697],[76.369983,10.2471006],[76.370034,10.247017],[76.3700604,10.2469737],[76.3701257,10.2468665],[76.3701426,10.2468389],[76.3701675,10.2468002],[76.370212,10.246731],[76.3702622,10.246653],[76.3702966,10.2465996],[76.3703309,10.2465463],[76.3703621,10.2464978],[76.3703911,10.2464527],[76.3704088,10.2464252],[76.3704307,10.2463939],[76.3704681,10.2463403],[76.370533,10.2462472],[76.3705748,10.2461872],[76.3706065,10.2461419],[76.3706428,10.2460954],[76.3707065,10.2460137],[76.3707768,10.2459236],[76.3708309,10.2458542],[76.3708578,10.2458196],[76.3708818,10.2457888],[76.3709185,10.2457464],[76.3709441,10.2457168],[76.3710167,10.245633],[76.371077,10.2455634],[76.3711583,10.2454695],[76.3712024,10.2454186],[76.3712671,10.2453346],[76.3712931,10.2453009],[76.3713268,10.2452639],[76.3713812,10.2452042],[76.3714364,10.2451435],[76.3714969,10.2450771],[76.3715228,10.2450487],[76.3715445,10.2450237],[76.3716028,10.2449565],[76.3716517,10.2449001],[76.3716913,10.2448545],[76.3717315,10.2448081],[76.3717762,10.2447566],[76.3718148,10.2447121],[76.3718538,10.2446672],[76.3719084,10.2446043],[76.3719355,10.2445731],[76.3719658,10.2445356],[76.3720118,10.2444787],[76.3720839,10.2443896],[76.3721114,10.2443556],[76.3721408,10.2443154],[76.3721766,10.2442664],[76.3722107,10.2442198],[76.3722631,10.2441482],[76.3723057,10.24409],[76.3723284,10.244059],[76.3723444,10.2440325],[76.3723956,10.2439477],[76.3724357,10.2438812],[76.3724667,10.2438299],[76.3724997,10.2437753],[76.3725177,10.2437454],[76.3725393,10.2437057],[76.3725811,10.2436287],[76.3726368,10.2435263],[76.3726661,10.2434723],[76.3726933,10.2434222],[76.3727303,10.2433364],[76.3727697,10.2432449],[76.3727923,10.2431925],[76.3728231,10.243121],[76.3728522,10.2430394],[76.3728762,10.2429722],[76.3729077,10.2428837],[76.3729196,10.2428503],[76.3729283,10.2428198],[76.3729489,10.2427476],[76.3729685,10.242679],[76.3729787,10.2426436],[76.3729881,10.2426106],[76.3729941,10.2425897],[76.3730043,10.242554],[76.3730161,10.2425128],[76.3730274,10.2424733],[76.3730372,10.2424321],[76.3730471,10.2423905],[76.3730563,10.2423516],[76.373068,10.2423026],[76.373071,10.2422898],[76.3730779,10.2422609],[76.373087,10.2422225],[76.3730936,10.2421945],[76.3730984,10.2421744],[76.3731066,10.2421225],[76.3731136,10.242078],[76.3731204,10.2420353],[76.373124,10.2420127],[76.3731302,10.2419736],[76.3731351,10.2419421],[76.3731401,10.2419105],[76.3731432,10.2418908],[76.3731482,10.2418587],[76.3731515,10.2418249],[76.3731581,10.2417581],[76.373161,10.2417291],[76.3731682,10.2416558],[76.3731704,10.2416336],[76.3731763,10.2415739],[76.3731799,10.2415378],[76.3731837,10.2414991],[76.3731853,10.2414831],[76.3731918,10.2414168],[76.3731947,10.2413877],[76.3731975,10.2413592],[76.3732027,10.2412911],[76.3732062,10.2412455],[76.3732126,10.2411606],[76.3732214,10.2410444],[76.3732248,10.2409995],[76.3732282,10.240954],[76.3732305,10.2409238],[76.3732359,10.2408527],[76.3732393,10.2408082],[76.3732425,10.2407652],[76.373248,10.240692],[76.3732505,10.2406586],[76.373254,10.2406118],[76.3732764,10.2401637],[76.3733111,10.2395355],[76.3733589,10.2390102],[76.3733941,10.2386789]]},"properties":{"id":"osm-way-265772990","kind":"route","name":"Salem - Kochi - Kanyakumari Highway","description":"OpenStreetMap trunk road segment","class":"trunk","osm_id":"265772990","highway":"trunk","bridge":null,"tunnel":null,"source":"OpenStreetMap","is_simulated":false}},{"type":"Feature","id":"osm-way-265772989","geometry":{"type":"LineString","coordinates":[[76.3732692,10.2386714],[76.3732448,10.2390001],[76.3730963,10.2410578],[76.3730673,10.2414435],[76.3730528,10.2416832],[76.3729974,10.2420745],[76.372933,10.2423776],[76.3728281,10.2427519],[76.37271,10.2430917],[76.3725814,10.2433974],[76.3724061,10.2437054],[76.3722207,10.2439982],[76.3720479,10.2442432],[76.3718157,10.2445372],[76.3714568,10.2449342],[76.3708686,10.2456113],[76.3706441,10.2458924],[76.3704705,10.2461268],[76.370294,10.2463822],[76.3701218,10.2466585],[76.3698304,10.2471318]]},"properties":{"id":"osm-way-265772989","kind":"route","name":"Salem - Kochi - Kanyakumari Highway","description":"OpenStreetMap trunk road segment","class":"trunk","osm_id":"265772989","highway":"trunk","bridge":null,"tunnel":null,"source":"OpenStreetMap","is_simulated":false}},{"type":"Feature","id":"osm-way-391775047","geometry":{"type":"LineString","coordinates":[[76.20483,10.1817993],[76.2047807,10.1818689],[76.2047258,10.1818791],[76.2046612,10.1818572]]},"properties":{"id":"osm-way-391775047","kind":"route","name":"Kodungallur-Paravur-Ernakulam Highway","description":"OpenStreetMap trunk road segment","class":"trunk","osm_id":"391775047","highway":"trunk","bridge":null,"tunnel":null,"source":"OpenStreetMap","is_simulated":false}},{"type":"Feature","id":"osm-way-282985833","geometry":{"type":"LineString","coordinates":[[76.2047956,10.1819699],[76.2046612,10.1818572],[76.2044322,10.1816933],[76.2042238,10.1815562],[76.2041016,10.1815093],[76.2040237,10.1815894],[76.203964,10.1817388],[76.2036086,10.1827467],[76.2033368,10.1835062],[76.2032379,10.1837924],[76.2028873,10.1847791],[76.2025935,10.1856599],[76.2024582,10.1861148],[76.2024191,10.1862464],[76.2023394,10.1864956],[76.2021105,10.1872469]]},"properties":{"id":"osm-way-282985833","kind":"route","name":"Kodungallur-Paravur-Ernakulam Highway","description":"OpenStreetMap trunk road segment","class":"trunk","osm_id":"282985833","highway":"trunk","bridge":null,"tunnel":null,"source":"OpenStreetMap","is_simulated":false}},{"type":"Feature","id":"osm-way-362660212","geometry":{"type":"LineString","coordinates":[[76.2024809,10.1874013],[76.2025201,10.1872176],[76.202618,10.1870421],[76.2027012,10.1869787],[76.2030597,10.1868375],[76.2031169,10.186815],[76.203188,10.1867781],[76.2041004,10.1856079],[76.2044235,10.1848546],[76.2045545,10.1845578],[76.2045747,10.1842973],[76.2045647,10.1839043],[76.2045608,10.1835856],[76.2047152,10.1825233],[76.2047956,10.1819699]]},"properties":{"id":"osm-way-362660212","kind":"route","name":"Kodungallur-Paravur-Ernakulam Highway","description":"OpenStreetMap trunk road segment","class":"trunk","osm_id":"362660212","highway":"trunk","bridge":null,"tunnel":null,"source":"OpenStreetMap","is_simulated":false}},{"type":"Feature","id":"osm-way-362660186","geometry":{"type":"LineString","coordinates":[[76.202377,10.1877599],[76.2024809,10.1874013]]},"properties":{"id":"osm-way-362660186","kind":"route","name":"Kodungallur-Paravur-Ernakulam Highway","description":"OpenStreetMap trunk road segment","class":"trunk","osm_id":"362660186","highway":"trunk","bridge":"yes","tunnel":null,"source":"OpenStreetMap","is_simulated":false}},{"type":"Feature","id":"osm-way-283007321","geometry":{"type":"LineString","coordinates":[[76.2021105,10.1872469],[76.2020013,10.1875267]]},"properties":{"id":"osm-way-283007321","kind":"route","name":"Kodungallur-Paravur-Ernakulam Highway","description":"OpenStreetMap trunk road segment","class":"trunk","osm_id":"283007321","highway":"trunk","bridge":"yes","tunnel":null,"source":"OpenStreetMap","is_simulated":false}},{"type":"Feature","id":"osm-way-383235444","geometry":{"type":"LineString","coordinates":[[76.2019783,10.1887554],[76.2020522,10.1886812],[76.2020902,10.1886415],[76.2021273,10.1886027],[76.2021936,10.1885446],[76.2022399,10.1884971],[76.2022761,10.188449],[76.2023003,10.1882331],[76.202314,10.1880516],[76.202377,10.1877599]]},"properties":{"id":"osm-way-383235444","kind":"route","name":"Kodungallur-Paravur-Ernakulam Highway","description":"OpenStreetMap trunk road segment","class":"trunk","osm_id":"383235444","highway":"trunk","bridge":null,"tunnel":null,"source":"OpenStreetMap","is_simulated":false}},{"type":"Feature","id":"osm-way-383235443","geometry":{"type":"LineString","coordinates":[[76.2020013,10.1875267],[76.2018228,10.1880266],[76.2016989,10.1886402]]},"properties":{"id":"osm-way-383235443","kind":"route","name":"Kodungallur-Paravur-Ernakulam Highway","description":"OpenStreetMap trunk road segment","class":"trunk","osm_id":"383235443","highway":"trunk","bridge":null,"tunnel":null,"source":"OpenStreetMap","is_simulated":false}},{"type":"Feature","id":"osm-way-279942610","geometry":{"type":"LineString","coordinates":[[76.2016091,10.1892715],[76.2017825,10.1890432],[76.2018053,10.1890049],[76.2019783,10.1887554]]},"properties":{"id":"osm-way-279942610","kind":"route","name":"Unnamed trunk road · OSM 279942610","description":"OpenStreetMap trunk road segment","class":"trunk","osm_id":"279942610","highway":"trunk","bridge":null,"tunnel":null,"source":"OpenStreetMap","is_simulated":false}},{"type":"Feature","id":"osm-way-283007322","geometry":{"type":"LineString","coordinates":[[76.2016989,10.1886402],[76.2016185,10.1889742],[76.2016091,10.1892715]]},"properties":{"id":"osm-way-283007322","kind":"route","name":"Kodungallur-Paravur-Ernakulam Highway","description":"OpenStreetMap trunk road segment","class":"trunk","osm_id":"283007322","highway":"trunk","bridge":null,"tunnel":null,"source":"OpenStreetMap","is_simulated":false}},{"type":"Feature","id":"osm-way-272538974","geometry":{"type":"LineString","coordinates":[[76.2013246,10.1923421],[76.2014375,10.1911196],[76.2015057,10.1904112],[76.2016091,10.1892715]]},"properties":{"id":"osm-way-272538974","kind":"route","name":"Kodungallur-Paravur-Ernakulam Highway","description":"OpenStreetMap trunk road segment","class":"trunk","osm_id":"272538974","highway":"trunk","bridge":null,"tunnel":null,"source":"OpenStreetMap","is_simulated":false}},{"type":"Feature","id":"osm-way-276735250","geometry":{"type":"LineString","coordinates":[[76.5064608,9.9766393],[76.5063526,9.9766295],[76.5062112,9.9766168],[76.5056249,9.9765214],[76.5051207,9.9763523],[76.5044079,9.9759955],[76.5035118,9.9753947],[76.502903,9.975011],[76.5021318,9.974628],[76.5016222,9.9745923],[76.5012614,9.9745791],[76.5009309,9.9745296],[76.500489,9.9743968],[76.500204,9.9744391],[76.4999431,9.9745659],[76.4997105,9.974727],[76.4993993,9.9749912],[76.4990757,9.9753679],[76.4987481,9.9758248],[76.4985943,9.9760392],[76.4985652,9.9760798],[76.4984986,9.9761505],[76.4983222,9.9763376],[76.4979486,9.9766551],[76.4976511,9.9768448],[76.497495,9.9769016],[76.4964989,9.977097],[76.496183,9.9771905],[76.4957735,9.9773294],[76.4940409,9.9779816],[76.4930901,9.9781678],[76.4927454,9.9782153],[76.4926127,9.978218],[76.4924569,9.9782077],[76.4922519,9.9781929],[76.4920038,9.9780965],[76.4914647,9.9777029],[76.491242,9.9776157],[76.490957,9.9776076],[76.4904109,9.9777532],[76.4899963,9.9778693],[76.4897634,9.9780051],[76.489287,9.9784564],[76.4890502,9.9786808],[76.488929,9.9787831],[76.4889005,9.9788071],[76.4886484,9.9789048],[76.4879188,9.979058],[76.4874977,9.9791531],[76.4872,9.9792905],[76.4868218,9.9795467],[76.4866662,9.9796682],[76.4862075,9.9798003],[76.4856201,9.9799615],[76.4854793,9.9800235],[76.4850366,9.9802936],[76.4850171,9.9803082],[76.4846418,9.9806101],[76.4841704,9.9807949],[76.4836541,9.9808636],[76.4831699,9.9808874],[76.4827716,9.9809019],[76.482478,9.9809096],[76.4813688,9.9809362],[76.4812455,9.9809415],[76.4810282,9.9809204],[76.4808485,9.98082],[76.4806929,9.9806298],[76.4804971,9.980289],[76.4802967,9.9800548],[76.4799839,9.9798636],[76.4795835,9.9797405],[76.4788936,9.9796336],[76.478078,9.9795486],[76.4780038,9.979539],[76.4776693,9.9795017],[76.4772649,9.9794302],[76.4767149,9.9793531],[76.4765417,9.9793401],[76.4763366,9.979316],[76.4760716,9.979319],[76.4757482,9.9793185],[76.4754069,9.9793189],[76.4753495,9.9793239],[76.4750612,9.9793797],[76.4746695,9.9794472],[76.4744505,9.979471],[76.4742625,9.9795023],[76.4730891,9.9796346],[76.4726065,9.9796854],[76.4723547,9.9797021],[76.4721057,9.9796922],[76.4717472,9.9796592],[76.4710833,9.9795384],[76.470377,9.9793988],[76.4701303,9.979375],[76.4699311,9.9793947]]},"properties":{"id":"osm-way-276735250","kind":"route","name":"കൊച്ചി - മധുരൈ - ധനുഷ്‌കോടി റോഡ്","description":"OpenStreetMap trunk road segment","class":"trunk","osm_id":"276735250","highway":"trunk","bridge":null,"tunnel":null,"source":"OpenStreetMap","is_simulated":false}},{"type":"Feature","id":"osm-way-272538975","geometry":{"type":"LineString","coordinates":[[76.2010323,10.1954345],[76.2010964,10.1946414],[76.201206,10.1937914],[76.2013246,10.1923421]]},"properties":{"id":"osm-way-272538975","kind":"route","name":"Moothakunnam Bridge","description":"OpenStreetMap trunk road segment","class":"trunk","osm_id":"272538975","highway":"trunk","bridge":"yes","tunnel":null,"source":"OpenStreetMap","is_simulated":false}},{"type":"Feature","id":"osm-way-901849852","geometry":{"type":"LineString","coordinates":[[76.2009914,10.1958578],[76.2010323,10.1954345]]},"properties":{"id":"osm-way-901849852","kind":"route","name":"Kodungallur-Paravur-Ernakulam Highway","description":"OpenStreetMap trunk road segment","class":"trunk","osm_id":"901849852","highway":"trunk","bridge":null,"tunnel":null,"source":"OpenStreetMap","is_simulated":false}},{"type":"Feature","id":"osm-way-272538976","geometry":{"type":"LineString","coordinates":[[76.2007492,10.1979854],[76.2008193,10.1973734],[76.2008355,10.1971855],[76.2008942,10.1966397],[76.2009735,10.1960378],[76.2009914,10.1958578]]},"properties":{"id":"osm-way-272538976","kind":"route","name":"Kodungallur-Paravur-Ernakulam Highway","description":"OpenStreetMap trunk road segment","class":"trunk","osm_id":"272538976","highway":"trunk","bridge":null,"tunnel":null,"source":"OpenStreetMap","is_simulated":false}},{"type":"Feature","id":"osm-way-155961790","geometry":{"type":"LineString","coordinates":[[76.2004582,10.2007353],[76.2006376,10.1991395],[76.2007102,10.1983778],[76.2007492,10.1979854]]},"properties":{"id":"osm-way-155961790","kind":"route","name":"Kottappuram Bridge","description":"OpenStreetMap trunk road segment","class":"trunk","osm_id":"155961790","highway":"trunk","bridge":"yes","tunnel":null,"source":"OpenStreetMap","is_simulated":false}},{"type":"Feature","id":"osm-way-155943433","geometry":{"type":"LineString","coordinates":[[76.2004102,10.2013622],[76.200429,10.20115],[76.2004341,10.2010771],[76.2004582,10.2007353]]},"properties":{"id":"osm-way-155943433","kind":"route","name":"Kodungallur-Paravur-Ernakulam Highway","description":"OpenStreetMap trunk road segment","class":"trunk","osm_id":"155943433","highway":"trunk","bridge":null,"tunnel":null,"source":"OpenStreetMap","is_simulated":false}},{"type":"Feature","id":"osm-way-837950729","geometry":{"type":"LineString","coordinates":[[76.2003295,10.2021971],[76.2004197,10.201823],[76.2004102,10.2013622]]},"properties":{"id":"osm-way-837950729","kind":"route","name":"Kodungallur-Paravur-Ernakulam Highway","description":"OpenStreetMap trunk road segment","class":"trunk","osm_id":"837950729","highway":"trunk","bridge":null,"tunnel":null,"source":"OpenStreetMap","is_simulated":false}},{"type":"Feature","id":"osm-way-155943423","geometry":{"type":"LineString","coordinates":[[76.2004102,10.2013622],[76.2002356,10.2020369],[76.2001987,10.2021596]]},"properties":{"id":"osm-way-155943423","kind":"route","name":"Kodungallur-Paravur-Ernakulam Highway","description":"OpenStreetMap trunk road segment","class":"trunk","osm_id":"155943423","highway":"trunk","bridge":null,"tunnel":null,"source":"OpenStreetMap","is_simulated":false}},{"type":"Feature","id":"osm-way-363273671","geometry":{"type":"LineString","coordinates":[[76.2002223,10.2029213],[76.2002756,10.2025015],[76.2003295,10.2021971]]},"properties":{"id":"osm-way-363273671","kind":"route","name":"Kodungallur-Paravur-Ernakulam Highway","description":"OpenStreetMap trunk road segment","class":"trunk","osm_id":"363273671","highway":"trunk","bridge":null,"tunnel":null,"source":"OpenStreetMap","is_simulated":false}},{"type":"Feature","id":"osm-way-363272822","geometry":{"type":"LineString","coordinates":[[76.2001987,10.2021596],[76.2001596,10.2024962],[76.2000998,10.2029451]]},"properties":{"id":"osm-way-363272822","kind":"route","name":"Kodungallur-Paravur-Ernakulam Highway","description":"OpenStreetMap trunk road segment","class":"trunk","osm_id":"363272822","highway":"trunk","bridge":null,"tunnel":null,"source":"OpenStreetMap","is_simulated":false}},{"type":"Feature","id":"osm-way-472588035","geometry":{"type":"LineString","coordinates":[[76.2002026,10.2030714],[76.2002223,10.2029213]]},"properties":{"id":"osm-way-472588035","kind":"route","name":"Unnamed trunk road · OSM 472588035","description":"OpenStreetMap trunk road segment","class":"trunk","osm_id":"472588035","highway":"trunk","bridge":null,"tunnel":null,"source":"OpenStreetMap","is_simulated":false}},{"type":"Feature","id":"osm-way-363272834","geometry":{"type":"LineString","coordinates":[[76.2001466,10.2036973],[76.2002026,10.2030714]]},"properties":{"id":"osm-way-363272834","kind":"route","name":"Unnamed trunk road · OSM 363272834","description":"OpenStreetMap trunk road segment","class":"trunk","osm_id":"363272834","highway":"trunk","bridge":null,"tunnel":null,"source":"OpenStreetMap","is_simulated":false}},{"type":"Feature","id":"osm-way-1293568592","geometry":{"type":"LineString","coordinates":[[76.2001181,10.2041416],[76.2001345,10.2039129],[76.200138,10.2038567],[76.2001466,10.2036973]]},"properties":{"id":"osm-way-1293568592","kind":"route","name":"Chandapura - Kottapuram Bypass","description":"OpenStreetMap trunk road segment","class":"trunk","osm_id":"1293568592","highway":"trunk","bridge":null,"tunnel":null,"source":"OpenStreetMap","is_simulated":false}},{"type":"Feature","id":"osm-way-363272804","geometry":{"type":"LineString","coordinates":[[76.2000998,10.2029451],[76.2000805,10.2031291],[76.2000162,10.2038991],[76.1999985,10.2041987],[76.1999742,10.2046256],[76.1999401,10.2056618],[76.1999436,10.2061106],[76.199934,10.2064357],[76.1999229,10.2067539],[76.1998727,10.2072843],[76.1998058,10.2077205],[76.1997253,10.2080927],[76.1996214,10.208547],[76.1995135,10.2089258],[76.19928,10.2096],[76.1990873,10.2101922]]},"properties":{"id":"osm-way-363272804","kind":"route","name":"Chandapura - Kottapuram Bypass","description":"OpenStreetMap trunk road segment","class":"trunk","osm_id":"363272804","highway":"trunk","bridge":null,"tunnel":null,"source":"OpenStreetMap","is_simulated":false}},{"type":"Feature","id":"osm-way-1531428193","geometry":{"type":"LineString","coordinates":[[76.1991862,10.2102345],[76.1993874,10.2096363],[76.1995868,10.2090563],[76.1997241,10.2085775],[76.1998564,10.2080912],[76.1999208,10.207721],[76.1999821,10.2073002],[76.2000386,10.2067803],[76.2000467,10.2064356],[76.2000508,10.2061169],[76.2000623,10.2056634],[76.2000862,10.2046286],[76.2001181,10.2041416]]},"properties":{"id":"osm-way-1531428193","kind":"route","name":"Chandapura - Kottapuram Bypass","description":"OpenStreetMap trunk road segment","class":"trunk","osm_id":"1531428193","highway":"trunk","bridge":null,"tunnel":null,"source":"OpenStreetMap","is_simulated":false}},{"type":"Feature","id":"osm-way-1013173731","geometry":{"type":"LineString","coordinates":[[76.3649821,10.0885095],[76.3646902,10.0886087],[76.364374,10.0887632],[76.3633802,10.0892487],[76.3631798,10.0893447],[76.3629403,10.0894553],[76.3626978,10.0895672],[76.3621802,10.0898087],[76.3618602,10.0899987],[76.3617302,10.0900887],[76.361678,10.0901282],[76.3616674,10.0901346],[76.3615112,10.0902546],[76.3613674,10.0904409],[76.3612543,10.0907618],[76.3611684,10.0915929],[76.3610773,10.0918414],[76.3610584,10.0918929],[76.3609584,10.0920629],[76.3609345,10.0920868],[76.3608684,10.0921529],[76.3607052,10.0922793],[76.3605484,10.0924129],[76.3603535,10.0926621],[76.3602035,10.0929021],[76.3601478,10.0929983],[76.3600935,10.0930921],[76.3600269,10.0934253],[76.3600235,10.0934421],[76.3598835,10.0938721],[76.3596835,10.0942121]]},"properties":{"id":"osm-way-1013173731","kind":"route","name":"Aluva - Munnar Road","description":"OpenStreetMap primary road segment","class":"primary","osm_id":"1013173731","highway":"primary","bridge":null,"tunnel":null,"source":"OpenStreetMap","is_simulated":false}},{"type":"Feature","id":"osm-way-623290393","geometry":{"type":"LineString","coordinates":[[76.3596835,10.0942121],[76.3596126,10.0943553]]},"properties":{"id":"osm-way-623290393","kind":"route","name":"Aluva - Munnar Road","description":"OpenStreetMap primary road segment","class":"primary","osm_id":"623290393","highway":"primary","bridge":"yes","tunnel":null,"source":"OpenStreetMap","is_simulated":false}},{"type":"Feature","id":"osm-way-623290394","geometry":{"type":"LineString","coordinates":[[76.3596126,10.0943553],[76.3595735,10.0944421],[76.3592791,10.0947985],[76.3591935,10.0949021],[76.3589935,10.0952421],[76.3588833,10.0956014],[76.3588815,10.0956443],[76.3588633,10.0957514],[76.3588592,10.0958177],[76.3588483,10.095996],[76.3588133,10.0963514],[76.3588133,10.0966114],[76.3587533,10.0969514],[76.3587333,10.0971014],[76.3587023,10.0974497],[76.3586727,10.0977827],[76.3586443,10.098102],[76.3586223,10.0983497],[76.3585123,10.0986897],[76.3584598,10.0988866],[76.3584323,10.0989897],[76.3582813,10.0992099],[76.3581923,10.0993397],[76.358055,10.0995611],[76.3579923,10.0996197],[76.3578602,10.0996973],[76.3572708,10.1000432],[76.3572311,10.1000665],[76.3571817,10.1000939],[76.3570616,10.1001968],[76.3570246,10.1002452],[76.3569962,10.1002966]]},"properties":{"id":"osm-way-623290394","kind":"route","name":"Aluva - Munnar Road","description":"OpenStreetMap primary road segment","class":"primary","osm_id":"623290394","highway":"primary","bridge":null,"tunnel":null,"source":"OpenStreetMap","is_simulated":false}},{"type":"Feature","id":"osm-way-1010506680","geometry":{"type":"LineString","coordinates":[[76.3569962,10.1002966],[76.3569281,10.1004564]]},"properties":{"id":"osm-way-1010506680","kind":"route","name":"Aluva - Munnar Road","description":"OpenStreetMap primary road segment","class":"primary","osm_id":"1010506680","highway":"primary","bridge":null,"tunnel":null,"source":"OpenStreetMap","is_simulated":false}},{"type":"Feature","id":"osm-way-46513929","geometry":{"type":"LineString","coordinates":[[76.3569281,10.1004564],[76.3569667,10.1004807],[76.35705,10.1005604]]},"properties":{"id":"osm-way-46513929","kind":"route","name":"Unnamed primary road · OSM 46513929","description":"OpenStreetMap primary link road segment","class":"primary","osm_id":"46513929","highway":"primary_link","bridge":null,"tunnel":null,"source":"OpenStreetMap","is_simulated":false}},{"type":"Feature","id":"osm-way-1021337976","geometry":{"type":"LineString","coordinates":[[76.3658662,10.0885548],[76.3655762,10.0885492],[76.3652,10.08854],[76.3649821,10.0885095]]},"properties":{"id":"osm-way-1021337976","kind":"route","name":"Aluva - Munnar Road","description":"OpenStreetMap primary road segment","class":"primary","osm_id":"1021337976","highway":"primary","bridge":null,"tunnel":null,"source":"OpenStreetMap","is_simulated":false}},{"type":"Feature","id":"osm-way-1537357685","geometry":{"type":"LineString","coordinates":[[76.3302117,10.0537555],[76.3301953,10.0536575]]},"properties":{"id":"osm-way-1537357685","kind":"route","name":"Unnamed primary road · OSM 1537357685","description":"OpenStreetMap primary link road segment","class":"primary","osm_id":"1537357685","highway":"primary_link","bridge":null,"tunnel":null,"source":"OpenStreetMap","is_simulated":false}},{"type":"Feature","id":"osm-way-1010024776","geometry":{"type":"LineString","coordinates":[[76.35705,10.1005604],[76.3571671,10.1006843],[76.3575749,10.1009499],[76.3579483,10.1011606],[76.3580135,10.1012311],[76.3580478,10.1013163],[76.3581449,10.101614],[76.3582073,10.1018255],[76.3582877,10.1020744],[76.3583067,10.1021698],[76.3584597,10.1029394],[76.3585169,10.1030826],[76.3586702,10.1037808],[76.358738,10.1042093],[76.3587543,10.1044228]]},"properties":{"id":"osm-way-1010024776","kind":"route","name":"Sub Jail Road","description":"OpenStreetMap primary road segment","class":"primary","osm_id":"1010024776","highway":"primary","bridge":null,"tunnel":null,"source":"OpenStreetMap","is_simulated":false}},{"type":"Feature","id":"osm-way-1118083777","geometry":{"type":"LineString","coordinates":[[76.3283779,10.0539289],[76.3284014,10.0540102]]},"properties":{"id":"osm-way-1118083777","kind":"route","name":"Unnamed primary road · OSM 1118083777","description":"OpenStreetMap primary road segment","class":"primary","osm_id":"1118083777","highway":"primary","bridge":null,"tunnel":null,"source":"OpenStreetMap","is_simulated":false}},{"type":"Feature","id":"osm-way-1021357314","geometry":{"type":"LineString","coordinates":[[76.3221925,10.0551111],[76.3224042,10.0550787],[76.3226493,10.055057],[76.3228886,10.0550674],[76.3230749,10.0550606],[76.3235713,10.0550623],[76.3238455,10.0550553],[76.3240283,10.0550517],[76.324064,10.0550489],[76.3241395,10.0550429],[76.3242595,10.0550341],[76.3243707,10.0550182],[76.3244448,10.0550014],[76.3244872,10.0549917],[76.3246305,10.0549441],[76.3248815,10.0548435],[76.32517,10.0547147],[76.32536,10.0546441],[76.3255554,10.0545806],[76.3257041,10.0545311],[76.3261791,10.0543882],[76.3266451,10.0542735],[76.3269426,10.0542082],[76.3270967,10.0541888],[76.3273727,10.0541535],[76.3274283,10.0541464],[76.3274492,10.0541438],[76.3276935,10.0541129],[76.3279194,10.0540829],[76.3280181,10.0540695],[76.3281416,10.0540529],[76.3281673,10.0540494],[76.3284014,10.0540102],[76.3291107,10.0539162],[76.3295696,10.053858],[76.3297707,10.053825],[76.3298707,10.0538086],[76.3301431,10.0537698],[76.3302117,10.0537555],[76.3304424,10.0537115],[76.3306532,10.0536227],[76.3308019,10.0535698],[76.3309328,10.0535098],[76.3312124,10.0533668],[76.3315117,10.0532221],[76.3318737,10.0530404],[76.3319764,10.0529941],[76.3322501,10.0528709],[76.3324021,10.0527992],[76.3328451,10.0525903],[76.3332502,10.0523998],[76.33358,10.0522145],[76.333607,10.0521988],[76.3338058,10.0520839],[76.3340604,10.0519412],[76.3341003,10.0519106],[76.3345818,10.0515385],[76.3349618,10.051235],[76.3352523,10.0510178],[76.3353409,10.0509461],[76.3353987,10.0508978]]},"properties":{"id":"osm-way-1021357314","kind":"route","name":"HMT Road","description":"OpenStreetMap primary road segment","class":"primary","osm_id":"1021357314","highway":"primary","bridge":null,"tunnel":null,"source":"OpenStreetMap","is_simulated":false}},{"type":"Feature","id":"osm-way-1021357312","geometry":{"type":"LineString","coordinates":[[76.3353405,10.0508269],[76.3352879,10.0508716],[76.3350288,10.0510739],[76.3348898,10.0511873],[76.3347079,10.0513357],[76.3342601,10.0516697],[76.3340065,10.0518684],[76.3337513,10.0520248],[76.3335801,10.0521196],[76.3335738,10.05213],[76.3333921,10.052225],[76.3329062,10.0524717],[76.3324447,10.0526869],[76.3319679,10.0529126],[76.3319411,10.0529256],[76.3314743,10.0531519],[76.3309975,10.0533836],[76.330695,10.0535205],[76.3305577,10.0535765],[76.3304197,10.0536117],[76.3301953,10.0536575],[76.3298781,10.0537291],[76.3297849,10.0537427],[76.3297634,10.0537461],[76.329519,10.0537848],[76.3291094,10.053842],[76.3289174,10.0538651],[76.3286097,10.0539022],[76.3283779,10.0539289],[76.3281616,10.0539505],[76.3280698,10.0539653],[76.328004,10.0539758],[76.3278438,10.0540016],[76.3275396,10.0540422],[76.3274441,10.0540504],[76.3273834,10.0540557],[76.3271635,10.0540794],[76.3270314,10.0540999],[76.3269862,10.0541057],[76.3266632,10.0541733],[76.3265025,10.0542074],[76.326347,10.0542507],[76.3260472,10.0543286],[76.3256604,10.0544394],[76.3252975,10.0545467],[76.3248788,10.0547197],[76.3247046,10.054792],[76.3245426,10.0548521],[76.324428,10.0548883],[76.3243944,10.0548943],[76.32424,10.0549199],[76.3240089,10.054943],[76.3238649,10.054951],[76.3238412,10.0549515],[76.323531,10.0549454],[76.3231566,10.0549454],[76.322906,10.05495],[76.3226316,10.0549525],[76.3225805,10.054953],[76.3222504,10.0549545],[76.3220396,10.0549636]]},"properties":{"id":"osm-way-1021357312","kind":"route","name":"HMT Road","description":"OpenStreetMap primary road segment","class":"primary","osm_id":"1021357312","highway":"primary","bridge":null,"tunnel":null,"source":"OpenStreetMap","is_simulated":false}},{"type":"Feature","id":"osm-way-1152360725","geometry":{"type":"LineString","coordinates":[[76.3274492,10.0541438],[76.3274441,10.0540504]]},"properties":{"id":"osm-way-1152360725","kind":"route","name":"Unnamed primary road · OSM 1152360725","description":"OpenStreetMap primary road segment","class":"primary","osm_id":"1152360725","highway":"primary","bridge":null,"tunnel":null,"source":"OpenStreetMap","is_simulated":false}},{"type":"Feature","id":"osm-way-1036478989","geometry":{"type":"LineString","coordinates":[[76.3353987,10.0508978],[76.3353405,10.0508269],[76.3353316,10.0507156],[76.3353325,10.0506648],[76.3353487,10.0503782],[76.3353494,10.0503046]]},"properties":{"id":"osm-way-1036478989","kind":"route","name":"Seaport Airport Road","description":"OpenStreetMap primary road segment","class":"primary","osm_id":"1036478989","highway":"primary","bridge":null,"tunnel":null,"source":"OpenStreetMap","is_simulated":false}},{"type":"Feature","id":"osm-way-46513818","geometry":{"type":"LineString","coordinates":[[76.3212209,10.0562427],[76.3213082,10.0562872],[76.3213395,10.0563002],[76.321354,10.0563034],[76.32137,10.0563024],[76.3214024,10.0562952],[76.3214324,10.0562812],[76.3215028,10.0562407]]},"properties":{"id":"osm-way-46513818","kind":"route","name":"Unnamed primary road · OSM 46513818","description":"OpenStreetMap primary road segment","class":"primary","osm_id":"46513818","highway":"primary","bridge":null,"tunnel":null,"source":"OpenStreetMap","is_simulated":false}},{"type":"Feature","id":"osm-way-623290392","geometry":{"type":"LineString","coordinates":[[76.3658662,10.0885548],[76.3660647,10.0885297],[76.3662672,10.0884796],[76.366467,10.0884162],[76.3666264,10.0883449],[76.3670908,10.0881373],[76.3678023,10.0877874],[76.3683127,10.087538],[76.3692332,10.0871437],[76.3696246,10.0868837],[76.3698284,10.0866438],[76.3698847,10.0865712],[76.3701623,10.086188],[76.370173,10.0861733],[76.3704215,10.0858305],[76.3704935,10.0857312],[76.3708767,10.085253],[76.371163,10.0850659],[76.371285,10.0850361],[76.3714231,10.0850024],[76.3716952,10.0849698]]},"properties":{"id":"osm-way-623290392","kind":"route","name":"Aluva - Munnar Road","description":"OpenStreetMap primary road segment","class":"primary","osm_id":"623290392","highway":"primary","bridge":null,"tunnel":null,"source":"OpenStreetMap","is_simulated":false}},{"type":"Feature","id":"osm-way-1039339146","geometry":{"type":"LineString","coordinates":[[76.3217082,10.0556475],[76.3218501,10.0553852],[76.3219384,10.0552561],[76.3219913,10.0552022],[76.3220389,10.0551628],[76.3220974,10.0551345],[76.3221925,10.0551111]]},"properties":{"id":"osm-way-1039339146","kind":"route","name":"HMT Road","description":"OpenStreetMap primary road segment","class":"primary","osm_id":"1039339146","highway":"primary","bridge":null,"tunnel":null,"source":"OpenStreetMap","is_simulated":false}},{"type":"Feature","id":"osm-way-1199340474","geometry":{"type":"LineString","coordinates":[[76.3587543,10.1044228],[76.3587451,10.1045193],[76.3586866,10.1048527]]},"properties":{"id":"osm-way-1199340474","kind":"route","name":"Sub Jail Road","description":"OpenStreetMap primary road segment","class":"primary","osm_id":"1199340474","highway":"primary","bridge":null,"tunnel":null,"source":"OpenStreetMap","is_simulated":false}},{"type":"Feature","id":"osm-way-860968192","geometry":{"type":"LineString","coordinates":[[76.3220396,10.0549636],[76.3219842,10.0549513],[76.3219161,10.0549337],[76.3218785,10.0549072],[76.3218552,10.0548719],[76.3218349,10.0547843]]},"properties":{"id":"osm-way-860968192","kind":"route","name":"HMT Road","description":"OpenStreetMap primary road segment","class":"primary","osm_id":"860968192","highway":"primary","bridge":null,"tunnel":null,"source":"OpenStreetMap","is_simulated":false}},{"type":"Feature","id":"osm-way-46513640","geometry":{"type":"LineString","coordinates":[[76.3586866,10.1048527],[76.358654,10.1050384],[76.3585664,10.1054308],[76.3585126,10.1056278],[76.3584607,10.1057226],[76.3583986,10.1057809],[76.3583349,10.1058177],[76.3582423,10.1058349],[76.3579577,10.1058179],[76.3577191,10.1058036],[76.3576224,10.1057996],[76.3575609,10.1058131],[76.357462,10.1059056],[76.3573649,10.1060163],[76.3572469,10.1062429],[76.3572222,10.1063266],[76.3571906,10.1064652],[76.3571835,10.1066566],[76.3572139,10.1073805],[76.3572355,10.1076876]]},"properties":{"id":"osm-way-46513640","kind":"route","name":"Sub Jail Road","description":"OpenStreetMap primary road segment","class":"primary","osm_id":"46513640","highway":"primary","bridge":null,"tunnel":null,"source":"OpenStreetMap","is_simulated":false}},{"type":"Feature","id":"osm-way-1189322696","geometry":{"type":"LineString","coordinates":[[76.3489947,10.1105941],[76.3488885,10.1105722]]},"properties":{"id":"osm-way-1189322696","kind":"route","name":"Unnamed primary road · OSM 1189322696","description":"OpenStreetMap primary road segment","class":"primary","osm_id":"1189322696","highway":"primary","bridge":null,"tunnel":null,"source":"OpenStreetMap","is_simulated":false}},{"type":"Feature","id":"osm-way-1350021755","geometry":{"type":"LineString","coordinates":[[76.349135,10.110624],[76.3489947,10.1105941]]},"properties":{"id":"osm-way-1350021755","kind":"route","name":"Aluva Bypass Road","description":"OpenStreetMap primary road segment","class":"primary","osm_id":"1350021755","highway":"primary","bridge":null,"tunnel":null,"source":"OpenStreetMap","is_simulated":false}},{"type":"Feature","id":"osm-way-1350021757","geometry":{"type":"LineString","coordinates":[[76.3492551,10.1106464],[76.349135,10.110624]]},"properties":{"id":"osm-way-1350021757","kind":"route","name":"Aluva Bypass Road","description":"OpenStreetMap primary road segment","class":"primary","osm_id":"1350021757","highway":"primary","bridge":null,"tunnel":null,"source":"OpenStreetMap","is_simulated":false}},{"type":"Feature","id":"osm-way-186888612","geometry":{"type":"LineString","coordinates":[[76.3488092,10.1107336],[76.3489059,10.1107668]]},"properties":{"id":"osm-way-186888612","kind":"route","name":"Unnamed primary road · OSM 186888612","description":"OpenStreetMap primary road segment","class":"primary","osm_id":"186888612","highway":"primary","bridge":null,"tunnel":null,"source":"OpenStreetMap","is_simulated":false}},{"type":"Feature","id":"osm-way-472212389","geometry":{"type":"LineString","coordinates":[[76.3501013,10.1106983],[76.3500263,10.1106796],[76.3497688,10.1106716],[76.349499,10.1106753],[76.3494249,10.1106684],[76.3492551,10.1106464]]},"properties":{"id":"osm-way-472212389","kind":"route","name":"Aluva Bypass Road","description":"OpenStreetMap primary road segment","class":"primary","osm_id":"472212389","highway":"primary","bridge":null,"tunnel":null,"source":"OpenStreetMap","is_simulated":false}},{"type":"Feature","id":"osm-way-472212301","geometry":{"type":"LineString","coordinates":[[76.3489059,10.1107668],[76.3490581,10.110768],[76.3491956,10.1107924],[76.3492309,10.1107955]]},"properties":{"id":"osm-way-472212301","kind":"route","name":"Unnamed primary road · OSM 472212301","description":"OpenStreetMap primary road segment","class":"primary","osm_id":"472212301","highway":"primary","bridge":null,"tunnel":null,"source":"OpenStreetMap","is_simulated":false}},{"type":"Feature","id":"osm-way-472212390","geometry":{"type":"LineString","coordinates":[[76.3492309,10.1107955],[76.3494352,10.1107479],[76.3496537,10.1107267],[76.3501013,10.1106983]]},"properties":{"id":"osm-way-472212390","kind":"route","name":"Aluva Bypass Road","description":"OpenStreetMap primary road segment","class":"primary","osm_id":"472212390","highway":"primary","bridge":null,"tunnel":null,"source":"OpenStreetMap","is_simulated":false}},{"type":"Feature","id":"osm-way-652021853","geometry":{"type":"LineString","coordinates":[[76.3501013,10.1106983],[76.3502663,10.1107395],[76.3503348,10.1107646],[76.3505091,10.1108442],[76.3506805,10.1109366],[76.3507191,10.1109612],[76.3509658,10.1111199],[76.3511815,10.1112484],[76.3514719,10.1114308],[76.3519692,10.1117394],[76.3522691,10.1119255]]},"properties":{"id":"osm-way-652021853","kind":"route","name":"Bridge Road","description":"OpenStreetMap primary road segment","class":"primary","osm_id":"652021853","highway":"primary","bridge":null,"tunnel":null,"source":"OpenStreetMap","is_simulated":false}},{"type":"Feature","id":"osm-way-46514049","geometry":{"type":"LineString","coordinates":[[76.3596289,10.1077258],[76.3591378,10.1076954],[76.3590619,10.1076763],[76.3589459,10.1076591],[76.3587856,10.1076354],[76.3584691,10.1075628],[76.3582585,10.1075483],[76.357832,10.1076037],[76.357301,10.1076777],[76.3572355,10.1076876]]},"properties":{"id":"osm-way-46514049","kind":"route","name":"Railway Station Road","description":"OpenStreetMap primary road segment","class":"primary","osm_id":"46514049","highway":"primary","bridge":null,"tunnel":null,"source":"OpenStreetMap","is_simulated":false}},{"type":"Feature","id":"osm-way-860968189","geometry":{"type":"LineString","coordinates":[[76.3371736,10.0462039],[76.3372647,10.0462167]]},"properties":{"id":"osm-way-860968189","kind":"route","name":"Unnamed primary road · OSM 860968189","description":"OpenStreetMap primary road segment","class":"primary","osm_id":"860968189","highway":"primary","bridge":null,"tunnel":null,"source":"OpenStreetMap","is_simulated":false}},{"type":"Feature","id":"osm-way-759515835","geometry":{"type":"LineString","coordinates":[[76.3353494,10.0503046],[76.3353994,10.0499271],[76.3354283,10.0496583],[76.3355322,10.0493636],[76.3356362,10.0490971],[76.3357975,10.048783],[76.3359014,10.0486347],[76.3360538,10.0484335],[76.3362922,10.0481618],[76.3364714,10.04798],[76.3366237,10.047807],[76.3366954,10.0477241],[76.336794,10.0475917],[76.3368944,10.0474329],[76.3370055,10.0472141],[76.3371023,10.0469564],[76.3371686,10.0467411],[76.3372421,10.0463758],[76.3372647,10.0462167],[76.3372748,10.0461455],[76.3372862,10.0460718],[76.3373041,10.0459145],[76.3373687,10.0455264],[76.3374655,10.0451524],[76.3376073,10.0447372],[76.3376729,10.0445739],[76.3378005,10.0442985],[76.3380052,10.0439115],[76.3381187,10.0437271],[76.3382304,10.0435409],[76.3383873,10.0432805],[76.3385087,10.043057],[76.3385915,10.0428789],[76.3386412,10.0427413],[76.3386755,10.0425979],[76.3387028,10.0424667],[76.3387259,10.0422368],[76.3387271,10.042068],[76.3387209,10.0418889],[76.3386953,10.0417311],[76.3386199,10.0414174]]},"properties":{"id":"osm-way-759515835","kind":"route","name":"Seaport Airport Road","description":"OpenStreetMap primary road segment","class":"primary","osm_id":"759515835","highway":"primary","bridge":null,"tunnel":null,"source":"OpenStreetMap","is_simulated":false}},{"type":"Feature","id":"osm-way-1374168825","geometry":{"type":"LineString","coordinates":[[76.3195487,10.0520761],[76.3197086,10.0521621],[76.3198018,10.0522295],[76.3198762,10.0523247],[76.3199438,10.0524392]]},"properties":{"id":"osm-way-1374168825","kind":"route","name":"Unnamed primary road · OSM 1374168825","description":"OpenStreetMap primary road segment","class":"primary","osm_id":"1374168825","highway":"primary","bridge":null,"tunnel":null,"source":"OpenStreetMap","is_simulated":false}},{"type":"Feature","id":"osm-way-383749757","geometry":{"type":"LineString","coordinates":[[76.3588782,10.1107111],[76.358993,10.1106353],[76.3590523,10.1105572],[76.3591043,10.1104234],[76.3591202,10.1103226],[76.3591361,10.1102218],[76.3590841,10.1099827],[76.3590891,10.1097371],[76.3590895,10.1096883],[76.3590948,10.1095285],[76.3591431,10.1093595],[76.3592396,10.1091747],[76.3592767,10.1090905],[76.3593094,10.1090163],[76.3593358,10.1089715],[76.3594059,10.1088526],[76.3594864,10.1086888],[76.3595454,10.1085093],[76.3595957,10.1082628],[76.35961,10.1081958],[76.3596289,10.1077258]]},"properties":{"id":"osm-way-383749757","kind":"route","name":"Aluva Bypass Road","description":"OpenStreetMap primary road segment","class":"primary","osm_id":"383749757","highway":"primary","bridge":null,"tunnel":null,"source":"OpenStreetMap","is_simulated":false}},{"type":"Feature","id":"osm-way-860371207","geometry":{"type":"LineString","coordinates":[[76.338223,10.0364539],[76.3382381,10.0364708],[76.338269,10.0365132],[76.3382938,10.0365613],[76.3382993,10.036572],[76.3383311,10.0366444],[76.3384156,10.0368691],[76.338469,10.0370894],[76.3385222,10.0374135],[76.338557,10.0376889],[76.3386003,10.0381792],[76.3386031,10.0384482],[76.3385904,10.0386122],[76.3385706,10.038713],[76.338557,10.0387861],[76.3384308,10.039354],[76.3383642,10.0396936],[76.3383345,10.0399367],[76.3382954,10.0401568],[76.3382822,10.0404878],[76.3383042,10.0407607],[76.3383737,10.040959],[76.3384972,10.0413067],[76.3385512,10.041457],[76.3386263,10.0417485],[76.338644,10.0419047],[76.3386572,10.0420674],[76.3386514,10.0422534],[76.3386189,10.0424592],[76.3385566,10.0427219],[76.3384998,10.0428656],[76.3384205,10.0430241],[76.338312,10.0432372],[76.3381492,10.0435184],[76.3379314,10.0438904],[76.3377265,10.0442646],[76.3375855,10.0445589],[76.3375238,10.0447201],[76.3374388,10.0449244],[76.3373692,10.0451458],[76.337279,10.0455227],[76.3372103,10.0459031],[76.3371978,10.0460031],[76.3371849,10.0461064],[76.3371736,10.0462039],[76.3371413,10.0464175],[76.3370929,10.046661],[76.3370445,10.0468516],[76.3369854,10.0470263],[76.3369477,10.0471322],[76.3368725,10.0472875],[76.3368043,10.047411],[76.336738,10.0475116],[76.3366359,10.047644],[76.336505,10.0478081],[76.3363652,10.0479511],[76.336186,10.0481346],[76.336057,10.0482775],[76.3359441,10.0484205],[76.335815,10.0486023],[76.3356788,10.0488211],[76.3355856,10.0490029],[76.335496,10.0492076],[76.3354261,10.0493893],[76.3354032,10.0494612],[76.3353358,10.0497723],[76.3353066,10.049965],[76.3352795,10.0501744],[76.3352584,10.0504083],[76.3352523,10.0505903],[76.3352537,10.0507314],[76.3352597,10.0508168],[76.3352879,10.0508716],[76.3353409,10.0509461]]},"properties":{"id":"osm-way-860371207","kind":"route","name":"Seaport Airport Road","description":"OpenStreetMap primary road segment","class":"primary","osm_id":"860371207","highway":"primary","bridge":null,"tunnel":null,"source":"OpenStreetMap","is_simulated":false}},{"type":"Feature","id":"osm-way-255038892","geometry":{"type":"LineString","coordinates":[[76.3169951,10.0491447],[76.3170759,10.0493495],[76.3171598,10.049562],[76.3180858,10.0510029],[76.3183736,10.0513935],[76.3187155,10.051678],[76.3191043,10.0519038],[76.3195487,10.0520761]]},"properties":{"id":"osm-way-255038892","kind":"route","name":"HMT Ring Road","description":"OpenStreetMap primary road segment","class":"primary","osm_id":"255038892","highway":"primary","bridge":null,"tunnel":null,"source":"OpenStreetMap","is_simulated":false}},{"type":"Feature","id":"osm-way-383749756","geometry":{"type":"LineString","coordinates":[[76.3585345,10.1110667],[76.3588782,10.1107111]]},"properties":{"id":"osm-way-383749756","kind":"route","name":"Aluva Bypass Road","description":"OpenStreetMap primary road segment","class":"primary","osm_id":"383749756","highway":"primary","bridge":"yes","tunnel":null,"source":"OpenStreetMap","is_simulated":false}},{"type":"Feature","id":"osm-way-1017814916","geometry":{"type":"LineString","coordinates":[[76.3786589,10.0853353],[76.3782337,10.0852704],[76.3781037,10.0852904],[76.3778537,10.0854004],[76.3776337,10.0855004],[76.3773337,10.0856504],[76.3771637,10.0857404],[76.3769437,10.0857604],[76.3766606,10.0857231],[76.37603,10.08564],[76.3757001,10.0855885],[76.3749635,10.0854744],[76.3741,10.0853],[76.3740597,10.0852886],[76.37371,10.08519],[76.37288,10.0850787],[76.3725077,10.0850404],[76.3722496,10.0850139],[76.3719176,10.0849732],[76.3716952,10.0849698]]},"properties":{"id":"osm-way-1017814916","kind":"route","name":"Aluva - Munnar Road","description":"OpenStreetMap primary road segment","class":"primary","osm_id":"1017814916","highway":"primary","bridge":null,"tunnel":null,"source":"OpenStreetMap","is_simulated":false}},{"type":"Feature","id":"osm-way-255394019","geometry":{"type":"LineString","coordinates":[[76.3522691,10.1119255],[76.3530803,10.1124152],[76.3531894,10.1124854],[76.3534376,10.1126449],[76.3536491,10.1127793],[76.3538614,10.1128872],[76.3539978,10.1129222],[76.3543477,10.1129609],[76.3547494,10.1129516],[76.3548401,10.1129497],[76.3548698,10.1129491],[76.3550107,10.1129324],[76.3552682,10.1129112],[76.3555181,10.1128733],[76.3560889,10.1127422],[76.35624,10.1127285],[76.3563142,10.1127218],[76.3564068,10.1127134],[76.3567518,10.112673],[76.3570196,10.1126002],[76.3573689,10.1124821],[76.3575705,10.1123813],[76.3576216,10.1123482],[76.3577997,10.1122348],[76.3580624,10.1120151],[76.3582026,10.1118358],[76.3584157,10.1113284],[76.3585345,10.1110667]]},"properties":{"id":"osm-way-255394019","kind":"route","name":"Bridge Road","description":"OpenStreetMap primary road segment","class":"primary","osm_id":"255394019","highway":"primary","bridge":null,"tunnel":null,"source":"OpenStreetMap","is_simulated":false}},{"type":"Feature","id":"osm-way-759515836","geometry":{"type":"LineString","coordinates":[[76.338312,10.0432372],[76.3383682,10.0432697],[76.3383873,10.0432805]]},"properties":{"id":"osm-way-759515836","kind":"route","name":"Unnamed primary road · OSM 759515836","description":"OpenStreetMap primary link road segment","class":"primary","osm_id":"759515836","highway":"primary_link","bridge":null,"tunnel":null,"source":"OpenStreetMap","is_simulated":false}},{"type":"Feature","id":"osm-way-383051720","geometry":{"type":"LineString","coordinates":[[76.3167289,10.0480409],[76.3167464,10.0482449],[76.3168554,10.0489136],[76.3169951,10.0491447]]},"properties":{"id":"osm-way-383051720","kind":"route","name":"HMT Ring Road","description":"OpenStreetMap primary road segment","class":"primary","osm_id":"383051720","highway":"primary","bridge":null,"tunnel":null,"source":"OpenStreetMap","is_simulated":false}},{"type":"Feature","id":"osm-way-623290391","geometry":{"type":"LineString","coordinates":[[76.3786589,10.0853353],[76.3788374,10.0853768]]},"properties":{"id":"osm-way-623290391","kind":"route","name":"Aluva - Munnar Road","description":"OpenStreetMap primary road segment","class":"primary","osm_id":"623290391","highway":"primary","bridge":"yes","tunnel":null,"source":"OpenStreetMap","is_simulated":false}},{"type":"Feature","id":"osm-way-383051721","geometry":{"type":"LineString","coordinates":[[76.3169951,10.0491447],[76.3169928,10.0489552],[76.3169789,10.0487604],[76.3169111,10.0482922],[76.3168904,10.0481319],[76.3168782,10.047998]]},"properties":{"id":"osm-way-383051721","kind":"route","name":"HMT Ring Road","description":"OpenStreetMap primary road segment","class":"primary","osm_id":"383051721","highway":"primary","bridge":null,"tunnel":null,"source":"OpenStreetMap","is_simulated":false}},{"type":"Feature","id":"osm-way-255038902","geometry":{"type":"LineString","coordinates":[[76.3169253,10.0470038],[76.3169179,10.0470268],[76.3168823,10.0471367],[76.3168288,10.0473021],[76.3167428,10.0476243],[76.316739,10.047761],[76.3167213,10.0479191],[76.3167289,10.0480409]]},"properties":{"id":"osm-way-255038902","kind":"route","name":"Old NH47","description":"OpenStreetMap primary road segment","class":"primary","osm_id":"255038902","highway":"primary","bridge":null,"tunnel":null,"source":"OpenStreetMap","is_simulated":false}},{"type":"Feature","id":"osm-way-96073593","geometry":{"type":"LineString","coordinates":[[76.3168782,10.047998],[76.31686,10.0478044],[76.316877,10.0476076],[76.3169439,10.0473518],[76.317005,10.0471753],[76.3170352,10.0470439]]},"properties":{"id":"osm-way-96073593","kind":"route","name":"Old NH47","description":"OpenStreetMap primary road segment","class":"primary","osm_id":"96073593","highway":"primary","bridge":null,"tunnel":null,"source":"OpenStreetMap","is_simulated":false}},{"type":"Feature","id":"osm-way-255359115","geometry":{"type":"LineString","coordinates":[[76.3170352,10.0470439],[76.3170163,10.0470212],[76.316993,10.0470096],[76.3169657,10.0470017],[76.3169253,10.0470038]]},"properties":{"id":"osm-way-255359115","kind":"route","name":"Unnamed primary road · OSM 255359115","description":"OpenStreetMap primary link road segment","class":"primary","osm_id":"255359115","highway":"primary_link","bridge":null,"tunnel":null,"source":"OpenStreetMap","is_simulated":false}},{"type":"Feature","id":"osm-way-383051723","geometry":{"type":"LineString","coordinates":[[76.3170848,10.0467357],[76.3169253,10.0470038]]},"properties":{"id":"osm-way-383051723","kind":"route","name":"Old NH47","description":"OpenStreetMap primary road segment","class":"primary","osm_id":"383051723","highway":"primary","bridge":null,"tunnel":null,"source":"OpenStreetMap","is_simulated":false}},{"type":"Feature","id":"osm-way-383051722","geometry":{"type":"LineString","coordinates":[[76.3170352,10.0470439],[76.3170848,10.0467357]]},"properties":{"id":"osm-way-383051722","kind":"route","name":"Old NH47","description":"OpenStreetMap primary road segment","class":"primary","osm_id":"383051722","highway":"primary","bridge":null,"tunnel":null,"source":"OpenStreetMap","is_simulated":false}},{"type":"Feature","id":"osm-way-255040658","geometry":{"type":"LineString","coordinates":[[76.3174953,10.0451978],[76.3173979,10.0456928],[76.3172909,10.046093],[76.3172441,10.0462679],[76.3171395,10.0465681],[76.3171248,10.0466104],[76.3170986,10.046686],[76.3170848,10.0467357]]},"properties":{"id":"osm-way-255040658","kind":"route","name":"Old NH47","description":"OpenStreetMap primary road segment","class":"primary","osm_id":"255040658","highway":"primary","bridge":null,"tunnel":null,"source":"OpenStreetMap","is_simulated":false}},{"type":"Feature","id":"osm-way-1484808570","geometry":{"type":"LineString","coordinates":[[76.3386199,10.0414174],[76.3385684,10.0412804],[76.3384584,10.0409833],[76.3384169,10.0408639],[76.3383792,10.0407553],[76.3383561,10.0406207],[76.3383486,10.0404854],[76.3383723,10.040152],[76.3383997,10.0399669],[76.338435,10.0396952],[76.3384974,10.039361],[76.3386303,10.0387955],[76.3386467,10.0387153],[76.3386639,10.0386371],[76.3386847,10.0383995],[76.3386761,10.0381736],[76.3386271,10.0376734],[76.3385889,10.0373762],[76.3385396,10.0370833],[76.3384928,10.0368751],[76.3383939,10.0366176],[76.3383622,10.0365592],[76.3382914,10.0364195]]},"properties":{"id":"osm-way-1484808570","kind":"route","name":"Seaport Airport Road","description":"OpenStreetMap primary road segment","class":"primary","osm_id":"1484808570","highway":"primary","bridge":null,"tunnel":null,"source":"OpenStreetMap","is_simulated":false}},{"type":"Feature","id":"osm-way-1378255369","geometry":{"type":"LineString","coordinates":[[76.3176548,10.0450768],[76.317742,10.0450427]]},"properties":{"id":"osm-way-1378255369","kind":"route","name":"Unnamed primary road · OSM 1378255369","description":"OpenStreetMap primary road segment","class":"primary","osm_id":"1378255369","highway":"primary","bridge":null,"tunnel":null,"source":"OpenStreetMap","is_simulated":false}},{"type":"Feature","id":"osm-way-255040654","geometry":{"type":"LineString","coordinates":[[76.3174953,10.0451978],[76.3175415,10.0451392],[76.317595,10.0451029],[76.3176548,10.0450768]]},"properties":{"id":"osm-way-255040654","kind":"route","name":"Unnamed primary road · OSM 255040654","description":"OpenStreetMap primary road segment","class":"primary","osm_id":"255040654","highway":"primary","bridge":null,"tunnel":null,"source":"OpenStreetMap","is_simulated":false}},{"type":"Feature","id":"osm-way-381192051","geometry":{"type":"LineString","coordinates":[[76.3175577,10.0448574],[76.3175148,10.0450322],[76.3174953,10.0451978]]},"properties":{"id":"osm-way-381192051","kind":"route","name":"Unnamed primary road · OSM 381192051","description":"OpenStreetMap primary road segment","class":"primary","osm_id":"381192051","highway":"primary","bridge":null,"tunnel":null,"source":"OpenStreetMap","is_simulated":false}},{"type":"Feature","id":"osm-way-759515840","geometry":{"type":"LineString","coordinates":[[76.3384928,10.0368751],[76.3385266,10.0367897],[76.3385541,10.0367404],[76.3385868,10.0367065],[76.3387347,10.0366054]]},"properties":{"id":"osm-way-759515840","kind":"route","name":"Unnamed primary road · OSM 759515840","description":"OpenStreetMap primary link road segment","class":"primary","osm_id":"759515840","highway":"primary_link","bridge":null,"tunnel":null,"source":"OpenStreetMap","is_simulated":false}},{"type":"Feature","id":"osm-way-1103861653","geometry":{"type":"LineString","coordinates":[[76.3382938,10.0365613],[76.3383622,10.0365592],[76.338549,10.0365342]]},"properties":{"id":"osm-way-1103861653","kind":"route","name":"Unnamed primary road · OSM 1103861653","description":"OpenStreetMap primary link road segment","class":"primary","osm_id":"1103861653","highway":"primary_link","bridge":null,"tunnel":null,"source":"OpenStreetMap","is_simulated":false}},{"type":"Feature","id":"osm-way-860384989","geometry":{"type":"LineString","coordinates":[[76.338223,10.0364539],[76.3382914,10.0364195]]},"properties":{"id":"osm-way-860384989","kind":"route","name":"Unnamed primary road · OSM 860384989","description":"OpenStreetMap primary link road segment","class":"primary","osm_id":"860384989","highway":"primary_link","bridge":null,"tunnel":null,"source":"OpenStreetMap","is_simulated":false}},{"type":"Feature","id":"osm-way-1019401072","geometry":{"type":"LineString","coordinates":[[76.3366846,10.0355692],[76.3374889,10.0359545],[76.3376628,10.0360488],[76.3378278,10.0361466],[76.3379897,10.0362549],[76.3381026,10.0363399],[76.3381965,10.036424],[76.338223,10.0364539]]},"properties":{"id":"osm-way-1019401072","kind":"route","name":"Seaport Airport Road","description":"OpenStreetMap primary road segment","class":"primary","osm_id":"1019401072","highway":"primary","bridge":null,"tunnel":null,"source":"OpenStreetMap","is_simulated":false}},{"type":"Feature","id":"osm-way-1019401073","geometry":{"type":"LineString","coordinates":[[76.3382914,10.0364195],[76.3382316,10.0363541],[76.3381553,10.0362865],[76.3380842,10.0362361],[76.3380071,10.0361827],[76.3378531,10.0360872],[76.3375722,10.0359302],[76.336863,10.035571],[76.3367296,10.0355007]]},"properties":{"id":"osm-way-1019401073","kind":"route","name":"Seaport Airport Road","description":"OpenStreetMap primary road segment","class":"primary","osm_id":"1019401073","highway":"primary","bridge":null,"tunnel":null,"source":"OpenStreetMap","is_simulated":false}},{"type":"Feature","id":"osm-way-1016265049","geometry":{"type":"LineString","coordinates":[[76.3788374,10.0853768],[76.3790452,10.0854267],[76.37925,10.0854678],[76.379998,10.0855889],[76.3806452,10.0856644],[76.3808329,10.0857344],[76.381071,10.0858727],[76.3812014,10.085977],[76.381371,10.0861127],[76.3816968,10.0863333],[76.3818737,10.0864428],[76.3820558,10.0865443],[76.3821875,10.0866059],[76.3824229,10.0867077],[76.3828387,10.0868489],[76.3832392,10.0869735],[76.3834435,10.0870211],[76.3835176,10.0870367],[76.3839476,10.0871271],[76.3844607,10.0872679],[76.3846379,10.087349],[76.3847634,10.0874256],[76.3850279,10.0876201],[76.385609,10.0880929],[76.3858421,10.0882923],[76.3863221,10.0887423],[76.3864766,10.0888235],[76.386625,10.0888987],[76.3867846,10.0889738],[76.3869359,10.0890323],[76.3869858,10.0890526],[76.3870142,10.0890641],[76.3871041,10.0890965],[76.3874146,10.0892143],[76.3875532,10.0892649],[76.3876148,10.0892814],[76.3876743,10.0892973]]},"properties":{"id":"osm-way-1016265049","kind":"route","name":"Aluva - Munnar Road","description":"OpenStreetMap primary road segment","class":"primary","osm_id":"1016265049","highway":"primary","bridge":null,"tunnel":null,"source":"OpenStreetMap","is_simulated":false}},{"type":"Feature","id":"osm-way-1273795054","geometry":{"type":"LineString","coordinates":[[76.3367296,10.0355007],[76.3366846,10.0355692]]},"properties":{"id":"osm-way-1273795054","kind":"route","name":"Unnamed primary road · OSM 1273795054","description":"OpenStreetMap primary link road segment","class":"primary","osm_id":"1273795054","highway":"primary_link","bridge":null,"tunnel":null,"source":"OpenStreetMap","is_simulated":false}},{"type":"Feature","id":"osm-way-1019401074","geometry":{"type":"LineString","coordinates":[[76.3360639,10.0315756],[76.3360488,10.0316229],[76.336029,10.0317319],[76.3360177,10.0318206],[76.3360095,10.0319288],[76.3359886,10.0321835],[76.3359408,10.0326033],[76.335903,10.0328252],[76.3357935,10.0334547],[76.3357408,10.0336968],[76.335718,10.0338026],[76.3357139,10.0338292],[76.3356893,10.0339876],[76.3356758,10.0341727],[76.3356746,10.0342917],[76.3356815,10.0343783],[76.3356877,10.0344248],[76.3357071,10.0345259],[76.3357409,10.0346412],[76.3357784,10.0347391],[76.3358237,10.034837],[76.3359444,10.0350299],[76.3360246,10.0351291],[76.3361021,10.0352117],[76.3362104,10.0352997],[76.3363224,10.0353771],[76.3365192,10.0354812],[76.3366846,10.0355692]]},"properties":{"id":"osm-way-1019401074","kind":"route","name":"Seaport Airport Road","description":"OpenStreetMap primary road segment","class":"primary","osm_id":"1019401074","highway":"primary","bridge":null,"tunnel":null,"source":"OpenStreetMap","is_simulated":false}},{"type":"Feature","id":"osm-way-1019401075","geometry":{"type":"LineString","coordinates":[[76.3367296,10.0355007],[76.3366715,10.0354724],[76.3363694,10.03532],[76.3362803,10.0352633],[76.3361977,10.0352016],[76.3360755,10.0350797],[76.3359762,10.0349503],[76.3358982,10.0348163],[76.3358493,10.0347065],[76.3358065,10.0345951],[76.3357744,10.0344763],[76.3357576,10.0343755],[76.3357476,10.0342886],[76.3357463,10.0341868],[76.3357538,10.0340982],[76.3357653,10.0340083],[76.3357753,10.0339272],[76.3357958,10.0338097],[76.335857,10.0335117],[76.3358691,10.0334645],[76.3359624,10.0329956],[76.3359909,10.0328506],[76.3359972,10.0328084],[76.3360067,10.0327428],[76.3360388,10.0324975],[76.3360582,10.0323223],[76.336074,10.03218],[76.3360984,10.0318971],[76.3361015,10.0317436],[76.3360921,10.0316676],[76.3360639,10.0315756]]},"properties":{"id":"osm-way-1019401075","kind":"route","name":"Seaport Airport Road","description":"OpenStreetMap primary road segment","class":"primary","osm_id":"1019401075","highway":"primary","bridge":null,"tunnel":null,"source":"OpenStreetMap","is_simulated":false}},{"type":"Feature","id":"osm-way-860374287","geometry":{"type":"LineString","coordinates":[[76.3357935,10.0334547],[76.3358691,10.0334645]]},"properties":{"id":"osm-way-860374287","kind":"route","name":"Unnamed primary road · OSM 860374287","description":"OpenStreetMap primary road segment","class":"primary","osm_id":"860374287","highway":"primary","bridge":null,"tunnel":null,"source":"OpenStreetMap","is_simulated":false}},{"type":"Feature","id":"osm-way-1036479385","geometry":{"type":"LineString","coordinates":[[76.3360639,10.0315756],[76.3360836,10.0313655],[76.3361041,10.0310163],[76.3361216,10.030746],[76.3361332,10.0305674]]},"properties":{"id":"osm-way-1036479385","kind":"route","name":"Seaport Airport Road","description":"OpenStreetMap primary road segment","class":"primary","osm_id":"1036479385","highway":"primary","bridge":null,"tunnel":null,"source":"OpenStreetMap","is_simulated":false}},{"type":"Feature","id":"osm-way-1039314821","geometry":{"type":"LineString","coordinates":[[76.3361332,10.0305674],[76.3361475,10.0304022],[76.3361565,10.0302795],[76.3361801,10.0298193],[76.3361991,10.0295066]]},"properties":{"id":"osm-way-1039314821","kind":"route","name":"Seaport Airport Road","description":"OpenStreetMap primary road segment","class":"primary","osm_id":"1039314821","highway":"primary","bridge":null,"tunnel":null,"source":"OpenStreetMap","is_simulated":false}},{"type":"Feature","id":"osm-way-1011679141","geometry":{"type":"LineString","coordinates":[[76.3361991,10.0295066],[76.3362239,10.0293608],[76.3362849,10.0290471],[76.3362963,10.0289999],[76.3363322,10.0288768],[76.3363758,10.0287508],[76.336424,10.028627],[76.3364752,10.0285123],[76.3365812,10.0282916],[76.3367895,10.0278483],[76.3369446,10.0275179],[76.3371037,10.0271777],[76.337336,10.0266648],[76.3375474,10.0262112],[76.3376733,10.0259378],[76.3380493,10.0251429],[76.3381464,10.0249336],[76.3382527,10.0247244],[76.3383892,10.0244722],[76.3384818,10.0243185],[76.3385721,10.0241816],[76.3386767,10.0240541],[76.3388586,10.0238798],[76.3389232,10.0238328],[76.3390927,10.0237337],[76.3392851,10.0236325],[76.3394851,10.0235509],[76.3397349,10.0234648],[76.3399847,10.0233908],[76.3404121,10.0232631]]},"properties":{"id":"osm-way-1011679141","kind":"route","name":"Seaport Airport Road","description":"OpenStreetMap primary road segment","class":"primary","osm_id":"1011679141","highway":"primary","bridge":null,"tunnel":null,"source":"OpenStreetMap","is_simulated":false}},{"type":"Feature","id":"osm-way-1094032211","geometry":{"type":"LineString","coordinates":[[76.3404121,10.0232631],[76.3405968,10.0232697],[76.3407377,10.0232653],[76.3408342,10.0232442],[76.3410751,10.0231161],[76.3411946,10.0230329]]},"properties":{"id":"osm-way-1094032211","kind":"route","name":"Palarivattom - Kakkanad Road","description":"OpenStreetMap primary road segment","class":"primary","osm_id":"1094032211","highway":"primary","bridge":null,"tunnel":null,"source":"OpenStreetMap","is_simulated":false}},{"type":"Feature","id":"osm-way-1011679136","geometry":{"type":"LineString","coordinates":[[76.3425131,10.0211693],[76.3416463,10.022377],[76.3415662,10.0224663],[76.3413442,10.0227188],[76.3411681,10.0228841],[76.3411176,10.0229315],[76.3407325,10.0231673],[76.3406011,10.0232066],[76.3404121,10.0232631]]},"properties":{"id":"osm-way-1011679136","kind":"route","name":"Seaport Airport Road","description":"OpenStreetMap primary road segment","class":"primary","osm_id":"1011679136","highway":"primary","bridge":null,"tunnel":null,"source":"OpenStreetMap","is_simulated":false}},{"type":"Feature","id":"osm-way-1011679137","geometry":{"type":"LineString","coordinates":[[76.3411946,10.0230329],[76.3415209,10.0228057],[76.3417617,10.0225931],[76.3419983,10.022288],[76.342668,10.0212725]]},"properties":{"id":"osm-way-1011679137","kind":"route","name":"Palarivattom - Kakkanad Road","description":"OpenStreetMap primary road segment","class":"primary","osm_id":"1011679137","highway":"primary","bridge":null,"tunnel":null,"source":"OpenStreetMap","is_simulated":false}},{"type":"Feature","id":"osm-way-197827530","geometry":{"type":"LineString","coordinates":[[76.3347088,10.0210082],[76.3349122,10.0209899],[76.3350447,10.0209892],[76.3353075,10.0210103],[76.3354627,10.0210302],[76.3358112,10.0210661],[76.3362302,10.0211609],[76.3367549,10.0212213],[76.3370128,10.0212591],[76.3372674,10.0213112],[76.3374157,10.0213667],[76.3375551,10.0214475],[76.3376657,10.0215259],[76.3377574,10.0216022],[76.3378179,10.0216529],[76.3379343,10.0217304],[76.338053,10.0217969],[76.3382169,10.0218878],[76.3384721,10.0220293],[76.3389408,10.0222891],[76.3393003,10.0224161],[76.3393401,10.0224302],[76.339589,10.0225333],[76.3398434,10.0226679],[76.339946,10.0227348],[76.340012,10.0227899],[76.3400454,10.0228162],[76.3402104,10.0230226],[76.3402705,10.0230942],[76.3404121,10.0232631]]},"properties":{"id":"osm-way-197827530","kind":"route","name":"Palarivattom - Kakkanad Road","description":"OpenStreetMap primary road segment","class":"primary","osm_id":"197827530","highway":"primary","bridge":null,"tunnel":null,"source":"OpenStreetMap","is_simulated":false}},{"type":"Feature","id":"osm-way-1030410863","geometry":{"type":"LineString","coordinates":[[76.3777907,10.0307226],[76.3777053,10.0307309],[76.37751,10.03075],[76.37672,10.03075],[76.3761,10.03069],[76.375902,10.0306731],[76.37528,10.03062],[76.3752148,10.0306165],[76.37453,10.03058],[76.3734348,10.030595],[76.37307,10.0306],[76.37288,10.03062],[76.3727884,10.0306432],[76.37239,10.03073],[76.37194,10.0308],[76.37174,10.03077],[76.37144,10.03073],[76.37127,10.03069],[76.3711,10.03065],[76.3709295,10.0305684],[76.3707781,10.030459],[76.370636,10.0303324],[76.3705319,10.0301797],[76.3703761,10.0299068],[76.3703286,10.0295176],[76.3703251,10.0290082],[76.3703323,10.0289172],[76.3703379,10.0288469],[76.3703705,10.0284335],[76.3704156,10.0280521],[76.3704251,10.0279719],[76.3704321,10.0276657],[76.3704161,10.0274757],[76.3702988,10.0271091],[76.3701666,10.0268976],[76.3701458,10.0268821],[76.3701293,10.02687],[76.3699877,10.0268111],[76.3696882,10.0267647],[76.3693641,10.0267343],[76.3692849,10.0267294]]},"properties":{"id":"osm-way-1030410863","kind":"route","name":"Ernakulam - Thekkady Road","description":"OpenStreetMap primary road segment","class":"primary","osm_id":"1030410863","highway":"primary","bridge":null,"tunnel":null,"source":"OpenStreetMap","is_simulated":false}},{"type":"Feature","id":"osm-way-667711311","geometry":{"type":"LineString","coordinates":[[76.342668,10.0212725],[76.3425131,10.0211693]]},"properties":{"id":"osm-way-667711311","kind":"route","name":"Unnamed primary road · OSM 667711311","description":"OpenStreetMap primary link road segment","class":"primary","osm_id":"667711311","highway":"primary_link","bridge":null,"tunnel":null,"source":"OpenStreetMap","is_simulated":false}},{"type":"Feature","id":"osm-way-1039314823","geometry":{"type":"LineString","coordinates":[[76.3343749,10.0210911],[76.3344238,10.0211333],[76.3344542,10.0211512],[76.3345258,10.0211627],[76.3345814,10.0211527],[76.3346219,10.0211313],[76.3346559,10.0211049],[76.3346968,10.0210489],[76.3347088,10.0210082],[76.3347126,10.0209701],[76.3347008,10.0209127]]},"properties":{"id":"osm-way-1039314823","kind":"route","name":"NGO Quarters","description":"OpenStreetMap primary road segment","class":"primary","osm_id":"1039314823","highway":"primary","bridge":null,"tunnel":null,"source":"OpenStreetMap","is_simulated":false}},{"type":"Feature","id":"osm-way-383247830","geometry":{"type":"LineString","coordinates":[[76.359854,10.0272457],[76.3597008,10.027216],[76.3595631,10.0271893],[76.3593297,10.027144],[76.3589086,10.0269684],[76.3584781,10.0267901],[76.3582635,10.0266977],[76.358006,10.026485],[76.3578612,10.0263556],[76.35766,10.0261522],[76.357538,10.0260624],[76.3574308,10.0259511],[76.357318,10.0257745],[76.3572939,10.0255923],[76.357078,10.0252489],[76.3569015,10.0249911],[76.3568258,10.0248805],[76.3565802,10.0246104],[76.3565084,10.0245315],[76.3564691,10.0244883],[76.3562317,10.0242231],[76.3561863,10.0241724],[76.3557503,10.0236853],[76.3552138,10.0230104],[76.3550743,10.0228507],[76.3550019,10.0227873],[76.3549215,10.0227543],[76.3548379,10.0227414],[76.3547337,10.022745],[76.3546066,10.0227647],[76.3545222,10.0227817],[76.3544685,10.0227877],[76.3543877,10.022782],[76.3543247,10.0227609],[76.354267,10.0227226],[76.3542337,10.0226715],[76.3542134,10.022609],[76.3541892,10.0225232],[76.3541087,10.0222643],[76.3540128,10.022074],[76.3539,10.0219083],[76.3538088,10.0217838],[76.3536327,10.0216234],[76.353504,10.0215534],[76.3533887,10.0215196],[76.3531865,10.0214535],[76.3530537,10.0213838],[76.3529543,10.0213059],[76.3528709,10.0212012],[76.3528468,10.0211404],[76.3528266,10.0210749],[76.3527891,10.0208934],[76.3528185,10.0207009],[76.3528893,10.0205217],[76.3530777,10.0201328],[76.353108,10.0200477],[76.3531639,10.0198818],[76.3531581,10.0197274],[76.3531432,10.0196204],[76.3531097,10.0195527],[76.3528282,10.0191416],[76.3527394,10.0190351],[76.3524699,10.0187408],[76.3523532,10.0186272],[76.3522138,10.0185163],[76.3520598,10.0184066],[76.3517883,10.0182131],[76.3517229,10.0181802],[76.3516432,10.0181465],[76.3515499,10.018128],[76.351454,10.0181128],[76.3510079,10.0180958]]},"properties":{"id":"osm-way-383247830","kind":"route","name":"Ernakulam - Thekkady Road","description":"OpenStreetMap primary road segment","class":"primary","osm_id":"383247830","highway":"primary","bridge":null,"tunnel":null,"source":"OpenStreetMap","is_simulated":false}},{"type":"Feature","id":"osm-way-1019014636","geometry":{"type":"LineString","coordinates":[[76.342668,10.0212725],[76.3429116,10.0209146],[76.3429472,10.0208811],[76.3429897,10.0208657],[76.3430336,10.020863],[76.3430983,10.020871],[76.3432668,10.0209212],[76.3433745,10.0209516],[76.343508,10.0209803]]},"properties":{"id":"osm-way-1019014636","kind":"route","name":"Palarivattom - Kakkanad Road","description":"OpenStreetMap primary road segment","class":"primary","osm_id":"1019014636","highway":"primary","bridge":null,"tunnel":null,"source":"OpenStreetMap","is_simulated":false}},{"type":"Feature","id":"osm-way-197827534","geometry":{"type":"LineString","coordinates":[[76.3343865,10.0208374],[76.3343525,10.0208709],[76.3343344,10.0209056],[76.3343281,10.0209439],[76.3343286,10.0209822],[76.3343367,10.0210193],[76.3343539,10.0210571],[76.3343749,10.0210911]]},"properties":{"id":"osm-way-197827534","kind":"route","name":"NGO Quarters","description":"OpenStreetMap primary road segment","class":"primary","osm_id":"197827534","highway":"primary","bridge":null,"tunnel":null,"source":"OpenStreetMap","is_simulated":false}},{"type":"Feature","id":"osm-way-1011679142","geometry":{"type":"LineString","coordinates":[[76.3347008,10.0209127],[76.3346797,10.0208736],[76.3346583,10.0208443],[76.334623,10.0208152],[76.334566,10.0207919],[76.3345141,10.0207891],[76.3344424,10.0207986],[76.3343865,10.0208374]]},"properties":{"id":"osm-way-1011679142","kind":"route","name":"NGO Quarters","description":"OpenStreetMap primary road segment","class":"primary","osm_id":"1011679142","highway":"primary","bridge":null,"tunnel":null,"source":"OpenStreetMap","is_simulated":false}},{"type":"Feature","id":"osm-way-140144915","geometry":{"type":"LineString","coordinates":[[76.343508,10.0209803],[76.3437297,10.0210078],[76.3439719,10.0210032],[76.344079,10.0209574],[76.3441369,10.0208251],[76.3441567,10.0206631],[76.3441647,10.0205051],[76.3442311,10.0193963],[76.3442263,10.0191549],[76.3442234,10.0190064],[76.3443219,10.0186108]]},"properties":{"id":"osm-way-140144915","kind":"route","name":"Palarivattom - Kakkanad Road","description":"OpenStreetMap primary road segment","class":"primary","osm_id":"140144915","highway":"primary","bridge":null,"tunnel":null,"source":"OpenStreetMap","is_simulated":false}},{"type":"Feature","id":"osm-way-1036541907","geometry":{"type":"LineString","coordinates":[[76.3692849,10.0267294],[76.36885,10.0267],[76.36863,10.02668],[76.3684032,10.0266562],[76.3681649,10.0267121],[76.3680022,10.0267521],[76.36788,10.02674],[76.3677622,10.026724],[76.3676284,10.0266569],[76.3673776,10.0264482],[76.3671471,10.0261543],[76.3669503,10.0259245],[76.3667564,10.0257609],[76.3665951,10.0255951],[76.3663872,10.0254212],[76.3663124,10.0253969],[76.3661473,10.0253077],[76.36586,10.02524],[76.36554,10.02524],[76.3654038,10.025238],[76.36423,10.0253],[76.3640302,10.0253018],[76.3638452,10.0253462],[76.363703,10.0253916],[76.3635805,10.0254528],[76.3633354,10.0255787],[76.3631084,10.0257381],[76.3629574,10.0258696],[76.362892,10.0259585],[76.3628045,10.0260334],[76.36249,10.0262222],[76.3620146,10.0265075],[76.3613984,10.0268059],[76.3613601,10.0268244],[76.3608773,10.027012],[76.360487,10.0271189],[76.3602751,10.0271691],[76.3600916,10.0272092],[76.3599697,10.0272401],[76.359854,10.0272457]]},"properties":{"id":"osm-way-1036541907","kind":"route","name":"Ernakulam - Thekkady Road","description":"OpenStreetMap primary road segment","class":"primary","osm_id":"1036541907","highway":"primary","bridge":null,"tunnel":null,"source":"OpenStreetMap","is_simulated":false}},{"type":"Feature","id":"osm-way-1011679140","geometry":{"type":"LineString","coordinates":[[76.3425131,10.0211693],[76.342885,10.0206561],[76.3429933,10.0204468],[76.3430172,10.0203985],[76.3430382,10.0203211],[76.3431299,10.0200375],[76.3432071,10.0196468],[76.3432007,10.0192319],[76.3431527,10.0188874],[76.3430241,10.018356]]},"properties":{"id":"osm-way-1011679140","kind":"route","name":"Seaport Airport Road","description":"OpenStreetMap primary road segment","class":"primary","osm_id":"1011679140","highway":"primary","bridge":null,"tunnel":null,"source":"OpenStreetMap","is_simulated":false}},{"type":"Feature","id":"osm-way-383253303","geometry":{"type":"LineString","coordinates":[[76.3360689,10.0157387],[76.3361693,10.0160019],[76.336155,10.016612],[76.3361547,10.0169526],[76.3361137,10.0174482],[76.3360072,10.0176594],[76.335498,10.0186807],[76.3352883,10.0190339],[76.3351579,10.0192556],[76.3350609,10.0194168],[76.334903,10.0196827],[76.3347472,10.0200076],[76.334696,10.0201534],[76.3346493,10.0202966],[76.3346182,10.0204269],[76.3345724,10.020676],[76.3345141,10.0207891]]},"properties":{"id":"osm-way-383253303","kind":"route","name":"Palarivattom - Kakkanad Road","description":"OpenStreetMap primary road segment","class":"primary","osm_id":"383253303","highway":"primary","bridge":null,"tunnel":null,"source":"OpenStreetMap","is_simulated":false}},{"type":"Feature","id":"osm-way-1019021466","geometry":{"type":"LineString","coordinates":[[76.3443219,10.0186108],[76.3444484,10.0185465],[76.3444913,10.0185193],[76.3445579,10.0184796],[76.3447677,10.0183088],[76.3449304,10.0180837],[76.3449368,10.0180622],[76.3449438,10.0180159]]},"properties":{"id":"osm-way-1019021466","kind":"route","name":"Palarivattom - Kakkanad Road","description":"OpenStreetMap primary road segment","class":"primary","osm_id":"1019021466","highway":"primary","bridge":null,"tunnel":null,"source":"OpenStreetMap","is_simulated":false}},{"type":"Feature","id":"osm-way-1192804910","geometry":{"type":"LineString","coordinates":[[76.3427194,10.017764],[76.3428396,10.0180067],[76.3429221,10.0181622],[76.3430241,10.018356]]},"properties":{"id":"osm-way-1192804910","kind":"route","name":"Seaport Airport Road","description":"OpenStreetMap primary road segment","class":"primary","osm_id":"1192804910","highway":"primary","bridge":null,"tunnel":null,"source":"OpenStreetMap","is_simulated":false}},{"type":"Feature","id":"osm-way-383055616","geometry":{"type":"LineString","coordinates":[[76.3054088,10.0285141],[76.3055185,10.0285121]]},"properties":{"id":"osm-way-383055616","kind":"route","name":"Old National Highway 17","description":"OpenStreetMap primary road segment","class":"primary","osm_id":"383055616","highway":"primary","bridge":null,"tunnel":null,"source":"OpenStreetMap","is_simulated":false}},{"type":"Feature","id":"osm-way-1011679138","geometry":{"type":"LineString","coordinates":[[76.3449438,10.0180159],[76.3451797,10.017992],[76.345642,10.0181067],[76.3460434,10.0180736],[76.3465629,10.0180042],[76.3471666,10.0178987],[76.3476853,10.0178818],[76.3483994,10.0178607],[76.3488684,10.017892],[76.349331,10.0179685],[76.3496124,10.0180331],[76.3497723,10.0180682]]},"properties":{"id":"osm-way-1011679138","kind":"route","name":"Palarivattom - Kakkanad Road","description":"OpenStreetMap primary road segment","class":"primary","osm_id":"1011679138","highway":"primary","bridge":null,"tunnel":null,"source":"OpenStreetMap","is_simulated":false}},{"type":"Feature","id":"osm-way-1019043605","geometry":{"type":"LineString","coordinates":[[76.3510079,10.0180958],[76.3507872,10.0180917],[76.3504752,10.0180992],[76.3501946,10.0181034],[76.3499129,10.0180823],[76.3497723,10.0180682]]},"properties":{"id":"osm-way-1019043605","kind":"route","name":"Palarivattom - Kakkanad Road","description":"OpenStreetMap primary road segment","class":"primary","osm_id":"1019043605","highway":"primary","bridge":null,"tunnel":null,"source":"OpenStreetMap","is_simulated":false}},{"type":"Feature","id":"osm-way-1436346382","geometry":{"type":"LineString","coordinates":[[76.3418638,10.0159364],[76.3419428,10.0163238],[76.3420367,10.0166086],[76.3421225,10.0168091],[76.3423012,10.0171958],[76.3423428,10.0172604],[76.342538,10.0175737],[76.3426305,10.0177102],[76.3427194,10.017764]]},"properties":{"id":"osm-way-1436346382","kind":"route","name":"Seaport Airport Road","description":"OpenStreetMap primary road segment","class":"primary","osm_id":"1436346382","highway":"primary","bridge":null,"tunnel":null,"source":"OpenStreetMap","is_simulated":false}},{"type":"Feature","id":"osm-way-1192804909","geometry":{"type":"LineString","coordinates":[[76.3427194,10.017764],[76.3427113,10.0176531],[76.3424267,10.0172387],[76.3423827,10.0171747],[76.3421205,10.0166156],[76.3419979,10.0162276],[76.3419488,10.0159428]]},"properties":{"id":"osm-way-1192804909","kind":"route","name":"Seaport Airport Road","description":"OpenStreetMap primary road segment","class":"primary","osm_id":"1192804909","highway":"primary","bridge":null,"tunnel":null,"source":"OpenStreetMap","is_simulated":false}},{"type":"Feature","id":"osm-way-363220211","geometry":{"type":"LineString","coordinates":[[76.307627,10.0241154],[76.3075092,10.0241604],[76.3073425,10.0242077],[76.3072312,10.0242632],[76.3071594,10.0243416],[76.3071192,10.0244092],[76.3071015,10.0244776],[76.3070832,10.0246285],[76.3070751,10.0246768],[76.3070663,10.0247398],[76.3070474,10.0248239],[76.3070206,10.0249973],[76.3069831,10.025154],[76.306949,10.0252687],[76.3068787,10.0254404],[76.3068074,10.0255435],[76.3067307,10.0256414],[76.3064645,10.0259273],[76.3062847,10.0262212],[76.3062516,10.026258],[76.3062268,10.0262857],[76.306121,10.0264934],[76.3060197,10.0268169],[76.3058405,10.0270885],[76.3057264,10.0273575],[76.3056695,10.0275464],[76.3055622,10.0279031],[76.3054993,10.0281579],[76.3054689,10.0282758],[76.30544,10.0283938],[76.3054088,10.0285141]]},"properties":{"id":"osm-way-363220211","kind":"route","name":"Old National Highway 17","description":"OpenStreetMap primary road segment","class":"primary","osm_id":"363220211","highway":"primary","bridge":null,"tunnel":null,"source":"OpenStreetMap","is_simulated":false}},{"type":"Feature","id":"osm-way-1030410862","geometry":{"type":"LineString","coordinates":[[76.3839037,10.0297522],[76.3833,10.02987],[76.3831385,10.0299012],[76.38237,10.03005],[76.3823143,10.0300598],[76.38067,10.03035],[76.3801496,10.0304212],[76.3796749,10.0304851],[76.3796073,10.0304942],[76.37899,10.03058],[76.37812,10.03069],[76.37792,10.03071],[76.3777907,10.0307226]]},"properties":{"id":"osm-way-1030410862","kind":"route","name":"Ernakulam - Thekkady Road","description":"OpenStreetMap primary road segment","class":"primary","osm_id":"1030410862","highway":"primary","bridge":null,"tunnel":null,"source":"OpenStreetMap","is_simulated":false}},{"type":"Feature","id":"osm-way-566607807","geometry":{"type":"LineString","coordinates":[[76.306746,10.0224689],[76.3068437,10.0226256],[76.3072015,10.0231903],[76.3074278,10.0235875],[76.3078542,10.0243833],[76.3079665,10.0245533],[76.3080471,10.0246903],[76.3081843,10.024906],[76.3086359,10.0257085],[76.309289,10.0268548],[76.3096689,10.0275025],[76.3098017,10.0277438],[76.3099032,10.0279292]]},"properties":{"id":"osm-way-566607807","kind":"route","name":"Edapally Overbridge","description":"OpenStreetMap primary road segment","class":"primary","osm_id":"566607807","highway":"primary","bridge":"yes","tunnel":null,"source":"OpenStreetMap","is_simulated":false}},{"type":"Feature","id":"osm-way-46513476","geometry":{"type":"LineString","coordinates":[[76.3419979,10.0162276],[76.3420121,10.0160407],[76.3420248,10.0160123],[76.3420474,10.0159881],[76.3420611,10.015973],[76.3420813,10.0159535]]},"properties":{"id":"osm-way-46513476","kind":"route","name":"Unnamed primary road · OSM 46513476","description":"OpenStreetMap primary link road segment","class":"primary","osm_id":"46513476","highway":"primary_link","bridge":null,"tunnel":null,"source":"OpenStreetMap","is_simulated":false}},{"type":"Feature","id":"osm-way-566607806","geometry":{"type":"LineString","coordinates":[[76.3099851,10.0279005],[76.3098791,10.027704],[76.3092828,10.0266731],[76.3091411,10.0264136],[76.3083391,10.0249768],[76.3081208,10.0246301],[76.3080305,10.0244822],[76.3077845,10.0240635],[76.3076766,10.0238809],[76.3071027,10.022931],[76.3069018,10.0225898],[76.3068209,10.0224025]]},"properties":{"id":"osm-way-566607806","kind":"route","name":"Edapally Overbridge","description":"OpenStreetMap primary road segment","class":"primary","osm_id":"566607806","highway":"primary","bridge":"yes","tunnel":null,"source":"OpenStreetMap","is_simulated":false}},{"type":"Feature","id":"osm-way-1436346383","geometry":{"type":"LineString","coordinates":[[76.3418531,10.0158772],[76.3418585,10.0159146],[76.3418638,10.0159364]]},"properties":{"id":"osm-way-1436346383","kind":"route","name":"Seaport Airport Road","description":"OpenStreetMap primary road segment","class":"primary","osm_id":"1436346383","highway":"primary","bridge":null,"tunnel":null,"source":"OpenStreetMap","is_simulated":false}},{"type":"Feature","id":"osm-way-1435259978","geometry":{"type":"LineString","coordinates":[[76.3419488,10.0159428],[76.3419438,10.0158865]]},"properties":{"id":"osm-way-1435259978","kind":"route","name":"Seaport Airport Road","description":"OpenStreetMap primary road segment","class":"primary","osm_id":"1435259978","highway":"primary","bridge":null,"tunnel":null,"source":"OpenStreetMap","is_simulated":false}},{"type":"Feature","id":"osm-way-1116748737","geometry":{"type":"LineString","coordinates":[[76.3080463,10.0244176],[76.3079996,10.0243399],[76.3079597,10.0242757]]},"properties":{"id":"osm-way-1116748737","kind":"route","name":"NH-544","description":"OpenStreetMap primary link road segment","class":"primary","osm_id":"1116748737","highway":"primary_link","bridge":null,"tunnel":null,"source":"OpenStreetMap","is_simulated":false}},{"type":"Feature","id":"osm-way-140144897","geometry":{"type":"LineString","coordinates":[[76.341809,10.0155349],[76.3417156,10.0157242],[76.3416465,10.015792],[76.341473,10.0158281]]},"properties":{"id":"osm-way-140144897","kind":"route","name":"Unnamed primary road · OSM 140144897","description":"OpenStreetMap primary link road segment","class":"primary","osm_id":"140144897","highway":"primary_link","bridge":null,"tunnel":null,"source":"OpenStreetMap","is_simulated":false}},{"type":"Feature","id":"osm-way-46513529","geometry":{"type":"LineString","coordinates":[[76.3421634,10.0159244],[76.3420402,10.0158329],[76.3419905,10.0157635],[76.3419566,10.0157186],[76.3418894,10.0155917]]},"properties":{"id":"osm-way-46513529","kind":"route","name":"Unnamed primary road · OSM 46513529","description":"OpenStreetMap primary link road segment","class":"primary","osm_id":"46513529","highway":"primary_link","bridge":null,"tunnel":null,"source":"OpenStreetMap","is_simulated":false}},{"type":"Feature","id":"osm-way-1019021463","geometry":{"type":"LineString","coordinates":[[76.3416891,10.0145359],[76.341809,10.0155349],[76.3418531,10.0158772]]},"properties":{"id":"osm-way-1019021463","kind":"route","name":"Seaport Airport Road","description":"OpenStreetMap primary road segment","class":"primary","osm_id":"1019021463","highway":"primary","bridge":null,"tunnel":null,"source":"OpenStreetMap","is_simulated":false}},{"type":"Feature","id":"osm-way-1102868553","geometry":{"type":"LineString","coordinates":[[76.3360689,10.0157387],[76.3359822,10.0155546],[76.335879,10.0153907],[76.3357736,10.0153129],[76.3357045,10.0152708],[76.3356156,10.015218],[76.3353301,10.0150826]]},"properties":{"id":"osm-way-1102868553","kind":"route","name":"Unnamed primary road · OSM 1102868553","description":"OpenStreetMap primary road segment","class":"primary","osm_id":"1102868553","highway":"primary","bridge":null,"tunnel":null,"source":"OpenStreetMap","is_simulated":false}},{"type":"Feature","id":"osm-way-1435259976","geometry":{"type":"LineString","coordinates":[[76.3419438,10.0158865],[76.3418894,10.0155917],[76.3417627,10.0146274],[76.3417574,10.0144847]]},"properties":{"id":"osm-way-1435259976","kind":"route","name":"Seaport Airport Road","description":"OpenStreetMap primary road segment","class":"primary","osm_id":"1435259976","highway":"primary","bridge":null,"tunnel":null,"source":"OpenStreetMap","is_simulated":false}},{"type":"Feature","id":"osm-way-901993987","geometry":{"type":"LineString","coordinates":[[76.306746,10.0224689],[76.3067598,10.0225201],[76.3067897,10.0225695],[76.3068056,10.0225999],[76.3068259,10.0226354],[76.3071451,10.0231618],[76.3073081,10.0234167],[76.307428,10.0236942],[76.3075162,10.0239105],[76.307627,10.0241154],[76.3077137,10.0242823]]},"properties":{"id":"osm-way-901993987","kind":"route","name":"NH-544","description":"OpenStreetMap primary link road segment","class":"primary","osm_id":"901993987","highway":"primary_link","bridge":null,"tunnel":null,"source":"OpenStreetMap","is_simulated":false}},{"type":"Feature","id":"osm-way-901667092","geometry":{"type":"LineString","coordinates":[[76.3079597,10.0242757],[76.3078638,10.0241153],[76.3078108,10.0240377],[76.3073218,10.0232325],[76.3070857,10.0228338],[76.3069539,10.0226142],[76.3068877,10.0225016],[76.3068209,10.0224025]]},"properties":{"id":"osm-way-901667092","kind":"route","name":"NH-544","description":"OpenStreetMap primary link road segment","class":"primary","osm_id":"901667092","highway":"primary_link","bridge":null,"tunnel":null,"source":"OpenStreetMap","is_simulated":false}},{"type":"Feature","id":"osm-way-1086864394","geometry":{"type":"LineString","coordinates":[[76.3353301,10.0150826],[76.3348409,10.0148374],[76.3342748,10.0145695],[76.3342072,10.0145438],[76.3340477,10.0144831],[76.3338041,10.0144013],[76.3335499,10.0143186],[76.3332172,10.0142035],[76.3326399,10.0139905],[76.3324839,10.0139241],[76.3324664,10.0139227],[76.3319509,10.0137114]]},"properties":{"id":"osm-way-1086864394","kind":"route","name":"Palarivattom-Kakkanad Road","description":"OpenStreetMap primary road segment","class":"primary","osm_id":"1086864394","highway":"primary","bridge":null,"tunnel":null,"source":"OpenStreetMap","is_simulated":false}},{"type":"Feature","id":"osm-way-1089037745","geometry":{"type":"LineString","coordinates":[[76.3424602,10.0103258],[76.3423695,10.0105375],[76.3420344,10.011572],[76.3418434,10.012197],[76.3417498,10.0125501],[76.3416699,10.0130831],[76.3416366,10.013451],[76.3416431,10.0137039],[76.3416588,10.0138787],[76.3416698,10.0142338],[76.3416795,10.0143922],[76.3416891,10.0145359]]},"properties":{"id":"osm-way-1089037745","kind":"route","name":"Seaport Airport Road","description":"OpenStreetMap primary road segment","class":"primary","osm_id":"1089037745","highway":"primary","bridge":null,"tunnel":null,"source":"OpenStreetMap","is_simulated":false}},{"type":"Feature","id":"osm-way-383247825","geometry":{"type":"LineString","coordinates":[[76.3845805,10.0296192],[76.3839037,10.0297522]]},"properties":{"id":"osm-way-383247825","kind":"route","name":"Ernakulam - Thekkady Road","description":"OpenStreetMap primary road segment","class":"primary","osm_id":"383247825","highway":"primary","bridge":"yes","tunnel":null,"source":"OpenStreetMap","is_simulated":false}},{"type":"Feature","id":"osm-way-235958905","geometry":{"type":"LineString","coordinates":[[76.4261823,10.0882511],[76.4257484,10.0883896],[76.42554,10.08845],[76.42489,10.08871],[76.4247018,10.0887403],[76.4242877,10.0887139],[76.4235692,10.0887493],[76.423101,10.0888114],[76.4227059,10.0889487],[76.4226447,10.0889699],[76.42199,10.08925],[76.42137,10.08948],[76.42105,10.08955],[76.4207488,10.0895342],[76.4207036,10.0895151],[76.4203079,10.0893966],[76.4202279,10.0893714],[76.4191949,10.0890454],[76.4190623,10.0890032],[76.4186811,10.0888577],[76.4182761,10.0887317],[76.4181036,10.088697],[76.41787,10.08865],[76.4177512,10.0886025],[76.4174125,10.0885672],[76.41695,10.0885336],[76.41659,10.0885704],[76.4162256,10.0887448],[76.4161607,10.0887782],[76.4159982,10.0888253],[76.4157446,10.0888788],[76.4153604,10.0889453],[76.4152295,10.0889495],[76.4149176,10.0889363],[76.4148308,10.0889228],[76.4146373,10.088883],[76.4144,10.088851],[76.4139192,10.0887656],[76.41339,10.0887724],[76.4133648,10.0887727],[76.4132347,10.0887969],[76.412959,10.0888481],[76.4126598,10.0889799],[76.41172,10.08944],[76.4115996,10.0894973],[76.41107,10.08972],[76.4109311,10.0897465],[76.41086,10.08976],[76.4106879,10.0897835],[76.4105866,10.0897889],[76.4102624,10.0897704],[76.4101275,10.0897581],[76.4099556,10.089723],[76.4090484,10.0895669],[76.40895,10.08955],[76.40873,10.08946],[76.4086045,10.0893845],[76.4084745,10.0892756],[76.4080817,10.0889467],[76.4076896,10.0884823],[76.4076192,10.0884154],[76.4075166,10.0883478],[76.4069677,10.0882904],[76.40648,10.08824],[76.40629,10.08822],[76.40609,10.08828],[76.4059987,10.0883529],[76.40571,10.08858],[76.40541,10.08873],[76.4052719,10.0887884],[76.40515,10.08884],[76.405057,10.0888697],[76.4046424,10.0889847],[76.40416,10.08903],[76.403306,10.0889677],[76.40313,10.08895],[76.40232,10.08884],[76.40159,10.08873],[76.4012,10.08865],[76.40101,10.08865],[76.40069,10.08869],[76.39985,10.08878],[76.3992337,10.0889115],[76.39869,10.08903],[76.3984061,10.0890927],[76.39792,10.0892],[76.39717,10.08944],[76.3967668,10.0896366],[76.3966239,10.0897062],[76.3957941,10.0900827],[76.3954823,10.090187],[76.3951616,10.0902558],[76.3947203,10.0903187],[76.394595,10.0903365],[76.39455,10.09034],[76.39412,10.09034],[76.39356,10.0903],[76.39322,10.0903],[76.3931274,10.0902872],[76.39296,10.09026],[76.39266,10.09017],[76.3925485,10.0901166],[76.39245,10.09006],[76.3921278,10.0896439],[76.3920593,10.0895601],[76.3918573,10.089284],[76.391711,10.089088],[76.3914717,10.0889089],[76.3908801,10.0886601],[76.3905459,10.0885305],[76.3903119,10.0884489],[76.3900832,10.0883923],[76.3899308,10.0883608],[76.3898099,10.0883572],[76.3895709,10.0884358],[76.389335,10.0885364],[76.3891439,10.0886186],[76.3889745,10.0886849],[76.3887227,10.0888187],[76.3885791,10.088896],[76.3885389,10.0889147],[76.3883525,10.0890015],[76.3882635,10.0890603],[76.3881667,10.0891116],[76.3880484,10.0891692],[76.3879377,10.089223],[76.38782,10.0892651],[76.3877468,10.0892841],[76.3876743,10.0892973]]},"properties":{"id":"osm-way-235958905","kind":"route","name":"Aluva - Munnar Road","description":"OpenStreetMap primary road segment","class":"primary","osm_id":"235958905","highway":"primary","bridge":null,"tunnel":null,"source":"OpenStreetMap","is_simulated":false}},{"type":"Feature","id":"osm-way-1021088242","geometry":{"type":"LineString","coordinates":[[76.3417574,10.0144847],[76.3417471,10.0141942],[76.3417447,10.0139682],[76.3417431,10.0138096],[76.3417292,10.0136875],[76.3417278,10.0134553],[76.3417352,10.0133382],[76.3417631,10.0131501],[76.3417744,10.0130878],[76.3417877,10.0129774],[76.3418256,10.0127496],[76.3418541,10.0126541],[76.3420961,10.0118163],[76.3421601,10.0115947],[76.3424068,10.0108382],[76.3425093,10.0105197]]},"properties":{"id":"osm-way-1021088242","kind":"route","name":"Seaport Airport Road","description":"OpenStreetMap primary road segment","class":"primary","osm_id":"1021088242","highway":"primary","bridge":null,"tunnel":null,"source":"OpenStreetMap","is_simulated":false}},{"type":"Feature","id":"osm-way-911460315","geometry":{"type":"LineString","coordinates":[[76.3064935,10.0218353],[76.306392,10.0218873]]},"properties":{"id":"osm-way-911460315","kind":"route","name":"Unnamed primary road · OSM 911460315","description":"OpenStreetMap primary link road segment","class":"primary","osm_id":"911460315","highway":"primary_link","bridge":null,"tunnel":null,"source":"OpenStreetMap","is_simulated":false}},{"type":"Feature","id":"osm-way-1201447522","geometry":{"type":"LineString","coordinates":[[76.3319509,10.0137114],[76.3313572,10.0134976],[76.3310974,10.0134109],[76.3308175,10.0133977]]},"properties":{"id":"osm-way-1201447522","kind":"route","name":"Unnamed primary road · OSM 1201447522","description":"OpenStreetMap primary road segment","class":"primary","osm_id":"1201447522","highway":"primary","bridge":null,"tunnel":null,"source":"OpenStreetMap","is_simulated":false}},{"type":"Feature","id":"osm-way-1363267149","geometry":{"type":"LineString","coordinates":[[76.3308175,10.0133977],[76.3305375,10.0133725],[76.330528,10.0133718],[76.3304769,10.0133679],[76.3302454,10.0133501],[76.330054,10.0133019],[76.3300306,10.0132964],[76.3297708,10.0132358],[76.3295495,10.0131828]]},"properties":{"id":"osm-way-1363267149","kind":"route","name":"Unnamed primary road · OSM 1363267149","description":"OpenStreetMap primary road segment","class":"primary","osm_id":"1363267149","highway":"primary","bridge":null,"tunnel":null,"source":"OpenStreetMap","is_simulated":false}},{"type":"Feature","id":"osm-way-1103063609","geometry":{"type":"LineString","coordinates":[[76.3277375,10.0127158],[76.3281521,10.012768],[76.3285114,10.0128562],[76.3290417,10.0130488],[76.3294027,10.0131799],[76.3295495,10.0131828]]},"properties":{"id":"osm-way-1103063609","kind":"route","name":"Unnamed primary road · OSM 1103063609","description":"OpenStreetMap primary road segment","class":"primary","osm_id":"1103063609","highway":"primary","bridge":null,"tunnel":null,"source":"OpenStreetMap","is_simulated":false}},{"type":"Feature","id":"osm-way-1501393364","geometry":{"type":"LineString","coordinates":[[76.3290417,10.0130488],[76.3290706,10.0129674]]},"properties":{"id":"osm-way-1501393364","kind":"route","name":"Unnamed primary road · OSM 1501393364","description":"OpenStreetMap primary road segment","class":"primary","osm_id":"1501393364","highway":"primary","bridge":null,"tunnel":null,"source":"OpenStreetMap","is_simulated":false}},{"type":"Feature","id":"osm-way-1154262677","geometry":{"type":"LineString","coordinates":[[76.3295495,10.0131828],[76.3294081,10.0130895],[76.3290706,10.0129674],[76.3290419,10.012957],[76.3285454,10.0128075],[76.3281543,10.0127076]]},"properties":{"id":"osm-way-1154262677","kind":"route","name":"Unnamed primary road · OSM 1154262677","description":"OpenStreetMap primary road segment","class":"primary","osm_id":"1154262677","highway":"primary","bridge":null,"tunnel":null,"source":"OpenStreetMap","is_simulated":false}},{"type":"Feature","id":"osm-way-911460316","geometry":{"type":"LineString","coordinates":[[76.3060037,10.0209815],[76.3059097,10.0210148]]},"properties":{"id":"osm-way-911460316","kind":"route","name":"Unnamed primary road · OSM 911460316","description":"OpenStreetMap primary link road segment","class":"primary","osm_id":"911460316","highway":"primary_link","bridge":null,"tunnel":null,"source":"OpenStreetMap","is_simulated":false}},{"type":"Feature","id":"osm-way-236000459","geometry":{"type":"LineString","coordinates":[[76.3038314,10.0182593],[76.3042021,10.0186137],[76.3043012,10.0187099],[76.3045287,10.0189083],[76.3048037,10.0192415],[76.3049032,10.0194015],[76.3051974,10.019828],[76.3054953,10.0202983],[76.3058423,10.0208902],[76.3058733,10.0209474],[76.3059097,10.0210148],[76.3061613,10.021488],[76.3063454,10.021805],[76.306392,10.0218873],[76.306492,10.0220639],[76.3065603,10.022171],[76.3065948,10.0222312],[76.3066381,10.022305],[76.306746,10.0224689]]},"properties":{"id":"osm-way-236000459","kind":"route","name":"NH-544","description":"OpenStreetMap primary road segment","class":"primary","osm_id":"236000459","highway":"primary","bridge":null,"tunnel":null,"source":"OpenStreetMap","is_simulated":false}},{"type":"Feature","id":"osm-way-46513036","geometry":{"type":"LineString","coordinates":[[76.3068209,10.0224025],[76.3067156,10.0222231],[76.3065876,10.0219921],[76.3064935,10.0218353],[76.3062702,10.0214617],[76.3060037,10.0209815],[76.3059723,10.0209277],[76.3058975,10.0208083],[76.3055949,10.0202828],[76.3051891,10.0196459],[76.305055,10.0194521],[76.3049398,10.0192856],[76.3049362,10.0192798],[76.3047128,10.0189941],[76.3044456,10.0187055]]},"properties":{"id":"osm-way-46513036","kind":"route","name":"NH-544","description":"OpenStreetMap primary road segment","class":"primary","osm_id":"46513036","highway":"primary","bridge":null,"tunnel":null,"source":"OpenStreetMap","is_simulated":false}},{"type":"Feature","id":"osm-way-1156198832","geometry":{"type":"LineString","coordinates":[[76.3281543,10.0127076],[76.3279947,10.0126792],[76.3271543,10.0125492],[76.3270628,10.0125358],[76.3262971,10.0124394],[76.3259749,10.0123434],[76.3254172,10.0122049],[76.3248675,10.0120756],[76.324455,10.0120011]]},"properties":{"id":"osm-way-1156198832","kind":"route","name":"Unnamed primary road · OSM 1156198832","description":"OpenStreetMap primary road segment","class":"primary","osm_id":"1156198832","highway":"primary","bridge":null,"tunnel":null,"source":"OpenStreetMap","is_simulated":false}},{"type":"Feature","id":"osm-way-1104874554","geometry":{"type":"LineString","coordinates":[[76.3244141,10.0120779],[76.3247982,10.0121386],[76.3251531,10.0122056],[76.3254851,10.0122885],[76.3259935,10.012432],[76.3262786,10.0125103],[76.3266355,10.0125478],[76.3271711,10.0126243],[76.3277375,10.0127158]]},"properties":{"id":"osm-way-1104874554","kind":"route","name":"Palarivattom-Kakkanad Road","description":"OpenStreetMap primary road segment","class":"primary","osm_id":"1104874554","highway":"primary","bridge":null,"tunnel":null,"source":"OpenStreetMap","is_simulated":false}},{"type":"Feature","id":"osm-way-1533572577","geometry":{"type":"LineString","coordinates":[[76.324455,10.0120011],[76.3243666,10.0119931],[76.3239475,10.0119573],[76.323603,10.0119136],[76.3231887,10.0118172],[76.3228022,10.0116931],[76.3227357,10.0116718],[76.3223346,10.0115171],[76.3221102,10.0114255]]},"properties":{"id":"osm-way-1533572577","kind":"route","name":"Unnamed primary road · OSM 1533572577","description":"OpenStreetMap primary road segment","class":"primary","osm_id":"1533572577","highway":"primary","bridge":null,"tunnel":null,"source":"OpenStreetMap","is_simulated":false}},{"type":"Feature","id":"osm-way-1368697995","geometry":{"type":"LineString","coordinates":[[76.3228022,10.0116931],[76.3227705,10.0117715]]},"properties":{"id":"osm-way-1368697995","kind":"route","name":"Unnamed primary road · OSM 1368697995","description":"OpenStreetMap primary link road segment","class":"primary","osm_id":"1368697995","highway":"primary_link","bridge":null,"tunnel":null,"source":"OpenStreetMap","is_simulated":false}},{"type":"Feature","id":"osm-way-140163064","geometry":{"type":"LineString","coordinates":[[76.3199338,10.0106497],[76.3200966,10.010692],[76.3205966,10.0108431],[76.3209674,10.0109638],[76.3212712,10.0110985],[76.3220779,10.011512],[76.3222805,10.0115906],[76.3224458,10.0116555],[76.3226478,10.0117329],[76.3227705,10.0117715],[76.3232661,10.0119275],[76.3235479,10.0119856],[76.3239943,10.0120574],[76.3244141,10.0120779]]},"properties":{"id":"osm-way-140163064","kind":"route","name":"Palarivattom-Kakkanad Road","description":"OpenStreetMap primary road segment","class":"primary","osm_id":"140163064","highway":"primary","bridge":null,"tunnel":null,"source":"OpenStreetMap","is_simulated":false}},{"type":"Feature","id":"osm-way-1027367167","geometry":{"type":"LineString","coordinates":[[76.3425093,10.0105197],[76.3425586,10.0103866],[76.3428709,10.0096965],[76.343074,10.0093442],[76.3434476,10.0087516],[76.3436746,10.0084027]]},"properties":{"id":"osm-way-1027367167","kind":"route","name":"Seaport Airport Road","description":"OpenStreetMap primary road segment","class":"primary","osm_id":"1027367167","highway":"primary","bridge":null,"tunnel":null,"source":"OpenStreetMap","is_simulated":false}},{"type":"Feature","id":"osm-way-1137204187","geometry":{"type":"LineString","coordinates":[[76.3044456,10.0187055],[76.304358,10.0186243],[76.3040714,10.0183702]]},"properties":{"id":"osm-way-1137204187","kind":"route","name":"Unnamed primary road · OSM 1137204187","description":"OpenStreetMap primary road segment","class":"primary","osm_id":"1137204187","highway":"primary","bridge":null,"tunnel":null,"source":"OpenStreetMap","is_simulated":false}},{"type":"Feature","id":"osm-way-494646215","geometry":{"type":"LineString","coordinates":[[76.3039028,10.018207],[76.3038314,10.0182593]]},"properties":{"id":"osm-way-494646215","kind":"route","name":"Unnamed primary road · OSM 494646215","description":"OpenStreetMap primary road segment","class":"primary","osm_id":"494646215","highway":"primary","bridge":null,"tunnel":null,"source":"OpenStreetMap","is_simulated":false}},{"type":"Feature","id":"osm-way-1374322741","geometry":{"type":"LineString","coordinates":[[76.303686,10.0181161],[76.3038314,10.0182593]]},"properties":{"id":"osm-way-1374322741","kind":"route","name":"NH-544","description":"OpenStreetMap primary road segment","class":"primary","osm_id":"1374322741","highway":"primary","bridge":null,"tunnel":null,"source":"OpenStreetMap","is_simulated":false}},{"type":"Feature","id":"osm-way-1137204186","geometry":{"type":"LineString","coordinates":[[76.3040714,10.0183702],[76.3039028,10.018207]]},"properties":{"id":"osm-way-1137204186","kind":"route","name":"NH-544","description":"OpenStreetMap primary road segment","class":"primary","osm_id":"1137204186","highway":"primary","bridge":null,"tunnel":null,"source":"OpenStreetMap","is_simulated":false}},{"type":"Feature","id":"osm-way-1353587340","geometry":{"type":"LineString","coordinates":[[76.3221102,10.0114255],[76.3219254,10.0113308],[76.3213764,10.0110655],[76.3212963,10.0110296],[76.3210037,10.0108985],[76.3206188,10.0107671],[76.3202101,10.010626],[76.3199728,10.0105533]]},"properties":{"id":"osm-way-1353587340","kind":"route","name":"Unnamed primary road · OSM 1353587340","description":"OpenStreetMap primary road segment","class":"primary","osm_id":"1353587340","highway":"primary","bridge":null,"tunnel":null,"source":"OpenStreetMap","is_simulated":false}},{"type":"Feature","id":"osm-way-1476944223","geometry":{"type":"LineString","coordinates":[[76.3445598,10.0069423],[76.3441425,10.0075392],[76.3436733,10.0081914],[76.3436746,10.0084027]]},"properties":{"id":"osm-way-1476944223","kind":"route","name":"Unnamed primary road · OSM 1476944223","description":"OpenStreetMap primary road segment","class":"primary","osm_id":"1476944223","highway":"primary","bridge":null,"tunnel":null,"source":"OpenStreetMap","is_simulated":false}},{"type":"Feature","id":"osm-way-140163066","geometry":{"type":"LineString","coordinates":[[76.3195561,10.0105117],[76.3199338,10.0106497]]},"properties":{"id":"osm-way-140163066","kind":"route","name":"Palarivattom - Kakkanad Road","description":"OpenStreetMap primary road segment","class":"primary","osm_id":"140163066","highway":"primary","bridge":"yes","tunnel":null,"source":"OpenStreetMap","is_simulated":false}},{"type":"Feature","id":"osm-way-1292790693","geometry":{"type":"LineString","coordinates":[[76.3199728,10.0105533],[76.3195944,10.0104343]]},"properties":{"id":"osm-way-1292790693","kind":"route","name":"Unnamed primary road · OSM 1292790693","description":"OpenStreetMap primary road segment","class":"primary","osm_id":"1292790693","highway":"primary","bridge":"yes","tunnel":null,"source":"OpenStreetMap","is_simulated":false}},{"type":"Feature","id":"osm-way-593146809","geometry":{"type":"LineString","coordinates":[[76.3604938,10.1499037],[76.3605518,10.1498043]]},"properties":{"id":"osm-way-593146809","kind":"route","name":"Unnamed primary road · OSM 593146809","description":"OpenStreetMap primary link road segment","class":"primary","osm_id":"593146809","highway":"primary_link","bridge":null,"tunnel":null,"source":"OpenStreetMap","is_simulated":false}},{"type":"Feature","id":"osm-way-1021409573","geometry":{"type":"LineString","coordinates":[[76.3022414,10.0144545],[76.3022976,10.015234],[76.3023342,10.0156447],[76.3023503,10.0160071],[76.3023645,10.0161587],[76.3025044,10.0165581],[76.3027508,10.016951],[76.3028448,10.0170836],[76.3030018,10.0173221],[76.3031109,10.017476],[76.303455,10.0178885],[76.303686,10.0181161]]},"properties":{"id":"osm-way-1021409573","kind":"route","name":"NH-544","description":"OpenStreetMap primary road segment","class":"primary","osm_id":"1021409573","highway":"primary","bridge":null,"tunnel":null,"source":"OpenStreetMap","is_simulated":false}},{"type":"Feature","id":"osm-way-1332836269","geometry":{"type":"LineString","coordinates":[[76.345052,10.0061864],[76.3448634,10.0064842],[76.3447475,10.0066576],[76.3446363,10.0068251],[76.3445598,10.0069423]]},"properties":{"id":"osm-way-1332836269","kind":"route","name":"Seaport Airport Road","description":"OpenStreetMap primary road segment","class":"primary","osm_id":"1332836269","highway":"primary","bridge":null,"tunnel":null,"source":"OpenStreetMap","is_simulated":false}},{"type":"Feature","id":"osm-way-1021409571","geometry":{"type":"LineString","coordinates":[[76.3039028,10.018207],[76.3035658,10.0178971],[76.3033581,10.0176349],[76.3032177,10.0174791],[76.3028287,10.0168892],[76.3025921,10.0165219],[76.3024871,10.0162853],[76.3024506,10.0161095],[76.3024317,10.0159266],[76.3024116,10.0152976],[76.3023629,10.014567]]},"properties":{"id":"osm-way-1021409571","kind":"route","name":"NH-544","description":"OpenStreetMap primary road segment","class":"primary","osm_id":"1021409571","highway":"primary","bridge":null,"tunnel":null,"source":"OpenStreetMap","is_simulated":false}},{"type":"Feature","id":"osm-way-96073599","geometry":{"type":"LineString","coordinates":[[76.3155687,10.0072329],[76.3157748,10.007763],[76.3159033,10.0080936],[76.3160696,10.0084184],[76.316257,10.0086843],[76.3164448,10.0089417],[76.31661,10.0090938],[76.3167867,10.0092219],[76.317152,10.0094699],[76.3172571,10.0095533],[76.3175034,10.0097771],[76.3176682,10.0098642],[76.3178739,10.0099385],[76.3180982,10.0100267],[76.3183273,10.0101126],[76.3186672,10.0102587],[76.3188749,10.0103346],[76.3191113,10.0103869],[76.319389,10.0104649],[76.3195561,10.0105117]]},"properties":{"id":"osm-way-96073599","kind":"route","name":"Palarivattom - Kakkanad Road","description":"OpenStreetMap primary road segment","class":"primary","osm_id":"96073599","highway":"primary","bridge":null,"tunnel":null,"source":"OpenStreetMap","is_simulated":false}},{"type":"Feature","id":"osm-way-593146806","geometry":{"type":"LineString","coordinates":[[76.3553105,10.1528373],[76.3551538,10.1528285],[76.35505,10.1528252],[76.3549596,10.1528054],[76.3548809,10.1527675],[76.354834,10.1527164],[76.3547632,10.1525609],[76.3547328,10.1524942]]},"properties":{"id":"osm-way-593146806","kind":"route","name":"Unnamed primary road · OSM 593146806","description":"OpenStreetMap primary link road segment","class":"primary","osm_id":"593146806","highway":"primary_link","bridge":null,"tunnel":null,"source":"OpenStreetMap","is_simulated":false}},{"type":"Feature","id":"osm-way-593146808","geometry":{"type":"LineString","coordinates":[[76.3556507,10.152843],[76.3556543,10.152741]]},"properties":{"id":"osm-way-593146808","kind":"route","name":"Unnamed primary road · OSM 593146808","description":"OpenStreetMap primary link road segment","class":"primary","osm_id":"593146808","highway":"primary_link","bridge":null,"tunnel":null,"source":"OpenStreetMap","is_simulated":false}},{"type":"Feature","id":"osm-way-925831369","geometry":{"type":"LineString","coordinates":[[76.3548193,10.1529299],[76.3547118,10.1529522]]},"properties":{"id":"osm-way-925831369","kind":"route","name":"Airport Road","description":"OpenStreetMap primary road segment","class":"primary","osm_id":"925831369","highway":"primary","bridge":null,"tunnel":null,"source":"OpenStreetMap","is_simulated":false}},{"type":"Feature","id":"osm-way-925831366","geometry":{"type":"LineString","coordinates":[[76.3547214,10.153064],[76.3548348,10.1530462]]},"properties":{"id":"osm-way-925831366","kind":"route","name":"Airport Road","description":"OpenStreetMap primary road segment","class":"primary","osm_id":"925831366","highway":"primary","bridge":null,"tunnel":null,"source":"OpenStreetMap","is_simulated":false}},{"type":"Feature","id":"osm-way-593146807","geometry":{"type":"LineString","coordinates":[[76.3548225,10.1533415],[76.3548732,10.1532487],[76.354896,10.1532161],[76.3549194,10.1531861],[76.3549666,10.1531429],[76.3550185,10.1530984],[76.3550589,10.1530643],[76.355132,10.1529825]]},"properties":{"id":"osm-way-593146807","kind":"route","name":"Unnamed primary road · OSM 593146807","description":"OpenStreetMap primary link road segment","class":"primary","osm_id":"593146807","highway":"primary_link","bridge":null,"tunnel":null,"source":"OpenStreetMap","is_simulated":false}},{"type":"Feature","id":"osm-way-1292790692","geometry":{"type":"LineString","coordinates":[[76.3195944,10.0104343],[76.3193969,10.0103729],[76.3189784,10.0102889],[76.3188523,10.0102638],[76.3183615,10.0100696],[76.317884,10.0098781],[76.3177193,10.0098107],[76.3176361,10.009774],[76.3175515,10.0097262],[76.3175214,10.0096791],[76.3173632,10.0095668],[76.3169911,10.009288],[76.3165163,10.0089346],[76.3163155,10.0086496],[76.3161437,10.0083885],[76.3158463,10.0077266],[76.3157129,10.0074297],[76.3156272,10.0071724],[76.3156148,10.0071147],[76.3155444,10.0065417],[76.315498,10.0061171],[76.3154812,10.0060258],[76.3154657,10.0059829],[76.3154222,10.005911],[76.3153786,10.0058708],[76.3153229,10.0058245],[76.3147165,10.0055636]]},"properties":{"id":"osm-way-1292790692","kind":"route","name":"Palarivattom - Kakkanad Road","description":"OpenStreetMap primary road segment","class":"primary","osm_id":"1292790692","highway":"primary","bridge":null,"tunnel":null,"source":"OpenStreetMap","is_simulated":false}},{"type":"Feature","id":"osm-way-593146810","geometry":{"type":"LineString","coordinates":[[76.3665288,10.1506337],[76.3665691,10.1505317]]},"properties":{"id":"osm-way-593146810","kind":"route","name":"Unnamed primary road · OSM 593146810","description":"OpenStreetMap primary link road segment","class":"primary","osm_id":"593146810","highway":"primary_link","bridge":null,"tunnel":null,"source":"OpenStreetMap","is_simulated":false}},{"type":"Feature","id":"osm-way-1309309595","geometry":{"type":"LineString","coordinates":[[76.3468307,10.0039565],[76.3465871,10.0042122],[76.3464598,10.0043626],[76.3460225,10.0048623],[76.3457219,10.0052368],[76.345052,10.0061864]]},"properties":{"id":"osm-way-1309309595","kind":"route","name":"Seaport Airport Road","description":"OpenStreetMap primary road segment","class":"primary","osm_id":"1309309595","highway":"primary","bridge":null,"tunnel":null,"source":"OpenStreetMap","is_simulated":false}},{"type":"Feature","id":"osm-way-236001257","geometry":{"type":"LineString","coordinates":[[76.3023629,10.014567],[76.3023578,10.0144645],[76.3023527,10.0142562]]},"properties":{"id":"osm-way-236001257","kind":"route","name":"Old NH 47","description":"OpenStreetMap primary road segment","class":"primary","osm_id":"236001257","highway":"primary","bridge":null,"tunnel":null,"source":"OpenStreetMap","is_simulated":false}},{"type":"Feature","id":"osm-way-383254695","geometry":{"type":"LineString","coordinates":[[76.4034516,10.0245591],[76.40328,10.02466],[76.40309,10.02477],[76.40294,10.02485],[76.40281,10.02494],[76.40277,10.025],[76.40273,10.02526],[76.40268,10.02537],[76.40262,10.02545],[76.4025365,10.0255165],[76.40213,10.02584],[76.40197,10.02593],[76.40191,10.02595],[76.4018,10.02595],[76.40133,10.02597],[76.4011806,10.02597],[76.4004033,10.02597],[76.40032,10.02597],[76.39972,10.02614],[76.399518,10.0261992],[76.39914,10.02631],[76.3989855,10.0264961],[76.3989629,10.0265284],[76.39893,10.02657],[76.39888,10.02681],[76.39882,10.02696],[76.39871,10.02704],[76.39837,10.02723],[76.39807,10.02738],[76.39785,10.02743],[76.39764,10.02749],[76.39727,10.0279],[76.39708,10.02807],[76.39695,10.02814],[76.39672,10.0282],[76.3963287,10.0281652],[76.39627,10.02816],[76.39573,10.02822],[76.3955879,10.0282441],[76.3955266,10.0282545],[76.3953489,10.028246],[76.3951171,10.0281415],[76.3949571,10.0280051],[76.3948267,10.0279157],[76.39459,10.02781],[76.39442,10.02775],[76.39418,10.02775],[76.39402,10.02784],[76.39373,10.02803],[76.3936,10.02816],[76.39346,10.02824],[76.3933581,10.0282913],[76.39309,10.02839],[76.3917801,10.0287285],[76.3916566,10.0287685],[76.3914464,10.0288397],[76.391169,10.0290383],[76.3909952,10.0291642],[76.3908571,10.0292513],[76.3908081,10.0292812],[76.3907538,10.0293143],[76.3907272,10.0293305],[76.3900452,10.0295042],[76.3896505,10.0296206],[76.38916,10.0297],[76.388528,10.0297515],[76.3883246,10.0297611],[76.3881032,10.0297209],[76.3879474,10.0296613],[76.3877155,10.0295726],[76.387395,10.0293545],[76.3872675,10.0292987],[76.3870667,10.0292285],[76.38697,10.02923],[76.3868857,10.0292398],[76.3863745,10.0292993],[76.3862653,10.0293268],[76.3859463,10.0293746],[76.38591,10.02938],[76.3858371,10.0293931],[76.3858183,10.0293965],[76.3845805,10.0296192]]},"properties":{"id":"osm-way-383254695","kind":"route","name":"Ernakulam - Thekkady Road","description":"OpenStreetMap primary road segment","class":"primary","osm_id":"383254695","highway":"primary","bridge":null,"tunnel":null,"source":"OpenStreetMap","is_simulated":false}},{"type":"Feature","id":"osm-way-799578612","geometry":{"type":"LineString","coordinates":[[76.3024631,10.0133763],[76.3023221,10.013898],[76.3022977,10.0139771],[76.3022499,10.0142293],[76.3022367,10.0143723],[76.3022414,10.0144545]]},"properties":{"id":"osm-way-799578612","kind":"route","name":"Old NH 47","description":"OpenStreetMap primary road segment","class":"primary","osm_id":"799578612","highway":"primary","bridge":null,"tunnel":null,"source":"OpenStreetMap","is_simulated":false}},{"type":"Feature","id":"osm-way-735398507","geometry":{"type":"LineString","coordinates":[[76.3786691,10.1573286],[76.3783537,10.1571559],[76.3778617,10.1567838],[76.3774508,10.1563779],[76.3772194,10.1561235],[76.3762762,10.1547989],[76.3759591,10.1543987],[76.3758492,10.1542984],[76.3756786,10.1541426],[76.3753411,10.1539185],[76.3748858,10.1536744],[76.3744344,10.1535079],[76.3736641,10.1533586],[76.3718396,10.1531004],[76.3714775,10.1530165],[76.3711942,10.1529011],[76.3708946,10.1527408],[76.3706243,10.1525709],[76.3703279,10.1523273],[76.3700413,10.1520452],[76.369745,10.1516541],[76.3695463,10.1514273],[76.3693766,10.1512582],[76.3693476,10.1512293],[76.3690415,10.1509873],[76.3687256,10.1508077],[76.3683543,10.1506571],[76.367957,10.1505513],[76.3678995,10.1505474],[76.3676248,10.1505288],[76.3665691,10.1505317],[76.3654461,10.1505449],[76.3647459,10.1505],[76.3641043,10.1504198],[76.3605518,10.1498043],[76.3598575,10.1496921],[76.3595123,10.1496665],[76.3592355,10.1496921],[76.3589424,10.1497659],[76.3586949,10.1498813],[76.358606,10.1499364],[76.3584311,10.1500448],[76.3582031,10.1502467],[76.3580175,10.1504615],[76.3578221,10.1507468],[76.357174,10.151731],[76.3569037,10.1520323],[76.3566725,10.1522407],[76.3563696,10.1524298],[76.3560211,10.1526062],[76.3556543,10.152741],[76.3553105,10.1528373],[76.3549068,10.1529148],[76.3548193,10.1529299]]},"properties":{"id":"osm-way-735398507","kind":"route","name":"Airport Road","description":"OpenStreetMap primary road segment","class":"primary","osm_id":"735398507","highway":"primary","bridge":null,"tunnel":null,"source":"OpenStreetMap","is_simulated":false}},{"type":"Feature","id":"osm-way-53020815","geometry":{"type":"LineString","coordinates":[[76.3548348,10.1530462],[76.3549185,10.1530307],[76.355132,10.1529825],[76.3552875,10.152952],[76.3556507,10.152843],[76.3557721,10.1528018],[76.3558405,10.1527785],[76.3559686,10.1527349],[76.3562885,10.1525774],[76.3566056,10.1523956],[76.3568427,10.1522327],[76.3570192,10.152059],[76.3571792,10.1518717],[76.3579872,10.1506284],[76.3581609,10.1504031],[76.3583015,10.1502457],[76.3584504,10.1501371],[76.3586462,10.1500096],[76.3588586,10.1498983],[76.3590709,10.149825],[76.3592888,10.1497815],[76.3595645,10.1497734],[76.3598375,10.1497924],[76.3604938,10.1499037],[76.3639712,10.1505063],[76.3642154,10.1505463],[76.364451,10.150585],[76.3651404,10.150642],[76.3654272,10.1506502],[76.366114,10.1506399],[76.3665288,10.1506337],[76.3676057,10.1506339],[76.367829,10.1506537],[76.3678679,10.1506571],[76.3679725,10.1506664],[76.3682593,10.150737],[76.3685764,10.1508673],[76.3687528,10.1509585],[76.3689489,10.1510722],[76.3692126,10.1512774],[76.3692791,10.1513461],[76.3694421,10.1515145],[76.3699718,10.1521757],[76.3702475,10.152439],[76.370515,10.1526534],[76.3708542,10.1528733],[76.3711465,10.153028],[76.371301,10.1530829],[76.3714829,10.1531475],[76.3717718,10.1532039],[76.3732514,10.1534113],[76.3739061,10.1535314],[76.3743815,10.15363],[76.3747877,10.1537655],[76.3750769,10.1539146],[76.3753297,10.1540611],[76.3754142,10.1541179],[76.3755489,10.1542159],[76.3757172,10.1543382],[76.3757738,10.1543993],[76.3759306,10.1545686],[76.376175,10.1548939],[76.3761859,10.1549091],[76.3771045,10.1561951],[76.3773297,10.1564499],[76.3777482,10.1568355],[76.3783116,10.1572202],[76.3785904,10.1573732]]},"properties":{"id":"osm-way-53020815","kind":"route","name":"Airport Road","description":"OpenStreetMap primary road segment","class":"primary","osm_id":"53020815","highway":"primary","bridge":null,"tunnel":null,"source":"OpenStreetMap","is_simulated":false}},{"type":"Feature","id":"osm-way-1368699900","geometry":{"type":"LineString","coordinates":[[76.3158463,10.0077266],[76.3157748,10.007763]]},"properties":{"id":"osm-way-1368699900","kind":"route","name":"Unnamed primary road · OSM 1368699900","description":"OpenStreetMap primary link road segment","class":"primary","osm_id":"1368699900","highway":"primary_link","bridge":null,"tunnel":null,"source":"OpenStreetMap","is_simulated":false}},{"type":"Feature","id":"osm-way-1429268463","geometry":{"type":"LineString","coordinates":[[76.3470067,10.0037658],[76.3468307,10.0039565]]},"properties":{"id":"osm-way-1429268463","kind":"route","name":"Unnamed primary road · OSM 1429268463","description":"OpenStreetMap primary road segment","class":"primary","osm_id":"1429268463","highway":"primary","bridge":null,"tunnel":null,"source":"OpenStreetMap","is_simulated":false}},{"type":"Feature","id":"osm-way-1079924608","geometry":{"type":"LineString","coordinates":[[76.3024631,10.0133763],[76.3025875,10.0134102]]},"properties":{"id":"osm-way-1079924608","kind":"route","name":"Unnamed primary road · OSM 1079924608","description":"OpenStreetMap primary link road segment","class":"primary","osm_id":"1079924608","highway":"primary_link","bridge":null,"tunnel":null,"source":"OpenStreetMap","is_simulated":false}},{"type":"Feature","id":"osm-way-1070233848","geometry":{"type":"LineString","coordinates":[[76.3692791,10.1513461],[76.3693766,10.1512582]]},"properties":{"id":"osm-way-1070233848","kind":"route","name":"Unnamed primary road · OSM 1070233848","description":"OpenStreetMap primary link road segment","class":"primary","osm_id":"1070233848","highway":"primary_link","bridge":null,"tunnel":null,"source":"OpenStreetMap","is_simulated":false}},{"type":"Feature","id":"osm-way-1030370665","geometry":{"type":"LineString","coordinates":[[76.313362,10.0051713],[76.3139813,10.0053857],[76.3144639,10.005537],[76.3145427,10.0055679],[76.3152677,10.0058768],[76.3153777,10.005981],[76.3154293,10.0060704],[76.3154525,10.0062038],[76.3154885,10.0064644],[76.3155077,10.0067419],[76.3155542,10.0071165],[76.3155687,10.0072329]]},"properties":{"id":"osm-way-1030370665","kind":"route","name":"Palarivattom - Kakkanad Road","description":"OpenStreetMap primary road segment","class":"primary","osm_id":"1030370665","highway":"primary","bridge":null,"tunnel":null,"source":"OpenStreetMap","is_simulated":false}},{"type":"Feature","id":"osm-way-46513046","geometry":{"type":"LineString","coordinates":[[76.3436746,10.0084027],[76.3437741,10.0082685],[76.3442512,10.0076054],[76.3446753,10.0070102],[76.3448531,10.0067214],[76.3449836,10.006512],[76.3454965,10.0057648],[76.3458192,10.005311],[76.3462617,10.0047787],[76.3465751,10.0044085],[76.3467484,10.0042153],[76.3468647,10.0040907],[76.3470942,10.00385],[76.347418,10.0035802],[76.347927,10.003182],[76.3489382,10.0023763],[76.349133,10.0022124],[76.3493209,10.0020336],[76.3494583,10.0018569],[76.3495794,10.0016331],[76.3496655,10.001442],[76.3497489,10.0012272],[76.3498173,10.0009015],[76.3499408,10.0002363],[76.3500031,9.9998525],[76.3500398,9.9996832],[76.3501533,9.9992891],[76.3502884,9.9989207],[76.3504032,9.9987083],[76.350627,9.9983109],[76.3507488,9.9980839],[76.3509299,9.9977623]]},"properties":{"id":"osm-way-46513046","kind":"route","name":"Seaport Airport Road","description":"OpenStreetMap primary road segment","class":"primary","osm_id":"46513046","highway":"primary","bridge":null,"tunnel":null,"source":"OpenStreetMap","is_simulated":false}},{"type":"Feature","id":"osm-way-1368705266","geometry":{"type":"LineString","coordinates":[[76.3145674,10.005511],[76.3145427,10.0055679]]},"properties":{"id":"osm-way-1368705266","kind":"route","name":"Unnamed primary road · OSM 1368705266","description":"OpenStreetMap primary link road segment","class":"primary","osm_id":"1368705266","highway":"primary_link","bridge":null,"tunnel":null,"source":"OpenStreetMap","is_simulated":false}},{"type":"Feature","id":"osm-way-1050150849","geometry":{"type":"LineString","coordinates":[[76.3033755,10.0102729],[76.3034808,10.0102994]]},"properties":{"id":"osm-way-1050150849","kind":"route","name":"Unnamed primary road · OSM 1050150849","description":"OpenStreetMap primary road segment","class":"primary","osm_id":"1050150849","highway":"primary","bridge":null,"tunnel":null,"source":"OpenStreetMap","is_simulated":false}},{"type":"Feature","id":"osm-way-799585108","geometry":{"type":"LineString","coordinates":[[76.3039921,10.0085158],[76.3038845,10.0088151],[76.3036886,10.0093816],[76.3036362,10.0094919],[76.3035058,10.0098824],[76.3033755,10.0102729],[76.303265,10.0106039],[76.303049,10.0113703],[76.3026904,10.0126575],[76.3024631,10.0133763]]},"properties":{"id":"osm-way-799585108","kind":"route","name":"Old NH 47","description":"OpenStreetMap primary road segment","class":"primary","osm_id":"799585108","highway":"primary","bridge":null,"tunnel":null,"source":"OpenStreetMap","is_simulated":false}},{"type":"Feature","id":"osm-way-901672721","geometry":{"type":"LineString","coordinates":[[76.3147165,10.0055636],[76.3145674,10.005511],[76.3143782,10.0054442],[76.3139291,10.0052857]]},"properties":{"id":"osm-way-901672721","kind":"route","name":"Palarivattom - Kakkanad Road","description":"OpenStreetMap primary road segment","class":"primary","osm_id":"901672721","highway":"primary","bridge":null,"tunnel":null,"source":"OpenStreetMap","is_simulated":false}},{"type":"Feature","id":"osm-way-901672718","geometry":{"type":"LineString","coordinates":[[76.3131576,10.0051142],[76.313362,10.0051713]]},"properties":{"id":"osm-way-901672718","kind":"route","name":"Civil Line Road","description":"OpenStreetMap primary road segment","class":"primary","osm_id":"901672718","highway":"primary","bridge":null,"tunnel":null,"source":"OpenStreetMap","is_simulated":false}},{"type":"Feature","id":"osm-way-1292804701","geometry":{"type":"LineString","coordinates":[[76.3131194,10.0053283],[76.313171,10.0052411],[76.3132033,10.0052047],[76.3132788,10.0051804],[76.313362,10.0051713]]},"properties":{"id":"osm-way-1292804701","kind":"route","name":"Unnamed primary road · OSM 1292804701","description":"OpenStreetMap primary link road segment","class":"primary","osm_id":"1292804701","highway":"primary_link","bridge":null,"tunnel":null,"source":"OpenStreetMap","is_simulated":false}},{"type":"Feature","id":"osm-way-1089037750","geometry":{"type":"LineString","coordinates":[[76.3139291,10.0052857],[76.3133017,10.0050802],[76.3132761,10.0050737],[76.3131677,10.0050506]]},"properties":{"id":"osm-way-1089037750","kind":"route","name":"Palarivattom - Kakkanad Road","description":"OpenStreetMap primary road segment","class":"primary","osm_id":"1089037750","highway":"primary","bridge":null,"tunnel":null,"source":"OpenStreetMap","is_simulated":false}},{"type":"Feature","id":"osm-way-1292804699","geometry":{"type":"LineString","coordinates":[[76.3126384,10.0050309],[76.3127216,10.0050656],[76.3128135,10.0051188],[76.3128421,10.005149],[76.3128739,10.0052093]]},"properties":{"id":"osm-way-1292804699","kind":"route","name":"Unnamed primary road · OSM 1292804699","description":"OpenStreetMap primary link road segment","class":"primary","osm_id":"1292804699","highway":"primary_link","bridge":null,"tunnel":null,"source":"OpenStreetMap","is_simulated":false}},{"type":"Feature","id":"osm-way-1008167392","geometry":{"type":"LineString","coordinates":[[76.3023527,10.0142562],[76.3024637,10.0138307],[76.3025875,10.0134102],[76.3027256,10.012936],[76.3028425,10.0125319],[76.3033835,10.0106203],[76.3034808,10.0102994],[76.3035025,10.0102401],[76.3037708,10.0095275],[76.3038487,10.0093045],[76.3039915,10.0088781],[76.3042809,10.0080397],[76.3043511,10.0078925],[76.3044692,10.0075388],[76.3048215,10.0065753],[76.3049869,10.006087],[76.3050174,10.0059878],[76.3050691,10.0057911],[76.305101,10.0056546],[76.305177,10.0053162]]},"properties":{"id":"osm-way-1008167392","kind":"route","name":"Old NH 47","description":"OpenStreetMap primary road segment","class":"primary","osm_id":"1008167392","highway":"primary","bridge":null,"tunnel":null,"source":"OpenStreetMap","is_simulated":false}},{"type":"Feature","id":"osm-way-1292804700","geometry":{"type":"LineString","coordinates":[[76.3129345,10.0048412],[76.3129021,10.0048861],[76.312856,10.0049367],[76.3128064,10.0049661],[76.3127311,10.0049804],[76.312701,10.0049841]]},"properties":{"id":"osm-way-1292804700","kind":"route","name":"Unnamed primary road · OSM 1292804700","description":"OpenStreetMap primary link road segment","class":"primary","osm_id":"1292804700","highway":"primary_link","bridge":null,"tunnel":null,"source":"OpenStreetMap","is_simulated":false}},{"type":"Feature","id":"osm-way-1307454196","geometry":{"type":"LineString","coordinates":[[76.350838,9.9977689],[76.3505605,9.9982591],[76.3503139,9.9986822],[76.3501304,9.9990487],[76.3500491,9.9992608],[76.3499347,9.9996486],[76.3498987,9.9998326],[76.3498424,10.0001392],[76.3498277,10.0002195],[76.3498181,10.000273],[76.3497412,10.0006751],[76.3496216,10.0011842],[76.3495436,10.0013884],[76.3494473,10.0015901],[76.3493204,10.0018129],[76.3492091,10.0019689],[76.349006,10.0021548],[76.3488097,10.0023129],[76.3483791,10.0026417],[76.3476409,10.0032613],[76.3470067,10.0037658]]},"properties":{"id":"osm-way-1307454196","kind":"route","name":"Unnamed primary road · OSM 1307454196","description":"OpenStreetMap primary road segment","class":"primary","osm_id":"1307454196","highway":"primary","bridge":null,"tunnel":null,"source":"OpenStreetMap","is_simulated":false}},{"type":"Feature","id":"osm-way-1017814921","geometry":{"type":"LineString","coordinates":[[76.4071061,10.0368722],[76.4070989,10.0367167],[76.4070928,10.0365698],[76.407086,10.0364058],[76.406952,10.0352102],[76.4069037,10.0346946],[76.4068919,10.0339868]]},"properties":{"id":"osm-way-1017814921","kind":"route","name":"Kizhakkambalam-Ernakulam Road","description":"OpenStreetMap primary road segment","class":"primary","osm_id":"1017814921","highway":"primary","bridge":null,"tunnel":null,"source":"OpenStreetMap","is_simulated":false}},{"type":"Feature","id":"osm-way-1155875032","geometry":{"type":"LineString","coordinates":[[76.3129087,10.0050138],[76.312701,10.0049841],[76.3125733,10.0049628],[76.3121264,10.0048981],[76.3120181,10.004886],[76.3117766,10.0048485],[76.3116167,10.004804]]},"properties":{"id":"osm-way-1155875032","kind":"route","name":"Civil Line Road","description":"OpenStreetMap primary road segment","class":"primary","osm_id":"1155875032","highway":"primary","bridge":null,"tunnel":null,"source":"OpenStreetMap","is_simulated":false}},{"type":"Feature","id":"osm-way-1017814911","geometry":{"type":"LineString","coordinates":[[76.4079731,10.036426],[76.4078641,10.0364853],[76.4078011,10.0365692],[76.4077581,10.0366264],[76.4076016,10.036838],[76.4073719,10.0368663],[76.4072139,10.0368762],[76.4071061,10.0368722]]},"properties":{"id":"osm-way-1017814911","kind":"route","name":"Kizhakkambalam-Ernakulam Road","description":"OpenStreetMap primary road segment","class":"primary","osm_id":"1017814911","highway":"primary","bridge":null,"tunnel":null,"source":"OpenStreetMap","is_simulated":false}},{"type":"Feature","id":"osm-way-180241331","geometry":{"type":"LineString","coordinates":[[76.309152,10.004041],[76.3097138,10.0042509],[76.3104935,10.0045677],[76.3109011,10.0046792],[76.3117942,10.0049166],[76.3121179,10.0049489],[76.3126384,10.0050309],[76.3128973,10.0050679]]},"properties":{"id":"osm-way-180241331","kind":"route","name":"Civil Line Road","description":"OpenStreetMap primary road segment","class":"primary","osm_id":"180241331","highway":"primary","bridge":null,"tunnel":null,"source":"OpenStreetMap","is_simulated":false}},{"type":"Feature","id":"osm-way-1040439662","geometry":{"type":"LineString","coordinates":[[76.3500173,10.0002426],[76.3499408,10.0002363],[76.3498277,10.0002195]]},"properties":{"id":"osm-way-1040439662","kind":"route","name":"Unnamed primary road · OSM 1040439662","description":"OpenStreetMap primary link road segment","class":"primary","osm_id":"1040439662","highway":"primary_link","bridge":null,"tunnel":null,"source":"OpenStreetMap","is_simulated":false}},{"type":"Feature","id":"osm-way-1017814913","geometry":{"type":"LineString","coordinates":[[76.4068919,10.0339868],[76.4068524,10.033936],[76.4068121,10.0337329],[76.4068902,10.0332626],[76.4073605,10.0319748]]},"properties":{"id":"osm-way-1017814913","kind":"route","name":"Kizhakkambalam-Ernakulam Road","description":"OpenStreetMap primary road segment","class":"primary","osm_id":"1017814913","highway":"primary","bridge":null,"tunnel":null,"source":"OpenStreetMap","is_simulated":false}},{"type":"Feature","id":"osm-way-1008167393","geometry":{"type":"LineString","coordinates":[[76.3050803,10.0052421],[76.3050664,10.0053406],[76.3050414,10.0054986],[76.3049683,10.0057256],[76.3049155,10.0058657],[76.3048973,10.0059028],[76.3046827,10.006561],[76.3045922,10.006825],[76.3044637,10.0072018],[76.304363,10.0074559],[76.3041662,10.0080027],[76.3040683,10.0082992],[76.3039921,10.0085158]]},"properties":{"id":"osm-way-1008167393","kind":"route","name":"Old NH 47","description":"OpenStreetMap primary road segment","class":"primary","osm_id":"1008167393","highway":"primary","bridge":null,"tunnel":null,"source":"OpenStreetMap","is_simulated":false}},{"type":"Feature","id":"osm-way-789185255","geometry":{"type":"LineString","coordinates":[[76.4106303,10.0374386],[76.410541,10.0373771],[76.4102085,10.037236],[76.4097729,10.0371146],[76.4095006,10.0370243],[76.4093315,10.0368776],[76.4092112,10.0366715],[76.4090679,10.0366095],[76.4089069,10.0365806],[76.4086437,10.0365333],[76.4082998,10.0364655],[76.408125,10.0364091],[76.4079731,10.036426]]},"properties":{"id":"osm-way-789185255","kind":"route","name":"Kizhakkambalam-Ernakulam Road","description":"OpenStreetMap primary road segment","class":"primary","osm_id":"789185255","highway":"primary","bridge":null,"tunnel":null,"source":"OpenStreetMap","is_simulated":false}},{"type":"Feature","id":"osm-way-901672719","geometry":{"type":"LineString","coordinates":[[76.3116167,10.004804],[76.3114961,10.0047706],[76.3111999,10.004688],[76.3107619,10.004565],[76.3104709,10.004464],[76.3100622,10.004317],[76.3097383,10.0041823],[76.3094198,10.0040707],[76.3090592,10.0039033],[76.3085319,10.0037057],[76.308328,10.0036293],[76.3081049,10.0035358],[76.3079348,10.0034597],[76.3075778,10.0033047],[76.3072015,10.0030812],[76.3067235,10.0027632],[76.3062902,10.0024833]]},"properties":{"id":"osm-way-901672719","kind":"route","name":"Civil Line Road","description":"OpenStreetMap primary road segment","class":"primary","osm_id":"901672719","highway":"primary","bridge":null,"tunnel":null,"source":"OpenStreetMap","is_simulated":false}},{"type":"Feature","id":"osm-way-1008167391","geometry":{"type":"LineString","coordinates":[[76.305177,10.0053162],[76.3051997,10.0051689],[76.30521,10.0049973]]},"properties":{"id":"osm-way-1008167391","kind":"route","name":"Old NH 47","description":"OpenStreetMap primary road segment","class":"primary","osm_id":"1008167391","highway":"primary","bridge":null,"tunnel":null,"source":"OpenStreetMap","is_simulated":false}},{"type":"Feature","id":"osm-way-1349727083","geometry":{"type":"LineString","coordinates":[[76.3084994,10.0037819],[76.3085319,10.0037057]]},"properties":{"id":"osm-way-1349727083","kind":"route","name":"Unnamed primary road · OSM 1349727083","description":"OpenStreetMap primary link road segment","class":"primary","osm_id":"1349727083","highway":"primary_link","bridge":null,"tunnel":null,"source":"OpenStreetMap","is_simulated":false}},{"type":"Feature","id":"osm-way-800398429","geometry":{"type":"LineString","coordinates":[[76.4112962,10.0375363],[76.4108031,10.0374635],[76.4106303,10.0374386]]},"properties":{"id":"osm-way-800398429","kind":"route","name":"kizhakkambalam-ernakulam road","description":"OpenStreetMap primary road segment","class":"primary","osm_id":"800398429","highway":"primary","bridge":null,"tunnel":null,"source":"OpenStreetMap","is_simulated":false}},{"type":"Feature","id":"osm-way-1134697127","geometry":{"type":"LineString","coordinates":[[76.306238,10.0026318],[76.3066967,10.002845],[76.3070497,10.003075],[76.3075741,10.0033857],[76.3079047,10.0035432],[76.308224,10.0036702],[76.3084994,10.0037819],[76.3087691,10.0038912],[76.3089831,10.0039752],[76.309152,10.004041]]},"properties":{"id":"osm-way-1134697127","kind":"route","name":"Civil Line Road","description":"OpenStreetMap primary road segment","class":"primary","osm_id":"1134697127","highway":"primary","bridge":null,"tunnel":null,"source":"OpenStreetMap","is_simulated":false}},{"type":"Feature","id":"osm-way-1011679144","geometry":{"type":"LineString","coordinates":[[76.3050873,10.0046171],[76.3051177,10.0048182],[76.3051088,10.0049972],[76.3050803,10.0052421]]},"properties":{"id":"osm-way-1011679144","kind":"route","name":"Old NH 47","description":"OpenStreetMap primary road segment","class":"primary","osm_id":"1011679144","highway":"primary","bridge":null,"tunnel":null,"source":"OpenStreetMap","is_simulated":false}},{"type":"Feature","id":"osm-way-789185256","geometry":{"type":"LineString","coordinates":[[76.4073605,10.0319748],[76.4073979,10.0319119]]},"properties":{"id":"osm-way-789185256","kind":"route","name":"Ernakulam - Thekkady Road","description":"OpenStreetMap primary road segment","class":"primary","osm_id":"789185256","highway":"primary","bridge":"yes","tunnel":null,"source":"OpenStreetMap","is_simulated":false}},{"type":"Feature","id":"osm-way-46513431","geometry":{"type":"LineString","coordinates":[[76.30521,10.0049973],[76.3052708,10.0045993]]},"properties":{"id":"osm-way-46513431","kind":"route","name":"Old NH 47","description":"OpenStreetMap primary road segment","class":"primary","osm_id":"46513431","highway":"primary","bridge":null,"tunnel":null,"source":"OpenStreetMap","is_simulated":false}},{"type":"Feature","id":"osm-way-1011679143","geometry":{"type":"LineString","coordinates":[[76.3052708,10.0045993],[76.3052994,10.0045428],[76.3053214,10.0044304]]},"properties":{"id":"osm-way-1011679143","kind":"route","name":"Old NH 47","description":"OpenStreetMap primary road segment","class":"primary","osm_id":"1011679143","highway":"primary","bridge":null,"tunnel":null,"source":"OpenStreetMap","is_simulated":false}},{"type":"Feature","id":"osm-way-1018776644","geometry":{"type":"LineString","coordinates":[[76.4121252,10.0376048],[76.4119882,10.037572],[76.4115084,10.0375341],[76.4112962,10.0375363]]},"properties":{"id":"osm-way-1018776644","kind":"route","name":"kizhakkambalam-ernakulam road","description":"OpenStreetMap primary road segment","class":"primary","osm_id":"1018776644","highway":"primary","bridge":null,"tunnel":null,"source":"OpenStreetMap","is_simulated":false}},{"type":"Feature","id":"osm-way-1019957329","geometry":{"type":"LineString","coordinates":[[76.3509299,9.9977623],[76.3511062,9.9974033],[76.3511798,9.9972198],[76.3512719,9.9969669],[76.3513687,9.9966525],[76.3514025,9.9964915]]},"properties":{"id":"osm-way-1019957329","kind":"route","name":"Seaport Airport Road","description":"OpenStreetMap primary road segment","class":"primary","osm_id":"1019957329","highway":"primary","bridge":null,"tunnel":null,"source":"OpenStreetMap","is_simulated":false}},{"type":"Feature","id":"osm-way-1307454197","geometry":{"type":"LineString","coordinates":[[76.3513984,9.9963865],[76.3513619,9.9964295],[76.3512557,9.9968275],[76.3511171,9.9971914],[76.350838,9.9977689]]},"properties":{"id":"osm-way-1307454197","kind":"route","name":"Unnamed primary road · OSM 1307454197","description":"OpenStreetMap primary road segment","class":"primary","osm_id":"1307454197","highway":"primary","bridge":null,"tunnel":null,"source":"OpenStreetMap","is_simulated":false}},{"type":"Feature","id":"osm-way-24952198","geometry":{"type":"LineString","coordinates":[[76.3053214,10.0044304],[76.3053467,10.0042531],[76.3053569,10.0040619],[76.3053622,10.0040438],[76.3053809,10.0038632],[76.3053823,10.0038498],[76.3054245,10.0036577],[76.3054423,10.0036073],[76.3055082,10.00342],[76.3055851,10.0032017],[76.3056496,10.0030508],[76.3057423,10.0029084],[76.3058403,10.0027492],[76.3059287,10.0026918],[76.3059597,10.0026673],[76.3060005,10.0026351],[76.3060906,10.0025692]]},"properties":{"id":"osm-way-24952198","kind":"route","name":"Old NH 47","description":"OpenStreetMap primary road segment","class":"primary","osm_id":"24952198","highway":"primary","bridge":null,"tunnel":null,"source":"OpenStreetMap","is_simulated":false}},{"type":"Feature","id":"osm-way-236001256","geometry":{"type":"LineString","coordinates":[[76.30521,10.0049973],[76.3052047,10.00478],[76.3051876,10.0046386],[76.3051566,10.0044695],[76.3050835,10.0041624],[76.3049894,10.0039088],[76.3049664,10.0038467],[76.304912,10.0037047],[76.3049068,10.0036911],[76.304845,10.0035406],[76.304718,10.0032602],[76.3045603,10.0029899],[76.3043685,10.0027264],[76.3041604,10.0024899],[76.3037245,10.0020304],[76.3035012,10.0018521],[76.3034302,10.0017953]]},"properties":{"id":"osm-way-236001256","kind":"route","name":"Old NH 47","description":"OpenStreetMap primary road segment","class":"primary","osm_id":"236001256","highway":"primary","bridge":null,"tunnel":null,"source":"OpenStreetMap","is_simulated":false}},{"type":"Feature","id":"osm-way-800762121","geometry":{"type":"LineString","coordinates":[[76.4073979,10.0319119],[76.4074231,10.0318428],[76.4077664,10.0312089],[76.4078723,10.0310961],[76.408044,10.0309131],[76.4081253,10.030822],[76.4080869,10.0306133],[76.4080091,10.0305156],[76.4075061,10.0300384],[76.4073066,10.0298026],[76.4067755,10.028426]]},"properties":{"id":"osm-way-800762121","kind":"route","name":"Ernakulam - Thekkady Road","description":"OpenStreetMap primary road segment","class":"primary","osm_id":"800762121","highway":"primary","bridge":null,"tunnel":null,"source":"OpenStreetMap","is_simulated":false}},{"type":"Feature","id":"osm-way-1017814922","geometry":{"type":"LineString","coordinates":[[76.4067755,10.028426],[76.406688,10.0282018],[76.4064964,10.0280132],[76.405834,10.0278638],[76.4056264,10.0277066],[76.4053706,10.0272003],[76.4051874,10.0266613],[76.4046367,10.0260403],[76.4040454,10.0255287],[76.4038916,10.0253062],[76.4038139,10.0251735],[76.4035382,10.024703],[76.4034516,10.0245591]]},"properties":{"id":"osm-way-1017814922","kind":"route","name":"Ernakulam - Thekkady Road","description":"OpenStreetMap primary road segment","class":"primary","osm_id":"1017814922","highway":"primary","bridge":null,"tunnel":null,"source":"OpenStreetMap","is_simulated":false}},{"type":"Feature","id":"osm-way-257447131","geometry":{"type":"LineString","coordinates":[[76.3033146,10.0018537],[76.3034259,10.0019135],[76.3035281,10.0019947],[76.3038096,10.0022312],[76.304102,10.00253],[76.3043195,10.002773],[76.3045137,10.0030389],[76.304683,10.0033571],[76.3047389,10.0034952],[76.3047913,10.0036135],[76.3048725,10.0038459],[76.3049401,10.004041],[76.3049731,10.0041399],[76.3050527,10.0043902],[76.3050817,10.0045368],[76.3050873,10.0046171]]},"properties":{"id":"osm-way-257447131","kind":"route","name":"Old NH 47","description":"OpenStreetMap primary road segment","class":"primary","osm_id":"257447131","highway":"primary","bridge":null,"tunnel":null,"source":"OpenStreetMap","is_simulated":false}},{"type":"Feature","id":"osm-way-1327318332","geometry":{"type":"LineString","coordinates":[[76.3514025,9.9964915],[76.351413,9.9964433],[76.3513984,9.9963865]]},"properties":{"id":"osm-way-1327318332","kind":"route","name":"Unnamed primary road · OSM 1327318332","description":"OpenStreetMap primary road segment","class":"primary","osm_id":"1327318332","highway":"primary","bridge":null,"tunnel":null,"source":"OpenStreetMap","is_simulated":false}},{"type":"Feature","id":"osm-way-1008167389","geometry":{"type":"LineString","coordinates":[[76.3061671,10.0026379],[76.306238,10.0026318]]},"properties":{"id":"osm-way-1008167389","kind":"route","name":"Unnamed primary road · OSM 1008167389","description":"OpenStreetMap primary road segment","class":"primary","osm_id":"1008167389","highway":"primary","bridge":null,"tunnel":null,"source":"OpenStreetMap","is_simulated":false}},{"type":"Feature","id":"osm-way-890087244","geometry":{"type":"LineString","coordinates":[[76.306238,10.0026318],[76.3062834,10.0025948],[76.3063026,10.00254],[76.3062902,10.0024833]]},"properties":{"id":"osm-way-890087244","kind":"route","name":"Unnamed primary road · OSM 890087244","description":"OpenStreetMap primary road segment","class":"primary","osm_id":"890087244","highway":"primary","bridge":null,"tunnel":null,"source":"OpenStreetMap","is_simulated":false}},{"type":"Feature","id":"osm-way-1008167390","geometry":{"type":"LineString","coordinates":[[76.3060906,10.0025692],[76.3061201,10.002613],[76.3061671,10.0026379]]},"properties":{"id":"osm-way-1008167390","kind":"route","name":"Unnamed primary road · OSM 1008167390","description":"OpenStreetMap primary road segment","class":"primary","osm_id":"1008167390","highway":"primary","bridge":null,"tunnel":null,"source":"OpenStreetMap","is_simulated":false}},{"type":"Feature","id":"osm-way-1309309597","geometry":{"type":"LineString","coordinates":[[76.3513984,9.9963865],[76.3513999,9.9963768],[76.3514185,9.9962615],[76.3515131,9.9954174]]},"properties":{"id":"osm-way-1309309597","kind":"route","name":"Seaport Airport Road","description":"OpenStreetMap primary road segment","class":"primary","osm_id":"1309309597","highway":"primary","bridge":null,"tunnel":null,"source":"OpenStreetMap","is_simulated":false}}],"description":"Bounded application subset; the complete imported snapshot is osm-baseline.geojson"}
